0.000000,0.000000,0.789048,-0.009724,-0.028314,-0.950682,0.308719,0.112512,-0.071969,0.096081,0.031532,-0.205711,0.056349,0.046381,-0.036813,-0.068526,0.150962,-0.102942,0.121526,-0.063593,-0.016171,0.060771,0.114150,0.226759,-0.241336,1.056212,-0.065967,-0.050460,-0.102551,0.037956,-0.186608,0.139183,1.095762,0.332012,-0.037496,0.011152
-0.000029,0.000299,0.788964,-0.008224,-0.025494,-0.950285,0.310226,0.104667,-0.066488,0.091082,0.035310,-0.206032,0.056141,0.031769,-0.032116,-0.069728,0.169690,-0.109595,0.113983,-0.063655,-0.009250,0.074959,0.037565,0.225170,-0.232814,1.123204,-0.077808,-0.054974,-0.132515,-0.031723,-0.196399,0.127006,1.157631,0.348284,-0.031901,0.033128
-0.000785,-0.000305,0.788855,-0.008311,-0.026011,-0.950160,0.310563,0.107037,-0.067902,0.088862,0.034673,-0.207751,0.058292,0.031007,-0.034144,-0.070912,0.174976,-0.114192,0.119502,-0.058672,-0.010628,0.080332,0.020489,0.222329,-0.235078,1.139402,-0.078808,-0.064339,-0.127885,-0.038014,-0.197288,0.121001,1.165757,0.356999,-0.036811,0.032507
-0.002482,-0.000576,0.788835,-0.008195,-0.026719,-0.949918,0.311246,0.111508,-0.068395,0.088519,0.030542,-0.205743,0.055846,0.032932,-0.035438,-0.072331,0.176400,-0.112415,0.119443,-0.061902,-0.012518,0.079026,0.031406,0.226466,-0.254266,1.135787,-0.055761,-0.073855,-0.133924,-0.037454,-0.196536,0.123691,1.168795,0.351267,-0.038220,0.031233
-0.003766,-0.000639,0.788424,-0.007616,-0.027134,-0.949772,0.311670,0.112390,-0.069104,0.088034,0.029686,-0.208501,0.054569,0.032820,-0.035776,-0.072962,0.178875,-0.118529,0.125076,-0.055628,-0.019423,0.085886,0.023576,0.231234,-0.253996,1.131203,-0.047210,-0.103786,-0.110933,-0.037276,-0.193839,0.115257,1.163992,0.351924,-0.045126,0.025494
-0.005059,-0.000896,0.788467,-0.006476,-0.026639,-0.950121,0.310676,0.112362,-0.067993,0.088815,0.027843,-0.207688,0.056541,0.030823,-0.034327,-0.071559,0.179557,-0.116256,0.121308,-0.053228,-0.019652,0.081261,0.017791,0.233187,-0.249780,1.147434,-0.039089,-0.069313,-0.179155,-0.036297,-0.194799,0.113857,1.167057,0.346014,-0.040422,0.047870
-0.006243,-0.000866,0.788543,-0.005638,-0.025751,-0.950648,0.309149,0.112116,-0.065254,0.091318,0.026681,-0.207268,0.055331,0.029190,-0.031523,-0.070098,0.180982,-0.118829,0.112641,-0.051256,-0.018239,0.081757,0.022011,0.228866,-0.258535,1.140018,-0.091234,-0.044530,-0.238919,-0.039373,-0.197183,0.117239,1.167431,0.353055,-0.033906,0.057636
-0.007571,-0.000795,0.788337,-0.005451,-0.026893,-0.950402,0.309812,0.113497,-0.066382,0.090828,0.027916,-0.208552,0.050735,0.033545,-0.032470,-0.069536,0.175016,-0.118663,0.122617,-0.052940,-0.022745,0.083386,0.018138,0.240510,-0.257819,1.133607,-0.032088,-0.090349,-0.129303,-0.039102,-0.193671,0.116159,1.164923,0.345548,-0.043858,0.031385
-0.008573,-0.001462,0.788366,-0.004749,-0.027148,-0.950665,0.308993,0.114578,-0.067686,0.090430,0.026795,-0.208419,0.054173,0.036298,-0.033837,-0.062382,0.171117,-0.119105,0.130656,-0.053159,-0.021440,0.082018,0.024262,0.231470,-0.263597,1.134503,-0.082798,-0.055291,-0.240020,-0.039272,-0.196392,0.116227,1.165179,0.356718,-0.037031,0.059404
-0.009745,-0.001356,0.788274,-0.003480,-0.027111,-0.951076,0.307745,0.113541,-0.066733,0.093440,0.027418,-0.210822,0.051233,0.034414,-0.032115,-0.057515,0.170649,-0.120520,0.133888,-0.048714,-0.020957,0.081237,0.012060,0.231230,-0.253181,1.141357,-0.066527,-0.065986,-0.185887,-0.038605,-0.197991,0.117227,1.162632,0.356667,-0.040358,0.046356
-0.010424,-0.001783,0.788381,-0.001274,-0.026217,-0.951153,0.307603,0.106826,-0.066291,0.092062,0.033318,-0.214273,0.056094,0.029231,-0.031726,-0.057278,0.172718,-0.123692,0.128840,-0.051912,-0.019495,0.076511,0.012747,0.231277,-0.250637,1.142522,-0.084527,-0.031613,-0.270821,-0.040191,-0.199984,0.116088,1.163761,0.353943,-0.030942,0.066266
-0.012109,-0.001890,0.788239,-0.000237,-0.025534,-0.951486,0.306630,0.107389,-0.064074,0.092430,0.030888,-0.214732,0.049122,0.027219,-0.029261,-0.056197,0.175847,-0.127993,0.129348,-0.053823,-0.019142,0.079074,0.014150,0.236565,-0.262711,1.130341,-0.025103,-0.070840,-0.142363,-0.041205,-0.197949,0.120455,1.157082,0.346554,-0.041664,0.035707
-0.014004,-0.001872,0.788125,0.000943,-0.025544,-0.951658,0.306096,0.109488,-0.063138,0.093889,0.026911,-0.214828,0.044481,0.023673,-0.029784,-0.059331,0.183768,-0.138920,0.126033,-0.056581,-0.019462,0.079602,0.015632,0.239185,-0.261286,1.135440,-0.034526,-0.093946,-0.128766,-0.042095,-0.197070,0.123031,1.155735,0.353381,-0.044147,0.030865
-0.015834,-0.002349,0.787995,0.002423,-0.024878,-0.951488,0.306670,0.108938,-0.061637,0.093250,0.025323,-0.214664,0.042413,0.019589,-0.028880,-0.061908,0.193776,-0.159515,0.125875,-0.063759,-0.017237,0.079680,0.015759,0.239271,-0.262877,1.137775,-0.039942,-0.092421,-0.124626,-0.044281,-0.197131,0.128108,1.154524,0.353539,-0.043916,0.029619
-0.018433,-0.002418,0.787904,0.005639,-0.024180,-0.951658,0.306154,0.104921,-0.060079,0.094051,0.025293,-0.216949,0.042052,0.010950,-0.027018,-0.058844,0.204844,-0.175970,0.123981,-0.067147,-0.016515,0.078417,0.015033,0.239239,-0.262710,1.132671,-0.033317,-0.085827,-0.123473,-0.045018,-0.198697,0.127079,1.151470,0.350626,-0.042432,0.029359
-0.021648,-0.003145,0.787680,0.006176,-0.024171,-0.951460,0.306758,0.107345,-0.058627,0.093789,0.028693,-0.226378,0.040811,0.012779,-0.025311,-0.060443,0.209388,-0.189658,0.121880,-0.071457,-0.015384,0.081989,0.010708,0.239088,-0.248812,1.133938,-0.047034,-0.082040,-0.119588,-0.043681,-0.198397,0.126458,1.148998,0.349295,-0.038833,0.026558
-0.025705,-0.004207,0.787366,0.005765,-0.024223,-0.951406,0.306930,0.111613,-0.055719,0.093785,0.034138,-0.234475,0.038105,0.020641,-0.022298,-0.058540,0.208633,-0.196565,0.122106,-0.074379,-0.013391,0.086670,0.014418,0.243541,-0.257543,1.129742,-0.048461,-0.094049,-0.118249,-0.040505,-0.199375,0.128936,1.147068,0.347195,-0.041036,0.018788
-0.029731,-0.005193,0.787086,0.007953,-0.024822,-0.951641,0.306105,0.102607,-0.055512,0.096077,0.058044,-0.253127,0.041882,0.021778,-0.023000,-0.058085,0.209204,-0.200538,0.120254,-0.075769,-0.012761,0.085631,0.023585,0.240075,-0.258953,1.116503,-0.057165,-0.084601,-0.116574,-0.038076,-0.198861,0.125685,1.150792,0.348015,-0.037046,0.017826
-0.034401,-0.006149,0.786437,0.009985,-0.025588,-0.952747,0.302520,0.090719,-0.053228,0.105402,0.091360,-0.276182,0.044115,0.023226,-0.021900,-0.049211,0.209402,-0.201765,0.120509,-0.067794,-0.013963,0.087158,0.021555,0.245354,-0.247074,1.111974,-0.065473,-0.089096,-0.118719,-0.036653,-0.195223,0.122169,1.155938,0.347109,-0.035689,0.017361
-0.039098,-0.007683,0.785481,0.011607,-0.026138,-0.953182,0.301040,0.061744,-0.049171,0.112411,0.160287,-0.308595,0.047043,0.027434,-0.022038,-0.045604,0.208258,-0.206578,0.123402,-0.062648,-0.010797,0.089945,0.022677,0.244240,-0.240622,1.100562,-0.084471,-0.081687,-0.113691,-0.031995,-0.199930,0.125304,1.155860,0.345596,-0.029539,0.020375
-0.044015,-0.009890,0.784166,0.011025,-0.024741,-0.953579,0.299923,0.014896,-0.037040,0.118027,0.273212,-0.344160,0.046730,0.036506,-0.016934,-0.047354,0.205998,-0.211141,0.118278,-0.057140,-0.002470,0.099104,0.025243,0.245483,-0.241600,1.087775,-0.086669,-0.082346,-0.105443,-0.029726,-0.203797,0.122911,1.154812,0.342830,-0.030472,0.015485
-0.048781,-0.012094,0.782276,0.009877,-0.022264,-0.953690,0.299803,-0.050881,-0.019980,0.124081,0.422842,-0.377246,0.042373,0.047151,-0.009466,-0.046557,0.202578,-0.214257,0.115275,-0.045965,0.012412,0.111285,0.022872,0.243580,-0.249106,1.074062,-0.097002,-0.085650,-0.105195,-0.026280,-0.212514,0.127049,1.155861,0.354863,-0.033481,0.011832
-0.054310,-0.013683,0.780399,0.007349,-0.019668,-0.953765,0.299819,-0.126626,0.000633,0.123259,0.594259,-0.375709,0.013184,0.063209,0.001953,-0.042589,0.193139,-0.212955,0.108008,-0.034573,0.023490,0.131944,0.018624,0.247163,-0.243088,1.054546,-0.103767,-0.086090,-0.094426,-0.028502,-0.217197,0.136565,1.158761,0.339510,-0.036109,0.000539
-0.060731,-0.015409,0.779625,0.004114,-0.021324,-0.954870,0.296230,-0.199248,0.017170,0.128766,0.764703,-0.346330,0.005428,0.082938,0.004436,-0.037303,0.187573,-0.211392,0.099671,-0.007769,0.027094,0.150558,0.014542,0.249503,-0.243136,1.037522,-0.112833,-0.085750,-0.101119,-0.020776,-0.218771,0.133757,1.158538,0.351377,-0.035846,0.004593
-0.068415,-0.018845,0.779441,0.002574,-0.025135,-0.956291,0.291322,-0.263942,0.025751,0.139110,0.896636,-0.324981,0.008631,0.109347,-0.000111,-0.028511,0.168635,-0.212311,0.096188,0.021016,0.025029,0.164476,0.024382,0.252642,-0.250677,1.010968,-0.122426,-0.099193,-0.121653,-0.015569,-0.219553,0.133604,1.165705,0.363054,-0.035227,0.005821
-0.076697,-0.023140,0.778783,0.004174,-0.027853,-0.957382,0.287449,-0.325661,0.043928,0.167786,0.973470,-0.341164,0.019906,0.129920,-0.006092,-0.022214,0.151706,-0.217029,0.096669,0.048887,0.020375,0.168941,0.035570,0.254240,-0.246998,0.992269,-0.118272,-0.101256,-0.121763,-0.011942,-0.217502,0.129973,1.172909,0.372662,-0.035002,0.008352
-0.086086,-0.029161,0.777999,0.006248,-0.032266,-0.958209,0.284176,-0.367794,0.063050,0.211384,0.979342,-0.347015,0.026136,0.151911,-0.015610,-0.013635,0.134966,-0.216849,0.102080,0.074516,0.009386,0.173548,0.045584,0.256923,-0.243038,0.987889,-0.112721,-0.099282,-0.119876,-0.014458,-0.213822,0.127948,1.180585,0.366536,-0.033296,0.010196
-0.095362,-0.035067,0.776999,0.009987,-0.033042,-0.959678,0.278974,-0.409004,0.074993,0.240547,0.928565,-0.339666,0.023385,0.162694,-0.019403,-0.007054,0.127451,-0.223595,0.100609,0.098207,0.003956,0.170305,0.058256,0.257196,-0.246603,1.000741,-0.096914,-0.097353,-0.112420,-0.017453,-0.208302,0.133304,1.184548,0.345426,-0.031962,-0.002344
-0.105185,-0.041973,0.775837,0.012563,-0.035536,-0.961535,0.272083,-0.431043,0.068873,0.256115,0.818997,-0.325923,0.010689,0.171361,-0.027881,0.009231,0.136527,-0.238031,0.116685,0.118979,-0.001161,0.174735,0.075139,0.254268,-0.258459,1.016892,-0.078867,-0.109113,-0.100330,-0.022676,-0.203634,0.136862,1.180117,0.343099,-0.038748,-0.010986
-0.115059,-0.048756,0.774208,0.014112,-0.035529,-0.962211,0.269607,-0.447754,0.061834,0.257362,0.684170,-0.301784,0.001949,0.180761,-0.029970,0.008886,0.145391,-0.247511,0.109028,0.135965,-0.002965,0.181651,0.072233,0.248758,-0.274932,1.058636,-0.055288,-0.118188,-0.077635,-0.035574,-0.199342,0.137975,1.173860,0.350038,-0.047347,-0.006779
-0.125200,-0.057031,0.772575,0.012932,-0.039669,-0.962622,0.267614,-0.438340,0.049015,0.270950,0.519534,-0.237959,-0.006590,0.202430,-0.041329,0.015232,0.152451,-0.259684,0.125215,0.138428,-0.010383,0.196827,0.078991,0.237201,-0.269890,1.088017,-0.062535,-0.110357,-0.093999,-0.052871,-0.197522,0.148301,1.164300,0.349208,-0.052879,-0.005465
-0.136806,-0.066470,0.769998,0.015115,-0.036117,-0.963030,0.266533,-0.435086,0.046271,0.270232,0.354092,-0.152416,-0.019632,0.219472,-0.037571,0.018445,0.150272,-0.269716,0.125620,0.137527,-0.004771,0.192606,0.078183,0.218395,-0.257359,1.132929,-0.102785,-0.081056,-0.115148,-0.061844,-0.199012,0.161785,1.146806,0.348456,-0.054346,-0.001668
-0.149524,-0.076753,0.767239,0.018813,-0.032990,-0.963957,0.263332,-0.437566,0.042433,0.251046,0.222177,-0.106618,-0.020491,0.235020,-0.035098,0.029229,0.146522,-0.263033,0.129037,0.140959,-0.004499,0.183066,0.098810,0.212719,-0.262000,1.154692,-0.104545,-0.061975,-0.126941,-0.066226,-0.199634,0.173104,1.126392,0.344481,-0.059029,0.002589
-0.162734,-0.088515,0.765131,0.022958,-0.030223,-0.964326,0.261981,-0.438076,0.034621,0.227642,0.127416,-0.092799,-0.024823,0.250212,-0.036304,0.034507,0.146010,-0.253316,0.137886,0.137962,-0.005011,0.175101,0.122667,0.206785,-0.262904,1.158386,-0.107263,-0.044145,-0.134477,-0.076767,-0.201689,0.176573,1.108958,0.337969,-0.058956,0.006726
-0.178051,-0.101389,0.763526,0.024871,-0.027957,-0.966392,0.254334,-0.433449,0.040909,0.222328,0.103241,-0.096051,-0.035961,0.263833,-0.038069,0.056907,0.160124,-0.245123,0.149772,0.147895,-0.008715,0.171927,0.133025,0.205694,-0.268242,1.183945,-0.111645,-0.038401,-0.137228,-0.088254,-0.200634,0.177015,1.094512,0.342171,-0.063744,0.005483
-0.194069,-0.117516,0.762617,0.026441,-0.032718,-0.969128,0.242942,-0.422160,0.036575,0.233991,0.135753,-0.096913,-0.033812,0.274807,-0.059600,0.091729,0.192582,-0.236926,0.179819,0.166825,-0.028577,0.175615,0.148053,0.200972,-0.249608,1.192496,-0.136214,-0.062783,-0.127431,-0.099481,-0.196861,0.174732,1.084011,0.354621,-0.070055,-0.000206
-0.211346,-0.134894,0.762862,0.029022,-0.034346,-0.969598,0.240537,-0.418894,0.028799,0.245162,0.181290,-0.066994,-0.016437,0.286662,-0.073356,0.110206,0.222914,-0.211296,0.203079,0.168579,-0.044453,0.169572,0.155072,0.202483,-0.245986,1.205669,-0.137591,-0.075124,-0.144321,-0.102556,-0.193178,0.174163,1.076260,0.358282,-0.072506,0.003261
-0.229807,-0.153234,0.764476,0.032787,-0.036426,-0.969611,0.239691,-0.412326,0.010631,0.233127,0.205007,-0.045480,-0.006671,0.288827,-0.086662,0.125720,0.268864,-0.167609,0.229981,0.170731,-0.065417,0.160384,0.157659,0.210226,-0.243626,1.210666,-0.122904,-0.061057,-0.141546,-0.098725,-0.185727,0.165012,1.071445,0.361692,-0.070266,0.004431
-0.250197,-0.171036,0.767571,0.038108,-0.036910,-0.968403,0.243684,-0.404245,-0.009978,0.212009,0.232650,-0.049060,0.029131,0.279143,-0.087831,0.125597,0.329523,-0.095073,0.259328,0.162939,-0.087495,0.143567,0.156805,0.224133,-0.245478,1.218349,-0.125709,-0.059241,-0.145383,-0.090302,-0.176218,0.158005,1.076204,0.368598,-0.069776,0.009130
-0.271673,-0.186296,0.772396,0.040700,-0.026727,-0.966375,0.252486,-0.383300,-0.006296,0.185747,0.236392,-0.059668,0.044158,0.246790,-0.057568,0.088409,0.422321,0.014460,0.261800,0.144261,-0.090304,0.126461,0.140499,0.240637,-0.242486,1.231969,-0.127350,-0.058378,-0.151896,-0.091725,-0.167507,0.150823,1.100411,0.373750,-0.064355,0.016525
-0.289755,-0.203478,0.777511,0.040783,-0.018800,-0.962712,0.266776,-0.361105,-0.013306,0.158802,0.247059,-0.084713,0.050563,0.188453,-0.040704,0.044621,0.557025,0.125401,0.261800,0.110980,-0.088816,0.116597,0.113914,0.255034,-0.252082,1.242377,-0.118902,-0.044405,-0.155603,-0.101043,-0.165092,0.143619,1.136964,0.372839,-0.058289,0.020203
-0.305927,-0.223673,0.781776,0.038400,-0.023414,-0.959037,0.279686,-0.304148,-0.050778,0.141126,0.215220,-0.106116,0.065218,0.114988,-0.063091,0.024923,0.731731,0.205407,0.261800,0.080622,-0.102963,0.118832,0.085721,0.267485,-0.263722,1.238164,-0.121944,-0.035969,-0.165676,-0.104039,-0.168974,0.142903,1.165620,0.368746,-0.049417,0.026838
-0.321804,-0.242200,0.785550,0.029629,-0.027894,-0.955027,0.293712,-0.228135,-0.082298,0.112083,0.171251,-0.128677,0.083097,0.047148,-0.068755,0.018499,0.893748,0.162218,0.261733,0.044885,-0.107610,0.137446,0.047938,0.282767,-0.283034,1.232258,-0.126132,-0.035667,-0.172060,-0.107797,-0.174937,0.147658,1.184366,0.363433,-0.042273,0.023424
-0.338802,-0.259136,0.789399,0.019656,-0.026411,-0.950765,0.308159,-0.148806,-0.093360,0.075066,0.119804,-0.143058,0.080307,-0.022814,-0.053564,0.004524,1.010618,0.092025,0.248478,0.011041,-0.099584,0.149414,0.006580,0.300996,-0.317299,1.224883,-0.095951,-0.048618,-0.160978,-0.098113,-0.181992,0.148781,1.193468,0.357803,-0.038040,0.005394
-0.356018,-0.274664,0.792489,0.012031,-0.023715,-0.946673,0.321097,-0.078444,-0.095387,0.045560,0.074975,-0.156798,0.075123,-0.100478,-0.022212,0.005607,1.081584,0.049625,0.239666,-0.016946,-0.089850,0.154853,-0.042607,0.313322,-0.319945,1.214806,-0.088906,-0.043658,-0.145719,-0.079116,-0.188363,0.149513,1.189016,0.348642,-0.033042,0.001712
-0.373231,-0.291132,0.794098,0.006243,-0.021257,-0.942584,0.333232,-0.007742,-0.095739,0.016735,0.023311,-0.165878,0.063326,-0.178277,-0.004086,0.001726,1.101958,0.020775,0.226980,-0.045736,-0.079372,0.157537,-0.082726,0.324670,-0.311392,1.190434,-0.098290,-0.045154,-0.125583,-0.058272,-0.197398,0.152040,1.183580,0.342484,-0.028087,0.002134
-0.390448,-0.306583,0.794631,0.000095,-0.019961,-0.938148,0.345660,0.050867,-0.093742,-0.010700,-0.003949,-0.181977,0.051624,-0.246805,0.028685,0.016168,1.085590,-0.031556,0.240831,-0.076739,-0.071935,0.158283,-0.102741,0.334395,-0.311307,1.145278,-0.104946,-0.069374,-0.121083,-0.030663,-0.204286,0.157599,1.180999,0.336729,-0.028392,0.007048
-0.408202,-0.322501,0.793845,-0.005492,-0.019145,-0.934120,0.356402,0.105673,-0.090829,-0.032239,-0.023029,-0.195227,0.044388,-0.305997,0.031604,0.011930,1.020642,-0.059168,0.231748,-0.106883,-0.063402,0.160113,-0.126474,0.345381,-0.306343,1.103732,-0.117230,-0.087741,-0.112418,-0.011630,-0.211323,0.161880,1.187990,0.332487,-0.024985,0.007437
-0.425116,-0.337982,0.793031,-0.011128,-0.020701,-0.929074,0.369147,0.146576,-0.093874,-0.063976,-0.014940,-0.213644,0.059850,-0.346023,0.009109,-0.008933,0.909880,-0.063078,0.219651,-0.142284,-0.058550,0.172849,-0.155609,0.352295,-0.295068,1.057024,-0.154260,-0.088355,-0.124739,-0.007414,-0.216186,0.157589,1.201736,0.333759,-0.019917,0.013088
-0.443897,-0.352741,0.791253,-0.018548,-0.022627,-0.928560,0.370027,0.195391,-0.089762,-0.068919,-0.005608,-0.234540,0.065040,-0.363923,-0.000395,-0.015518,0.755614,-0.042874,0.211115,-0.148720,-0.054395,0.189676,-0.186183,0.359015,-0.285911,1.021733,-0.167645,-0.097083,-0.116344,0.001013,-0.219046,0.141993,1.220198,0.356050,-0.029282,0.024781
-0.462263,-0.368411,0.788202,-0.021901,-0.027352,-0.925266,0.377696,0.231785,-0.097078,-0.086225,0.016119,-0.267432,0.067465,-0.370473,-0.026615,-0.030345,0.578647,-0.002051,0.216253,-0.167847,-0.056278,0.198800,-0.208272,0.364147,-0.284617,0.987467,-0.152335,-0.124625,-0.101008,0.008225,-0.220322,0.132185,1.242619,0.350260,-0.026518,0.020136
-0.481792,-0.384336,0.784055,-0.024003,-0.034806,-0.921719,0.385547,0.266922,-0.107829,-0.096315,0.041126,-0.298760,0.065151,-0.365146,-0.059899,-0.049550,0.400993,0.049778,0.232349,-0.184075,-0.064643,0.201684,-0.219179,0.377179,-0.291335,0.948705,-0.113271,-0.115429,-0.126050,0.022174,-0.217079,0.118031,1.269025,0.336816,-0.022599,0.027434
-0.502323,-0.400771,0.779714,-0.025174,-0.039856,-0.919539,0.390162,0.303689,-0.113173,-0.101500,0.060631,-0.326071,0.059881,-0.363839,-0.085362,-0.063469,0.257930,0.070839,0.234736,-0.191051,-0.068528,0.199742,-0.222796,0.374600,-0.296577,0.922169,-0.103853,-0.150649,-0.069463,0.042825,-0.212405,0.114301,1.292421,0.333960,-0.027998,0.013056
-0.523350,-0.417045,0.775716,-0.025468,-0.038439,-0.917525,0.394997,0.331572,-0.101400,-0.101246,0.083491,-0.356910,0.023326,-0.363626,-0.100340,-0.092129,0.151731,0.052057,0.241341,-0.193720,-0.058019,0.193973,-0.230849,0.374971,-0.332794,0.911578,-0.151227,-0.210547,-0.031468,0.058160,-0.203931,0.120970,1.319420,0.370609,-0.049886,-0.020047
-0.545623,-0.433643,0.772642,-0.023864,-0.035109,-0.916450,0.397891,0.351358,-0.087781,-0.104237,0.110418,-0.362757,-0.006583,-0.364211,-0.109093,-0.127569,0.111186,0.027520,0.239972,-0.190231,-0.044459,0.179511,-0.220135,0.371372,-0.356649,0.910199,-0.153143,-0.222078,-0.033021,0.087431,-0.198059,0.128796,1.330379,0.372771,-0.049880,-0.021966
-0.568807,-0.450986,0.770740,-0.021655,-0.032312,-0.915571,0.400272,0.367632,-0.077026,-0.120482,0.146653,-0.364525,-0.028067,-0.363058,-0.110312,-0.139993,0.140843,0.044027,0.237407,-0.189519,-0.029900,0.170560,-0.208486,0.363205,-0.361978,0.918032,-0.150507,-0.232352,-0.024144,0.100077,-0.194923,0.130626,1.341913,0.363929,-0.044688,-0.018777
-0.593242,-0.468971,0.770766,-0.019047,-0.028757,-0.914231,0.403723,0.368490,-0.065952,-0.143536,0.206649,-0.347842,-0.054917,-0.362686,-0.113216,-0.167459,0.202989,0.113552,0.226023,-0.197203,-0.008062,0.169135,-0.197316,0.345590,-0.354148,0.937697,-0.146106,-0.204695,-0.065052,0.086881,-0.200739,0.124854,1.356961,0.354519,-0.027433,0.005005
-0.618710,-0.487811,0.772387,-0.017852,-0.020778,-0.914496,0.403667,0.360467,-0.047204,-0.155445,0.280768,-0.298126,-0.103965,-0.354294,-0.087628,-0.151004,0.238706,0.138869,0.228779,-0.202151,0.022111,0.163420,-0.164193,0.325092,-0.346677,0.962909,-0.140295,-0.195794,-0.081289,0.080748,-0.206944,0.120866,1.359470,0.350166,-0.024011,0.009313
-0.645375,-0.506356,0.775684,-0.016060,-0.011765,-0.916607,0.399293,0.333255,-0.025241,-0.134535,0.386755,-0.232757,-0.158885,-0.340203,-0.056640,-0.143783,0.271039,0.126826,0.187191,-0.197899,0.053223,0.152653,-0.122368,0.303666,-0.350335,0.994645,-0.150454,-0.179559,-0.089057,0.079403,-0.212641,0.122006,1.349829,0.364467,-0.024134,0.000658
-0.671638,-0.524364,0.779659,-0.014272,-0.005302,-0.919925,0.391799,0.274478,-0.009283,-0.098419,0.539637,-0.118228,-0.198467,-0.316823,-0.029179,-0.138832,0.292879,0.099998,0.149568,-0.183292,0.076156,0.140504,-0.085343,0.284949,-0.355854,1.041185,-0.135056,-0.169772,-0.099605,0.072105,-0.218196,0.127023,1.340293,0.379697,-0.030877,-0.006082
-0.696011,-0.541348,0.783748,-0.015280,-0.006598,-0.923479,0.383288,0.192576,0.011321,-0.035942,0.716853,-0.079611,-0.157893,-0.277137,-0.018679,-0.137900,0.306201,0.058102,0.119411,-0.161787,0.082629,0.147697,-0.060648,0.267988,-0.368330,1.078808,-0.148312,-0.155166,-0.102096,0.050178,-0.223390,0.134176,1.326823,0.395456,-0.042459,-0.035082
-0.718449,-0.557930,0.787857,-0.019265,-0.009898,-0.922911,0.384404,0.097088,0.051992,0.030744,0.889293,-0.126057,-0.100470,-0.220571,-0.017704,-0.143745,0.304816,0.013203,0.108868,-0.155742,0.085533,0.169369,-0.046114,0.253696,-0.376300,1.110103,-0.148805,-0.139024,-0.115606,0.021151,-0.232676,0.131288,1.301682,0.407536,-0.054013,-0.045352
-0.741301,-0.572926,0.791978,-0.023191,-0.016052,-0.924572,0.379962,0.012046,0.074153,0.080816,1.002416,-0.171318,-0.060159,-0.160924,-0.012155,-0.127268,0.293122,-0.019519,0.096903,-0.133212,0.077151,0.186727,-0.022235,0.245983,-0.385817,1.137028,-0.139340,-0.100216,-0.120020,0.000457,-0.237525,0.131288,1.266428,0.429545,-0.065581,-0.056824
-0.763273,-0.588496,0.795563,-0.025633,-0.019739,-0.928469,0.369998,-0.071656,0.068292,0.103185,1.054710,-0.205522,-0.040934,-0.103445,-0.001327,-0.105174,0.270914,-0.046006,0.091307,-0.096141,0.071849,0.193998,0.000723,0.241972,-0.402903,1.161677,-0.126682,-0.095585,-0.130574,-0.016792,-0.243434,0.133563,1.228965,0.450154,-0.088388,-0.067999
-0.784787,-0.604650,0.798023,-0.026402,-0.023264,-0.933766,0.356149,-0.149798,0.049680,0.120712,1.052564,-0.233515,-0.039434,-0.046799,0.006839,-0.076598,0.240641,-0.068326,0.092862,-0.052612,0.062530,0.194583,0.028657,0.241457,-0.412300,1.180991,-0.118784,-0.111125,-0.132688,-0.036190,-0.246444,0.135933,1.193521,0.459753,-0.115077,-0.078456
-0.806099,-0.621573,0.799405,-0.026728,-0.027188,-0.939337,0.340870,-0.217451,0.031926,0.141366,1.001968,-0.261855,-0.044828,0.010547,0.009551,-0.043864,0.207759,-0.088671,0.101257,-0.009299,0.053135,0.193298,0.071075,0.243769,-0.404673,1.170113,-0.096731,-0.118205,-0.138360,-0.052438,-0.249944,0.128636,1.150784,0.463407,-0.125124,-0.075548
-0.826876,-0.638691,0.799420,-0.027622,-0.030510,-0.944412,0.326178,-0.267371,0.025948,0.171089,0.903035,-0.281703,-0.050502,0.065633,0.009121,-0.014994,0.180365,-0.111543,0.106549,0.029314,0.044153,0.196774,0.109748,0.245171,-0.393090,1.158347,-0.092063,-0.127424,-0.138227,-0.072957,-0.255263,0.126849,1.105855,0.476583,-0.136446,-0.072190
-0.847888,-0.655747,0.798084,-0.030967,-0.033783,-0.948012,0.314917,-0.292180,0.040158,0.221865,0.765279,-0.277083,-0.050952,0.128941,0.007118,0.007395,0.148823,-0.129194,0.112912,0.057848,0.037257,0.213561,0.129020,0.240711,-0.370835,1.153163,-0.102869,-0.129996,-0.124287,-0.108680,-0.263616,0.126496,1.065953,0.481531,-0.139270,-0.071049
-0.869306,-0.672985,0.794723,-0.033828,-0.031413,-0.950099,0.308514,-0.309610,0.056884,0.260118,0.598844,-0.236356,-0.064251,0.185458,0.014114,0.017361,0.125309,-0.153214,0.109233,0.072578,0.040450,0.219631,0.152489,0.233707,-0.361714,1.153152,-0.091713,-0.144207,-0.109888,-0.134970,-0.273618,0.135642,1.024397,0.500862,-0.152184,-0.061340
-0.890759,-0.690707,0.790216,-0.035707,-0.027051,-0.952587,0.300949,-0.322854,0.063357,0.272395,0.421670,-0.170787,-0.071465,0.229669,0.023452,0.032555,0.120475,-0.183275,0.100096,0.087871,0.046430,0.218122,0.177401,0.224876,-0.349146,1.152699,-0.094631,-0.145823,-0.117439,-0.151666,-0.282364,0.150907,0.978488,0.504244,-0.179595,-0.064070
-0.912656,-0.708964,0.785008,-0.035326,-0.022955,-0.955729,0.291218,-0.330683,0.060933,0.257895,0.249202,-0.103260,-0.084796,0.260747,0.029817,0.055409,0.133869,-0.215587,0.097683,0.105526,0.048833,0.210019,0.197458,0.214727,-0.332553,1.159653,-0.104890,-0.141603,-0.124073,-0.171353,-0.284987,0.158619,0.963437,0.499045,-0.169950,-0.055850
-0.934979,-0.727738,0.780373,-0.034084,-0.021747,-0.959707,0.278078,-0.335690,0.057983,0.228171,0.129002,-0.091681,-0.086926,0.285930,0.026604,0.081715,0.159065,-0.239772,0.103731,0.130265,0.045808,0.200093,0.218906,0.201137,-0.300616,1.160007,-0.139494,-0.125835,-0.130565,-0.172968,-0.284461,0.166983,0.933201,0.497158,-0.166506,-0.051817
-0.957894,-0.747853,0.776434,-0.031897,-0.022710,-0.963476,0.264916,-0.326808,0.056422,0.214454,0.060529,-0.103516,-0.095238,0.304772,0.015616,0.110288,0.199560,-0.261622,0.119897,0.153774,0.034409,0.193450,0.229837,0.196485,-0.283105,1.159180,-0.153600,-0.117155,-0.135213,-0.177005,-0.279988,0.169868,0.910174,0.493933,-0.164559,-0.049960
-0.981245,-0.769388,0.774313,-0.027935,-0.025608,-0.965319,0.258309,-0.322122,0.053107,0.227119,0.074819,-0.090959,-0.087678,0.324753,0.000027,0.136298,0.236144,-0.258070,0.139781,0.161184,0.015392,0.179052,0.244544,0.198059,-0.299155,1.162980,-0.163305,-0.125964,-0.133165,-0.165568,-0.274387,0.181167,0.894908,0.489066,-0.167963,-0.050701
-1.004943,-0.791858,0.774201,-0.019795,-0.028837,-0.964951,0.260089,-0.331267,0.050446,0.275933,0.139656,-0.020279,-0.054661,0.327819,-0.014577,0.155528,0.290984,-0.231918,0.165672,0.157093,-0.010900,0.165825,0.221486,0.207265,-0.315449,1.184937,-0.149189,-0.116904,-0.140508,-0.164792,-0.264067,0.183002,0.897092,0.486542,-0.158075,-0.048666
-1.029042,-0.815767,0.776820,-0.010001,-0.035154,-0.962745,0.267930,-0.339200,0.018535,0.265569,0.199878,-0.009423,-0.021461,0.317719,-0.033627,0.161659,0.368756,-0.176133,0.206970,0.141571,-0.044847,0.148696,0.196658,0.218643,-0.337641,1.208160,-0.138971,-0.106829,-0.138090,-0.142631,-0.250767,0.183643,0.899785,0.493578,-0.151858,-0.040465
-1.053288,-0.839508,0.781328,-0.002147,-0.038952,-0.958165,0.283547,-0.331965,-0.018564,0.243356,0.239663,-0.031490,0.015057,0.287733,-0.042667,0.132549,0.479881,-0.072886,0.253866,0.105949,-0.074168,0.135506,0.159128,0.232032,-0.359612,1.238374,-0.139180,-0.093924,-0.144062,-0.121285,-0.234717,0.189580,0.917823,0.482314,-0.144230,-0.032436
-1.076299,-0.862437,0.786752,0.001505,-0.038084,-0.953165,0.300040,-0.302793,-0.049758,0.209654,0.246539,-0.056185,0.048665,0.228346,-0.041416,0.096836,0.624968,0.075590,0.261427,0.063921,-0.085294,0.121714,0.120176,0.241699,-0.380492,1.259119,-0.151513,-0.085767,-0.147002,-0.097632,-0.223204,0.201832,0.940524,0.451986,-0.147305,-0.032909
-1.097714,-0.883647,0.791716,0.001895,-0.036604,-0.950140,0.309663,-0.256751,-0.069260,0.181675,0.235593,-0.089167,0.076275,0.138238,-0.057735,0.052366,0.795485,0.086753,0.222566,0.023894,-0.094391,0.115555,0.082530,0.259218,-0.354132,1.266518,-0.086165,-0.039067,-0.172518,-0.087008,-0.209521,0.202963,0.981906,0.380057,-0.088118,0.000098
-1.118903,-0.903517,0.796332,-0.001127,-0.037569,-0.947728,0.316858,-0.186651,-0.086969,0.157979,0.195179,-0.115297,0.084430,0.043489,-0.059110,0.043395,0.947226,0.042982,0.197739,-0.006304,-0.104589,0.123927,0.033999,0.284150,-0.347435,1.263038,-0.077022,-0.026226,-0.184156,-0.079582,-0.195132,0.206347,1.018994,0.351535,-0.051122,0.024926
-1.139951,-0.922781,0.800770,-0.006394,-0.035854,-0.944373,0.326854,-0.112753,-0.096426,0.129654,0.149387,-0.131350,0.083435,-0.040387,-0.027968,0.054560,1.038079,0.012377,0.200331,-0.038512,-0.102631,0.131057,-0.013028,0.306886,-0.342158,1.245709,-0.076059,-0.027270,-0.171248,-0.061944,-0.187189,0.210875,1.048619,0.334109,-0.038970,0.036004
-1.160918,-0.942191,0.804730,-0.011887,-0.031516,-0.939886,0.339822,-0.039410,-0.098153,0.095016,0.100791,-0.137828,0.079663,-0.117221,0.018788,0.071234,1.072373,-0.012026,0.206897,-0.074183,-0.093418,0.136622,-0.058802,0.327245,-0.333915,1.217339,-0.080148,-0.035627,-0.143603,-0.041237,-0.180929,0.208912,1.078963,0.320433,-0.032600,0.043065
-1.181162,-0.961328,0.807455,-0.016972,-0.027232,-0.934787,0.353756,0.029665,-0.094980,0.065910,0.056957,-0.144981,0.075553,-0.190134,0.042526,0.064770,1.062977,-0.043313,0.203699,-0.112870,-0.080446,0.140810,-0.094747,0.345427,-0.322261,1.173820,-0.091496,-0.058935,-0.111346,-0.018117,-0.179257,0.202837,1.102280,0.318795,-0.022328,0.030088
-1.201218,-0.980146,0.808554,-0.021148,-0.023618,-0.929316,0.367921,0.086434,-0.091578,0.033705,0.030995,-0.156588,0.069011,-0.252092,0.033198,0.032351,1.009488,-0.070998,0.196672,-0.150590,-0.067749,0.143900,-0.123269,0.359248,-0.305701,1.113885,-0.112006,-0.084370,-0.081840,0.006740,-0.178912,0.189712,1.119555,0.327119,-0.015742,0.023068
-1.221755,-0.998990,0.808469,-0.025810,-0.021999,-0.924940,0.378597,0.139636,-0.087178,0.008662,0.020946,-0.175035,0.063790,-0.297046,0.013573,-0.001998,0.914722,-0.084239,0.182611,-0.178516,-0.056937,0.150587,-0.147899,0.371822,-0.288902,1.048799,-0.136315,-0.102650,-0.064839,0.032079,-0.183044,0.179398,1.139754,0.331609,-0.015266,0.029852
-1.242120,-1.017367,0.806656,-0.027872,-0.025658,-0.920610,0.388641,0.182726,-0.092611,-0.007433,0.030749,-0.209994,0.066104,-0.327840,-0.021060,-0.035690,0.786772,-0.083496,0.183608,-0.201101,-0.058238,0.153275,-0.170248,0.383471,-0.275688,0.989935,-0.143856,-0.120931,-0.051746,0.061829,-0.187062,0.165213,1.152980,0.331703,-0.024538,0.031629
-1.262774,-1.035588,0.803983,-0.029805,-0.030413,-0.917044,0.396507,0.226394,-0.098019,-0.018855,0.042457,-0.246640,0.061279,-0.336876,-0.052436,-0.068277,0.614933,-0.049474,0.193898,-0.216315,-0.061245,0.161915,-0.204480,0.394078,-0.267324,0.943347,-0.158845,-0.131898,-0.047420,0.071829,-0.188220,0.151084,1.179592,0.332587,-0.016567,0.024265
-1.284097,-1.054430,0.800104,-0.030523,-0.037325,-0.914200,0.402385,0.275295,-0.108202,-0.028985,0.044299,-0.268226,0.058719,-0.332612,-0.081549,-0.096745,0.425354,0.011192,0.212791,-0.223162,-0.069088,0.164559,-0.232360,0.401859,-0.264331,0.906146,-0.154962,-0.148027,-0.040715,0.088445,-0.187906,0.138534,1.205144,0.330454,-0.008682,0.022099
-1.306015,-1.073435,0.795439,-0.029848,-0.045544,-0.911848,0.406901,0.322311,-0.120167,-0.042532,0.048476,-0.287255,0.047744,-0.328275,-0.106371,-0.106480,0.251574,0.052162,0.242282,-0.225308,-0.081728,0.159160,-0.239964,0.414455,-0.278806,0.868006,-0.111417,-0.169053,-0.028972,0.115750,-0.185536,0.122349,1.217033,0.322295,-0.023263,0.019200
-1.328325,-1.092065,0.790991,-0.027535,-0.046523,-0.910674,0.409573,0.350990,-0.115875,-0.054057,0.069950,-0.313014,0.009283,-0.337538,-0.116369,-0.120464,0.127213,0.035336,0.254213,-0.222817,-0.079933,0.142618,-0.243106,0.427441,-0.321725,0.845776,-0.136111,-0.219744,-0.002255,0.150663,-0.180867,0.131732,1.216391,0.358905,-0.042278,0.002366
-1.352343,-1.110231,0.786767,-0.025328,-0.043346,-0.910463,0.410533,0.369824,-0.102685,-0.069991,0.105870,-0.329437,-0.018729,-0.344141,-0.115139,-0.177549,0.071944,0.007929,0.260580,-0.219928,-0.069370,0.129463,-0.244912,0.430936,-0.339487,0.844630,-0.134205,-0.243123,0.009646,0.172432,-0.179200,0.132979,1.216316,0.370124,-0.048742,-0.002042
-1.376131,-1.130062,0.783688,-0.024448,-0.042376,-0.909578,0.412642,0.392884,-0.095247,-0.093672,0.141263,-0.332817,-0.040890,-0.348405,-0.117925,-0.206140,0.101831,0.024266,0.252544,-0.225585,-0.060862,0.118817,-0.223526,0.421265,-0.332753,0.847573,-0.149100,-0.236270,0.001266,0.191311,-0.180009,0.130711,1.219457,0.372431,-0.042354,0.007144
-1.401286,-1.150838,0.781561,-0.022522,-0.038237,-0.908209,0.416158,0.401875,-0.081532,-0.117241,0.194716,-0.322023,-0.076675,-0.360309,-0.105737,-0.201374,0.177388,0.050228,0.233075,-0.247401,-0.041139,0.115203,-0.205895,0.407752,-0.322153,0.869286,-0.164741,-0.229113,-0.009727,0.172902,-0.193910,0.124093,1.237600,0.369451,-0.028173,0.015099
-1.428475,-1.172076,0.781140,-0.021246,-0.032076,-0.906117,0.421275,0.400119,-0.062990,-0.141255,0.265520,-0.284848,-0.120965,-0.362147,-0.076201,-0.153035,0.231386,0.102084,0.229820,-0.272713,-0.016861,0.106736,-0.168648,0.388261,-0.321690,0.899164,-0.164224,-0.221984,-0.014590,0.161289,-0.205170,0.118192,1.247688,0.371458,-0.027533,0.008904
-1.456121,-1.193222,0.783628,-0.021868,-0.020484,-0.905631,0.423008,0.376421,-0.031987,-0.141427,0.370301,-0.209823,-0.189842,-0.351467,-0.045701,-0.149572,0.281660,0.111038,0.191851,-0.286899,0.020743,0.100484,-0.131193,0.361493,-0.332262,0.953276,-0.159387,-0.211951,-0.019069,0.155099,-0.216832,0.117873,1.245462,0.374388,-0.032886,-0.008022
-1.483127,-1.213205,0.787446,-0.022987,-0.011040,-0.909105,0.415787,0.321858,-0.010250,-0.121900,0.519775,-0.096921,-0.234506,-0.332480,-0.008717,-0.141990,0.321592,0.089749,0.144494,-0.280886,0.054580,0.097783,-0.102756,0.329468,-0.346731,1.027862,-0.154926,-0.184215,-0.042007,0.139395,-0.229969,0.119527,1.239912,0.396841,-0.036496,-0.016471
-1.508054,-1.231622,0.791312,-0.021996,-0.008087,-0.913120,0.407018,0.229450,-0.006994,-0.104528,0.701175,-0.035139,-0.217707,-0.301995,0.016060,-0.128939,0.338689,0.059926,0.113668,-0.266555,0.071986,0.093482,-0.076536,0.295426,-0.350813,1.110469,-0.140088,-0.169431,-0.081622,0.128930,-0.236661,0.123898,1.214601,0.434182,-0.042000,-0.057463
-1.531219,-1.248915,0.795499,-0.023989,-0.010515,-0.916652,0.398828,0.128943,0.014690,-0.049290,0.872495,-0.046443,-0.166333,-0.252008,0.029721,-0.119449,0.337202,0.017353,0.092724,-0.245975,0.074080,0.105881,-0.056539,0.271628,-0.364144,1.172792,-0.135664,-0.135286,-0.124403,0.104174,-0.242420,0.131846,1.191862,0.459859,-0.057769,-0.074263
-1.554219,-1.265388,0.800400,-0.027273,-0.017288,-0.919999,0.390587,0.037720,0.050445,0.023478,0.995674,-0.129606,-0.121825,-0.191562,0.037839,-0.095706,0.324631,-0.014415,0.087591,-0.219464,0.062550,0.127540,-0.041962,0.259434,-0.380387,1.216189,-0.122773,-0.106059,-0.171536,0.068787,-0.244763,0.140648,1.168002,0.472258,-0.079528,-0.081313
-1.576850,-1.281727,0.805119,-0.029801,-0.024210,-0.926241,0.374972,-0.044402,0.065565,0.078320,1.058137,-0.194693,-0.080593,-0.129931,0.048682,-0.056988,0.300014,-0.034730,0.080361,-0.174726,0.048691,0.141674,-0.018854,0.249337,-0.385173,1.240854,-0.104485,-0.093352,-0.200033,0.036552,-0.248025,0.158136,1.142718,0.468224,-0.100735,-0.084164
-1.598699,-1.298364,0.808633,-0.029889,-0.029622,-0.933952,0.354913,-0.122299,0.058668,0.113857,1.060689,-0.230533,-0.054672,-0.072024,0.057446,-0.013282,0.269039,-0.053030,0.080257,-0.123020,0.036139,0.145019,0.021552,0.243864,-0.392660,1.244544,-0.083211,-0.097478,-0.209579,0.013581,-0.248138,0.168603,1.110680,0.474159,-0.123455,-0.080772
-1.619714,-1.314634,0.810765,-0.029374,-0.034561,-0.941521,0.333888,-0.193344,0.043673,0.139682,1.012666,-0.252720,-0.048143,-0.018607,0.061174,0.030006,0.240709,-0.071399,0.085800,-0.069968,0.024258,0.144687,0.071854,0.243548,-0.394928,1.229464,-0.033059,-0.103098,-0.218643,-0.000492,-0.250249,0.169012,1.062507,0.469324,-0.152576,-0.084194
-1.640678,-1.331093,0.811243,-0.033155,-0.038264,-0.947438,0.315907,-0.243063,0.034746,0.158112,0.920575,-0.269477,-0.054226,0.046224,0.064257,0.068944,0.206097,-0.090316,0.095449,-0.027004,0.017500,0.156566,0.116539,0.238114,-0.390164,1.215906,-0.023604,-0.124388,-0.196528,-0.014792,-0.253806,0.167949,1.008155,0.459466,-0.169299,-0.088454
-1.661757,-1.347932,0.809829,-0.037666,-0.038982,-0.951547,0.302687,-0.276571,0.034840,0.174609,0.785661,-0.263166,-0.069541,0.114182,0.066903,0.095211,0.168571,-0.111533,0.104974,0.003030,0.017374,0.170882,0.153699,0.226921,-0.382398,1.205095,-0.017099,-0.141748,-0.176509,-0.031051,-0.255836,0.160718,0.951457,0.450299,-0.158711,-0.083414
-1.683304,-1.364953,0.806912,-0.041101,-0.036067,-0.954671,0.292598,-0.300113,0.039982,0.184640,0.622330,-0.227556,-0.085436,0.175506,0.074318,0.115969,0.137853,-0.133676,0.103710,0.023275,0.024965,0.175931,0.192348,0.214334,-0.371763,1.196556,-0.003423,-0.153734,-0.168220,-0.043481,-0.261883,0.163060,0.910113,0.439409,-0.171165,-0.076314
-1.704916,-1.382223,0.802689,-0.042743,-0.031875,-0.957678,0.282858,-0.315748,0.042300,0.186073,0.442583,-0.183116,-0.093092,0.223240,0.083797,0.141152,0.128248,-0.164238,0.096233,0.043152,0.033411,0.174578,0.221390,0.198099,-0.360144,1.194743,-0.014198,-0.149852,-0.167188,-0.048958,-0.265277,0.173090,0.864461,0.456970,-0.170563,-0.061728
-1.727378,-1.399052,0.797955,-0.043279,-0.027683,-0.960275,0.274284,-0.320693,0.042628,0.180564,0.263423,-0.122242,-0.094302,0.261128,0.092746,0.161350,0.133541,-0.196361,0.085020,0.059635,0.039129,0.168212,0.245472,0.184541,-0.343005,1.195153,-0.019529,-0.143688,-0.182136,-0.052666,-0.265028,0.179639,0.838196,0.461379,-0.166646,-0.053121
-1.750165,-1.415944,0.793180,-0.040971,-0.026144,-0.962849,0.265632,-0.321837,0.038595,0.172050,0.113788,-0.085138,-0.090601,0.287267,0.092958,0.177545,0.155129,-0.227180,0.084107,0.075648,0.034343,0.157515,0.265022,0.176500,-0.326395,1.194907,-0.019898,-0.138925,-0.193090,-0.055371,-0.259495,0.186687,0.829096,0.456878,-0.166367,-0.048674
-1.773416,-1.433685,0.788278,-0.037744,-0.025867,-0.965326,0.257007,-0.315421,0.039331,0.194500,0.024595,-0.093024,-0.106242,0.308044,0.087952,0.192517,0.187845,-0.254661,0.095086,0.093676,0.024319,0.146923,0.268735,0.170785,-0.307333,1.204898,-0.038356,-0.136339,-0.202457,-0.058745,-0.251001,0.187607,0.833390,0.453031,-0.161119,-0.043552
-1.796643,-1.452663,0.784516,-0.033979,-0.027336,-0.966664,0.252306,-0.316880,0.036546,0.214926,0.027793,-0.084107,-0.105919,0.332047,0.078514,0.209256,0.215316,-0.266992,0.117732,0.106917,0.010372,0.134306,0.273099,0.169878,-0.301300,1.207091,-0.055359,-0.134126,-0.198384,-0.047083,-0.242947,0.189935,0.843490,0.447351,-0.158612,-0.043844
-1.820361,-1.472428,0.782607,-0.028503,-0.031261,-0.966569,0.252894,-0.328476,0.022411,0.225908,0.088507,-0.024496,-0.057382,0.349852,0.062701,0.215297,0.253011,-0.257403,0.126968,0.114161,-0.013465,0.129713,0.243791,0.177841,-0.299486,1.209705,-0.070795,-0.097588,-0.176134,-0.065222,-0.232884,0.183477,0.903694,0.407123,-0.130308,-0.023839
-1.845950,-1.493160,0.782900,-0.021658,-0.038477,-0.966022,0.254662,-0.339429,-0.008893,0.197556,0.153694,0.029300,-0.018968,0.361454,0.042283,0.223499,0.303079,-0.224520,0.149117,0.121307,-0.045260,0.118817,0.220882,0.188751,-0.291435,1.209171,-0.074963,-0.065030,-0.170086,-0.059859,-0.217825,0.174695,0.956728,0.384230,-0.099415,-0.001945
-1.871392,-1.514099,0.785844,-0.013779,-0.049065,-0.964031,0.260859,-0.339944,-0.049101,0.182579,0.209273,0.041190,0.035378,0.355817,0.017531,0.215688,0.381081,-0.157075,0.203573,0.118702,-0.084692,0.108265,0.195782,0.204421,-0.284307,1.209659,-0.085618,-0.055460,-0.167950,-0.046342,-0.199583,0.165682,1.017264,0.377861,-0.081122,0.003586
-1.896928,-1.531200,0.790482,-0.009934,-0.050084,-0.961430,0.270270,-0.330099,-0.070222,0.152561,0.255730,0.010072,0.066775,0.321204,0.028969,0.183031,0.498963,-0.039803,0.251211,0.108221,-0.106868,0.102790,0.154887,0.226936,-0.282916,1.216147,-0.098122,-0.056159,-0.180252,-0.042773,-0.176550,0.157480,1.096837,0.374907,-0.071838,0.007933
-1.922417,-1.544755,0.796005,-0.009233,-0.041384,-0.959702,0.277803,-0.306164,-0.062725,0.120149,0.280539,-0.038617,0.080484,0.251172,0.077201,0.150543,0.647617,0.115244,0.261800,0.094840,-0.104252,0.100280,0.104666,0.249254,-0.283458,1.217787,-0.092417,-0.053780,-0.180848,-0.043658,-0.160432,0.155149,1.161207,0.366973,-0.047989,0.017953
-1.945037,-1.559099,0.801414,-0.011775,-0.036104,-0.959306,0.279803,-0.262560,-0.056027,0.104519,0.283715,-0.083024,0.088320,0.159978,0.110273,0.132076,0.818161,0.255372,0.261800,0.086655,-0.099451,0.109438,0.052467,0.268829,-0.290162,1.215797,-0.096608,-0.056405,-0.177540,-0.046259,-0.153080,0.166222,1.213122,0.356954,-0.032020,0.029900
-1.966158,-1.574427,0.806607,-0.017263,-0.032093,-0.958152,0.283932,-0.212229,-0.052687,0.087507,0.282758,-0.121116,0.092295,0.068142,0.128054,0.106625,0.968203,0.264869,0.261800,0.068089,-0.090971,0.123314,0.001632,0.287736,-0.294030,1.205648,-0.104644,-0.049322,-0.175460,-0.043829,-0.151822,0.176121,1.241516,0.344221,-0.020172,0.043622
-1.985448,-1.592747,0.811434,-0.026999,-0.027081,-0.955479,0.292569,-0.157091,-0.050703,0.065884,0.286076,-0.157045,0.092387,-0.005663,0.135461,0.088178,1.061021,0.177710,0.261800,0.037075,-0.072616,0.134430,-0.035237,0.303658,-0.300452,1.189095,-0.101387,-0.045513,-0.165456,-0.022445,-0.156581,0.179972,1.242532,0.331199,-0.016064,0.053426
-2.003816,-1.610948,0.814912,-0.035628,-0.024731,-0.951652,0.304102,-0.099555,-0.055915,0.042437,0.278859,-0.188402,0.093803,-0.077069,0.129626,0.071991,1.109653,0.095617,0.261426,0.000754,-0.057231,0.144320,-0.070048,0.317885,-0.299236,1.165796,-0.102506,-0.047107,-0.148914,0.003058,-0.164329,0.172203,1.229549,0.331180,-0.018835,0.057741
-2.021899,-1.628116,0.817361,-0.041490,-0.025283,-0.947127,0.317159,-0.043700,-0.066455,0.018332,0.261583,-0.209271,0.091510,-0.143742,0.105016,0.051575,1.112383,0.040836,0.261073,-0.037100,-0.050879,0.150623,-0.100145,0.334351,-0.294901,1.130728,-0.116874,-0.060657,-0.132069,0.026980,-0.172238,0.161881,1.209560,0.338270,-0.022264,0.056925
-2.039500,-1.644745,0.818758,-0.045105,-0.028970,-0.942309,0.330423,0.012630,-0.083137,-0.007583,0.235887,-0.222872,0.091221,-0.202035,0.058199,0.031365,1.071398,-0.025780,0.255944,-0.074071,-0.052638,0.155042,-0.122677,0.353611,-0.289462,1.081277,-0.129393,-0.077057,-0.105533,0.049598,-0.178814,0.154792,1.184950,0.339515,-0.022708,0.045455
-2.058580,-1.659026,0.819021,-0.048181,-0.033666,-0.938198,0.341071,0.071443,-0.094133,-0.028639,0.206284,-0.234333,0.087329,-0.244777,0.008299,0.000772,0.982324,-0.070817,0.244589,-0.103519,-0.059754,0.159392,-0.138727,0.374748,-0.280835,1.027015,-0.139465,-0.093759,-0.076758,0.069739,-0.180553,0.147769,1.158644,0.338067,-0.022878,0.030864
-2.078001,-1.671838,0.818238,-0.050534,-0.038379,-0.935485,0.347622,0.127564,-0.101392,-0.046284,0.178772,-0.248048,0.082667,-0.271771,-0.040615,-0.037634,0.850447,-0.073748,0.236978,-0.120362,-0.067895,0.164555,-0.153671,0.397984,-0.276081,0.970954,-0.137821,-0.113525,-0.052833,0.084508,-0.178711,0.141429,1.137027,0.337449,-0.025729,0.019156
-2.097287,-1.684223,0.816256,-0.051339,-0.044075,-0.933554,0.351992,0.178234,-0.108860,-0.058724,0.157902,-0.265855,0.077807,-0.286627,-0.088939,-0.083291,0.691948,-0.041640,0.233609,-0.129129,-0.078102,0.169308,-0.169756,0.418228,-0.268754,0.924962,-0.135242,-0.129560,-0.035628,0.090919,-0.175077,0.136621,1.126627,0.338597,-0.027586,0.008315
-2.116890,-1.696703,0.813290,-0.051036,-0.051244,-0.932240,0.354538,0.229013,-0.118442,-0.061615,0.136257,-0.279563,0.069902,-0.292998,-0.125584,-0.115830,0.526001,-0.014724,0.236489,-0.129587,-0.090539,0.172359,-0.181375,0.434282,-0.260608,0.884385,-0.133446,-0.143626,-0.024390,0.095199,-0.170779,0.132972,1.121857,0.338482,-0.025784,0.003840
-2.136459,-1.709164,0.809722,-0.050492,-0.058331,-0.930817,0.357249,0.274273,-0.128552,-0.070338,0.123822,-0.293223,0.063237,-0.293472,-0.152192,-0.135168,0.367288,0.005797,0.242272,-0.127379,-0.101187,0.171396,-0.182180,0.443062,-0.255560,0.853166,-0.133870,-0.162149,-0.017303,0.102171,-0.166670,0.134440,1.123426,0.333554,-0.027827,-0.000649
-2.156413,-1.721587,0.806035,-0.049707,-0.062742,-0.929193,0.360822,0.308613,-0.132025,-0.082222,0.128902,-0.314332,0.049883,-0.291089,-0.170586,-0.149853,0.231956,0.028419,0.247921,-0.123117,-0.104949,0.168206,-0.178335,0.447773,-0.260526,0.830764,-0.128870,-0.176225,-0.010065,0.112070,-0.162691,0.137180,1.122670,0.336296,-0.034265,-0.002967
-2.176534,-1.734131,0.803021,-0.048298,-0.062806,-0.926949,0.366726,0.329356,-0.123519,-0.088857,0.150045,-0.336534,0.022054,-0.283908,-0.183691,-0.181914,0.133834,0.035807,0.254366,-0.121378,-0.098521,0.165004,-0.178405,0.451672,-0.288966,0.824101,-0.144877,-0.222516,0.028845,0.118386,-0.160257,0.151986,1.118523,0.373702,-0.051366,-0.013477
-2.197431,-1.746758,0.800264,-0.046409,-0.062015,-0.925351,0.371115,0.344389,-0.116132,-0.103338,0.180624,-0.352209,0.002007,-0.277270,-0.191248,-0.206417,0.103577,0.025789,0.260174,-0.119130,-0.089374,0.155408,-0.158749,0.444753,-0.304030,0.829334,-0.154320,-0.243336,0.042774,0.129920,-0.160404,0.159872,1.114942,0.388429,-0.057050,-0.016889
-2.219466,-1.759879,0.797825,-0.044197,-0.062327,-0.923760,0.375272,0.358836,-0.111928,-0.125712,0.214316,-0.359165,-0.013298,-0.272070,-0.198805,-0.221021,0.136095,0.054690,0.260569,-0.118496,-0.081063,0.145277,-0.129925,0.428799,-0.307512,0.847955,-0.164608,-0.238110,0.028076,0.136096,-0.162275,0.159306,1.116906,0.391267,-0.054416,-0.013881
-2.241883,-1.773248,0.796620,-0.041219,-0.061776,-0.922308,0.379254,0.368132,-0.105347,-0.144259,0.251265,-0.350498,-0.033496,-0.271272,-0.207315,-0.236414,0.178265,0.112902,0.261319,-0.119847,-0.069572,0.135537,-0.099411,0.410837,-0.309281,0.877700,-0.166477,-0.230103,0.023832,0.135252,-0.167129,0.157280,1.119671,0.391338,-0.055817,-0.021069
-2.264479,-1.786377,0.797179,-0.036073,-0.056575,-0.921356,0.382884,0.357692,-0.090945,-0.153575,0.306506,-0.327667,-0.070659,-0.275934,-0.199559,-0.225312,0.220534,0.140458,0.252800,-0.124625,-0.047682,0.123961,-0.077342,0.380305,-0.306506,0.941639,-0.172567,-0.217413,0.004805,0.117026,-0.176835,0.152522,1.133387,0.398489,-0.055238,-0.021393
-2.286506,-1.798596,0.799794,-0.031964,-0.047271,-0.921550,0.384043,0.329062,-0.067284,-0.147167,0.389314,-0.282645,-0.126710,-0.274310,-0.179685,-0.227421,0.254799,0.141002,0.217040,-0.127003,-0.016396,0.110349,-0.046547,0.343573,-0.307902,1.017493,-0.177446,-0.201908,-0.012393,0.103499,-0.190032,0.151459,1.141498,0.410066,-0.060895,-0.026119
-2.308078,-1.809691,0.803325,-0.029006,-0.039108,-0.921937,0.384268,0.278074,-0.046151,-0.131953,0.510430,-0.214788,-0.180848,-0.259138,-0.158418,-0.238552,0.270618,0.128672,0.179125,-0.130685,0.012492,0.100156,-0.008675,0.303582,-0.309194,1.092471,-0.190089,-0.171427,-0.019583,0.090483,-0.207093,0.152985,1.138736,0.419413,-0.055289,-0.030699
-2.328131,-1.819914,0.806912,-0.026450,-0.036563,-0.921925,0.384731,0.201702,-0.035170,-0.110621,0.665895,-0.143810,-0.163504,-0.234862,-0.146716,-0.245455,0.275920,0.099083,0.150040,-0.135258,0.027177,0.097268,0.030836,0.269850,-0.316506,1.153985,-0.208722,-0.130835,-0.041068,0.076820,-0.224341,0.156158,1.126166,0.428750,-0.059738,-0.030480
-2.346289,-1.829216,0.810070,-0.026978,-0.038657,-0.920273,0.388428,0.122072,0.003220,-0.047413,0.818159,-0.148822,-0.121594,-0.198656,-0.145442,-0.257455,0.277692,0.062502,0.137093,-0.140715,0.030306,0.107280,0.064303,0.243868,-0.336870,1.203853,-0.229644,-0.094731,-0.069447,0.065166,-0.238813,0.155675,1.108226,0.442317,-0.063388,-0.035138
-2.363701,-1.837539,0.812827,-0.030151,-0.039451,-0.920049,0.388644,0.048227,0.037603,-0.002877,0.938724,-0.180687,-0.095716,-0.158164,-0.133874,-0.261363,0.270487,0.035427,0.125092,-0.134138,0.034992,0.125208,0.087409,0.225157,-0.359479,1.241683,-0.232742,-0.060415,-0.127281,0.047838,-0.253835,0.155418,1.086727,0.449184,-0.076517,-0.039994
-2.380051,-1.845714,0.815469,-0.033713,-0.041044,-0.922972,0.381184,-0.011739,0.041735,0.014374,1.003765,-0.199058,-0.092992,-0.121968,-0.118320,-0.250407,0.262356,0.015168,0.114444,-0.110357,0.035303,0.140723,0.119009,0.223146,-0.382080,1.245832,-0.189539,-0.054682,-0.175210,0.031801,-0.264326,0.153625,1.067960,0.455209,-0.089591,-0.042948
-2.394604,-1.853202,0.817575,-0.035981,-0.043820,-0.928220,0.367686,-0.065042,0.034666,0.032435,1.022179,-0.214366,-0.089971,-0.097886,-0.104405,-0.226630,0.263318,-0.003151,0.106216,-0.075302,0.031685,0.155369,0.153723,0.221598,-0.383328,1.231334,-0.181166,-0.047700,-0.206138,0.012563,-0.273044,0.149456,1.052362,0.461842,-0.101610,-0.045177
-2.408396,-1.860183,0.818776,-0.037463,-0.046149,-0.934206,0.351747,-0.112890,0.032577,0.055864,1.001382,-0.244934,-0.084629,-0.080507,-0.090677,-0.197210,0.269404,-0.021332,0.105575,-0.038986,0.027428,0.168490,0.187883,0.218572,-0.369524,1.209849,-0.191803,-0.041315,-0.214262,-0.005348,-0.276918,0.143583,1.035467,0.479405,-0.117385,-0.046443
-2.420984,-1.866674,0.819365,-0.038603,-0.047612,-0.939619,0.336689,-0.153727,0.041948,0.087108,0.942263,-0.283424,-0.083417,-0.063545,-0.077823,-0.169689,0.272129,-0.038901,0.112406,-0.009636,0.023746,0.180493,0.216779,0.215057,-0.351157,1.190514,-0.188642,-0.053453,-0.201087,-0.024099,-0.281225,0.140748,1.012734,0.490141,-0.126761,-0.048958
-2.432658,-1.873277,0.819557,-0.039144,-0.046825,-0.944706,0.322188,-0.185510,0.059786,0.123409,0.848775,-0.297522,-0.081591,-0.046006,-0.061781,-0.140249,0.266877,-0.051198,0.115389,0.014581,0.025423,0.191223,0.233229,0.205828,-0.330415,1.180374,-0.199022,-0.073132,-0.171473,-0.047265,-0.288210,0.139189,0.984107,0.480757,-0.131329,-0.071121
-2.443620,-1.880259,0.819579,-0.041170,-0.044956,-0.949735,0.307063,-0.207869,0.066953,0.136529,0.735358,-0.291963,-0.084251,-0.023906,-0.044105,-0.110962,0.256101,-0.061898,0.117063,0.036360,0.031282,0.201426,0.241090,0.194051,-0.316382,1.176969,-0.201329,-0.092957,-0.136737,-0.064431,-0.293383,0.136620,0.962770,0.473111,-0.148514,-0.082148
-2.454392,-1.887706,0.819375,-0.044013,-0.042093,-0.955061,0.290085,-0.220931,0.058732,0.114430,0.610601,-0.280060,-0.100880,0.002687,-0.024824,-0.078988,0.240040,-0.070929,0.120272,0.057730,0.039660,0.208135,0.243486,0.184257,-0.310617,1.175796,-0.195776,-0.109102,-0.111219,-0.073067,-0.296846,0.139927,0.944944,0.471463,-0.161325,-0.083865
-2.464928,-1.894783,0.819063,-0.047337,-0.039660,-0.960329,0.271947,-0.230143,0.035977,0.049899,0.496643,-0.268861,-0.113030,0.031766,-0.006454,-0.040372,0.221031,-0.077698,0.121509,0.075372,0.045117,0.214347,0.239964,0.178777,-0.310167,1.175902,-0.195133,-0.119113,-0.103924,-0.080712,-0.298321,0.148105,0.932642,0.470162,-0.168840,-0.081268
-2.475575,-1.901681,0.819014,-0.051651,-0.038357,-0.965582,0.252017,-0.233286,0.002278,-0.057477,0.404351,-0.242363,-0.112429,0.067180,0.008410,0.001114,0.193889,-0.078475,0.123391,0.089668,0.045440,0.217927,0.236943,0.181360,-0.312453,1.172049,-0.189102,-0.119864,-0.118241,-0.083379,-0.294732,0.160300,0.924701,0.464843,-0.168983,-0.074723
-2.486199,-1.908528,0.818980,-0.056268,-0.038188,-0.971561,0.226816,-0.223053,-0.035545,-0.193567,0.327717,-0.204411,-0.114561,0.102038,0.019215,0.051091,0.168694,-0.078818,0.124126,0.107404,0.040549,0.223300,0.230328,0.187548,-0.316821,1.167159,-0.201556,-0.121506,-0.127547,-0.087158,-0.286408,0.176234,0.922826,0.467757,-0.171540,-0.068055
-2.496264,-1.915363,0.818802,-0.058957,-0.037031,-0.978142,0.195938,-0.205982,-0.072144,-0.349777,0.276659,-0.173423,-0.127114,0.126048,0.030071,0.112194,0.152779,-0.077172,0.126727,0.130629,0.034340,0.226603,0.219901,0.198300,-0.322031,1.160004,-0.203768,-0.124339,-0.123902,-0.089462,-0.274480,0.191953,0.919220,0.474643,-0.175688,-0.070781
-2.506156,-1.922291,0.818325,-0.059916,-0.034581,-0.984374,0.161935,-0.186065,-0.095276,-0.479661,0.251240,-0.155734,-0.151061,0.140274,0.041114,0.177921,0.147245,-0.082132,0.131714,0.153935,0.026521,0.229438,0.205464,0.213141,-0.315485,1.147129,-0.185974,-0.128641,-0.109167,-0.095161,-0.268287,0.206146,0.922608,0.461275,-0.170611,-0.061561
-2.516203,-1.929281,0.817458,-0.059977,-0.029803,-0.989728,0.126306,-0.165637,-0.094206,-0.545871,0.244342,-0.136582,-0.177549,0.148849,0.055103,0.243585,0.147683,-0.089284,0.134275,0.169877,0.020975,0.232234,0.192364,0.226014,-0.304064,1.131157,-0.180762,-0.130473,-0.088453,-0.101578,-0.260324,0.221038,0.925153,0.455503,-0.159037,-0.056869
-2.526358,-1.936502,0.816756,-0.059697,-0.024598,-0.993635,0.092305,-0.141561,-0.080258,-0.566058,0.237895,-0.112859,-0.168120,0.157247,0.067539,0.307195,0.149397,-0.094737,0.134380,0.174572,0.013889,0.232102,0.183856,0.239571,-0.295381,1.118624,-0.190786,-0.138551,-0.066990,-0.102158,-0.252424,0.234289,0.925391,0.453816,-0.151741,-0.053875
-2.536342,-1.943904,0.816320,-0.057584,-0.019961,-0.996059,0.064442,-0.126021,-0.062130,-0.531495,0.239464,-0.103809,-0.126738,0.161410,0.075826,0.360941,0.154268,-0.101276,0.129605,0.157906,0.002793,0.225330,0.182123,0.254308,-0.293315,1.110372,-0.201028,-0.147361,-0.042652,-0.096302,-0.245508,0.247614,0.928448,0.449119,-0.147303,-0.059200
-2.544988,-1.951684,0.816996,-0.052003,-0.018799,-0.997471,0.044653,-0.124606,-0.056551,-0.480978,0.248986,-0.114144,-0.087644,0.152653,0.073621,0.396334,0.169146,-0.110991,0.129528,0.119149,-0.019565,0.212945,0.176351,0.271320,-0.290414,1.113586,-0.215747,-0.149669,-0.025079,-0.090618,-0.235625,0.253143,0.940474,0.447889,-0.140947,-0.061735
-2.551641,-1.959180,0.818459,-0.043727,-0.020404,-0.998442,0.028025,-0.129598,-0.058185,-0.438685,0.252080,-0.123784,-0.067642,0.126575,0.067238,0.418785,0.201926,-0.123140,0.135374,0.077490,-0.047924,0.196669,0.157734,0.301953,-0.301311,1.130324,-0.211524,-0.147152,-0.033670,-0.082533,-0.220754,0.240893,0.964939,0.446987,-0.142536,-0.066454
-2.556793,-1.966426,0.819512,-0.032925,-0.020770,-0.999183,0.010817,-0.137264,-0.053163,-0.400006,0.241894,-0.128746,-0.063347,0.082391,0.069064,0.439631,0.253492,-0.135782,0.143586,0.035651,-0.069679,0.177487,0.137001,0.337947,-0.310589,1.144784,-0.200904,-0.136395,-0.052280,-0.072894,-0.208457,0.221986,0.987454,0.454643,-0.147121,-0.070608
-2.559900,-1.973426,0.820153,-0.022498,-0.020201,-0.999485,-0.010705,-0.140923,-0.041305,-0.358110,0.223016,-0.132486,-0.063045,0.026545,0.079362,0.459868,0.322928,-0.147528,0.156751,-0.001696,-0.084105,0.161943,0.117757,0.371749,-0.306149,1.154132,-0.212171,-0.125520,-0.062134,-0.065947,-0.201433,0.211575,1.008121,0.471314,-0.153498,-0.076093
-2.562525,-1.980004,0.820923,0.015511,0.020128,0.999038,0.035747,-0.131729,-0.027533,-0.311142,0.194891,-0.130927,-0.059755,-0.025293,0.091704,0.476182,0.394573,-0.148187,0.178883,-0.034816,-0.095355,0.156423,0.095067,0.404049,-0.302362,1.167743,-0.234854,-0.115199,-0.062209,-0.068572,-0.200422,0.213530,1.033162,0.486326,-0.142836,-0.075339
-2.565032,-1.986104,0.822015,0.011736,0.019543,0.997829,0.061785,-0.112577,-0.012885,-0.261877,0.162418,-0.126841,-0.053980,-0.069437,0.105284,0.483167,0.460805,-0.131424,0.216740,-0.070059,-0.100838,0.159113,0.074953,0.432412,-0.302694,1.180950,-0.248056,-0.111753,-0.037424,-0.078159,-0.208802,0.227298,1.053374,0.475964,-0.128560,-0.077148
-2.566548,-1.991118,0.823274,0.009526,0.016433,0.995771,0.089881,-0.087000,0.009062,-0.209508,0.126466,-0.122719,-0.050991,-0.113563,0.129261,0.483905,0.528503,-0.103156,0.251039,-0.106062,-0.098497,0.164898,0.062063,0.456690,-0.304440,1.190270,-0.245833,-0.110492,0.000985,-0.092834,-0.219149,0.240709,1.071787,0.458383,-0.115935,-0.084748
-2.568023,-1.992673,0.824387,0.009560,0.007067,0.992943,0.117992,-0.053572,0.047773,-0.159338,0.092407,-0.121302,-0.059641,-0.148775,0.164378,0.446083,0.586144,-0.062615,0.261567,-0.142038,-0.083839,0.177467,0.056567,0.478425,-0.300152,1.192266,-0.253400,-0.111441,0.034378,-0.105201,-0.227656,0.239701,1.083470,0.453746,-0.101922,-0.086323
-2.569153,-1.992481,0.825467,0.010990,-0.004356,0.988823,0.148627,-0.013444,0.092097,-0.103060,0.059956,-0.121589,-0.074341,-0.179609,0.182840,0.350739,0.628590,-0.027392,0.261800,-0.169393,-0.064527,0.191833,0.054947,0.496474,-0.286987,1.191836,-0.252896,-0.115495,0.056393,-0.107240,-0.234632,0.226797,1.084386,0.443986,-0.091752,-0.092944
-2.569715,-1.995311,0.826228,0.010683,-0.011709,0.982906,0.183425,0.023844,0.122683,-0.032379,0.026730,-0.119899,-0.084161,-0.215731,0.168109,0.235556,0.662088,-0.044163,0.261800,-0.183760,-0.046631,0.198790,0.053894,0.505260,-0.269412,1.194165,-0.265768,-0.125456,0.073580,-0.094902,-0.243271,0.211727,1.074962,0.437049,-0.095048,-0.108251
-2.571290,-2.002080,0.826386,0.007596,-0.011093,0.975185,0.220982,0.048981,0.127478,0.047309,0.001049,-0.119349,-0.082958,-0.255305,0.103662,0.105034,0.690744,-0.083370,0.261800,-0.186267,-0.036314,0.190747,0.052707,0.507389,-0.252328,1.195686,-0.280468,-0.127889,0.080756,-0.070321,-0.252369,0.195865,1.067729,0.432968,-0.099244,-0.113960
-2.575923,-2.010966,0.825856,0.006529,-0.000259,0.966024,0.258371,0.071935,0.097804,0.123135,-0.019224,-0.123604,-0.070318,-0.280872,-0.028463,-0.057347,0.724619,-0.124757,0.252238,-0.178799,-0.039658,0.173371,0.052014,0.502714,-0.240871,1.188180,-0.296488,-0.125568,0.081943,-0.038120,-0.263854,0.176308,1.063352,0.430843,-0.102238,-0.121873
-2.579628,-2.015520,0.824512,0.003986,0.010382,0.954062,0.299404,0.090088,0.076715,0.210503,-0.032001,-0.134834,-0.064625,-0.280008,-0.165766,-0.261024,0.748380,-0.170339,0.211378,-0.158525,-0.045773,0.158042,0.039492,0.501597,-0.234385,1.177203,-0.311588,-0.127867,0.081435,-0.021857,-0.270418,0.157153,1.076453,0.433643,-0.099016,-0.125497
-2.582491,-2.017249,0.823151,0.000110,0.018942,0.938514,0.344721,0.102098,0.066394,0.306222,-0.031417,-0.154034,-0.064459,-0.252061,-0.268594,-0.460522,0.747807,-0.211671,0.162121,-0.128777,-0.048906,0.144383,0.019893,0.500062,-0.229707,1.165713,-0.321916,-0.134305,0.079322,-0.020290,-0.273563,0.144974,1.110503,0.425874,-0.097168,-0.136416
-2.584784,-2.018027,0.821615,-0.003585,0.028744,0.919758,0.391416,0.109121,0.054593,0.401921,-0.021952,-0.176368,-0.060785,-0.212470,-0.331779,-0.624760,0.720726,-0.233141,0.135314,-0.095260,-0.053830,0.126615,0.004136,0.493128,-0.225614,1.150711,-0.327160,-0.141752,0.076405,-0.022457,-0.272808,0.140765,1.157744,0.409746,-0.091033,-0.143204
-2.586388,-2.017350,0.819678,-0.005524,0.039183,0.898243,0.437715,0.118641,0.041507,0.498731,-0.011830,-0.194667,-0.056656,-0.174861,-0.353214,-0.736701,0.664590,-0.221198,0.133963,-0.062331,-0.059862,0.108207,-0.003950,0.482654,-0.226389,1.133618,-0.319249,-0.155805,0.072548,-0.028067,-0.269067,0.137334,1.214241,0.397201,-0.083726,-0.137552
-2.587415,-2.015390,0.817815,-0.004251,0.047853,0.876079,0.479769,0.133747,0.029253,0.587401,-0.000909,-0.211587,-0.054151,-0.151995,-0.337792,-0.768549,0.583450,-0.203138,0.142215,-0.035626,-0.064643,0.094398,-0.007524,0.465563,-0.221590,1.116636,-0.308837,-0.169732,0.072727,-0.035041,-0.263659,0.131700,1.273874,0.381149,-0.074418,-0.121997
-2.587696,-2.013202,0.816640,-0.000993,0.051607,0.853244,0.518952,0.151168,0.026520,0.664816,0.019601,-0.226676,-0.047982,-0.145546,-0.294696,-0.713501,0.499812,-0.198762,0.139593,-0.018999,-0.060756,0.094277,-0.010265,0.441056,-0.210380,1.094409,-0.314088,-0.179399,0.067551,-0.053138,-0.259324,0.132222,1.325521,0.362596,-0.066387,-0.103560
-2.587846,-2.010779,0.816607,0.003241,0.051272,0.831823,0.552658,0.167680,0.034374,0.731377,0.055061,-0.248129,-0.045733,-0.140285,-0.247103,-0.622332,0.433066,-0.193631,0.128307,-0.022694,-0.049670,0.102920,-0.011255,0.413058,-0.192501,1.073202,-0.324536,-0.190277,0.064604,-0.072560,-0.255928,0.143609,1.351182,0.350976,-0.061790,-0.090139
-2.587687,-2.007590,0.817480,0.006852,0.050166,0.812241,0.581120,0.174998,0.055498,0.782417,0.115756,-0.269128,-0.047968,-0.129409,-0.209289,-0.552795,0.379256,-0.180433,0.121145,-0.040304,-0.034665,0.113277,-0.012915,0.381531,-0.170266,1.051185,-0.328126,-0.195786,0.065868,-0.082813,-0.254814,0.146163,1.348126,0.348822,-0.066701,-0.083713
-2.586210,-2.003924,0.818854,0.011018,0.051047,0.791603,0.608800,0.168031,0.087504,0.814380,0.209602,-0.283203,-0.052546,-0.119122,-0.181877,-0.495846,0.335697,-0.166180,0.118375,-0.055029,-0.023266,0.123707,-0.015936,0.352384,-0.169872,1.023334,-0.338817,-0.194018,0.042625,-0.083791,-0.257772,0.149224,1.317987,0.350730,-0.065963,-0.065329
-2.585067,-2.001186,0.820051,0.012927,0.054627,0.768963,0.636824,0.127452,0.131730,0.799166,0.352015,-0.300203,-0.043805,-0.122345,-0.160499,-0.432517,0.303571,-0.150532,0.117859,-0.063499,-0.015783,0.127693,-0.024710,0.334039,-0.185475,0.992821,-0.337538,-0.193445,0.034664,-0.082749,-0.260114,0.155952,1.274515,0.355030,-0.064967,-0.054827
-2.582168,-1.997356,0.820918,0.017155,0.057916,0.741356,0.668388,0.083573,0.173317,0.762247,0.498987,-0.302063,-0.035872,-0.124111,-0.140642,-0.359653,0.280598,-0.139207,0.119614,-0.060965,-0.017205,0.129573,-0.024837,0.330578,-0.198566,0.958670,-0.308185,-0.200757,0.026784,-0.075639,-0.256374,0.161844,1.228138,0.367196,-0.072824,-0.055269
-2.579569,-1.993350,0.821299,0.023285,0.056820,0.709785,0.701736,0.031815,0.192837,0.679025,0.631717,-0.301040,-0.025958,-0.119051,-0.117018,-0.278903,0.267343,-0.133416,0.117050,-0.049064,-0.018953,0.137386,-0.016049,0.336811,-0.211383,0.913551,-0.270196,-0.203213,0.005293,-0.063795,-0.248271,0.168634,1.182668,0.380800,-0.079619,-0.056451
-2.578804,-1.990313,0.821410,0.027201,0.052936,0.678121,0.732536,-0.033763,0.183262,0.557212,0.735106,-0.317968,-0.024394,-0.113215,-0.090168,-0.201129,0.255785,-0.125361,0.116980,-0.035867,-0.015365,0.151862,-0.013190,0.344200,-0.224792,0.871355,-0.226704,-0.210521,0.000330,-0.056781,-0.240103,0.173911,1.144053,0.388627,-0.085082,-0.058120
-2.578659,-1.986647,0.821907,0.028919,0.048607,0.646715,0.760632,-0.095634,0.148711,0.431595,0.792628,-0.332076,-0.036008,-0.104149,-0.061857,-0.126442,0.238951,-0.111230,0.120268,-0.024340,-0.005559,0.164058,-0.008002,0.347085,-0.242083,0.839757,-0.195909,-0.223398,0.002364,-0.053350,-0.237844,0.182692,1.118180,0.401192,-0.090744,-0.054128
-2.578605,-1.982556,0.822886,0.030637,0.046035,0.615640,0.786085,-0.144965,0.101281,0.320632,0.805731,-0.335362,-0.045235,-0.094383,-0.038083,-0.049732,0.219246,-0.095006,0.122832,-0.012215,0.004272,0.172842,-0.003474,0.344709,-0.258359,0.826601,-0.171319,-0.232205,-0.005395,-0.052269,-0.242064,0.196318,1.105478,0.403504,-0.087266,-0.039376
-2.578540,-1.978516,0.823825,0.032352,0.046240,0.584960,0.809097,-0.187153,0.053648,0.226992,0.787489,-0.331657,-0.040555,-0.090005,-0.022080,0.022514,0.203807,-0.080354,0.129162,0.003202,0.010247,0.179611,-0.004835,0.338429,-0.271951,0.824181,-0.163192,-0.233875,-0.017289,-0.055416,-0.246415,0.207311,1.100595,0.404608,-0.087438,-0.035841
-2.578351,-1.974545,0.824450,0.033013,0.048039,0.554839,0.829913,-0.225940,0.016099,0.148064,0.748844,-0.329901,-0.024927,-0.090038,-0.009445,0.087743,0.191264,-0.067569,0.135863,0.020290,0.013634,0.186848,-0.011011,0.331639,-0.282757,0.827304,-0.168926,-0.233714,-0.025791,-0.065865,-0.248890,0.216776,1.103599,0.419356,-0.093233,-0.040934
-2.578256,-1.970118,0.824745,0.032903,0.049762,0.527663,0.847357,-0.256048,-0.011028,0.083421,0.690151,-0.332804,-0.010171,-0.087978,0.001919,0.147639,0.177056,-0.057482,0.142898,0.032024,0.016837,0.197351,-0.018653,0.323522,-0.290786,0.833207,-0.181765,-0.234263,-0.026752,-0.083906,-0.250446,0.220718,1.114502,0.436063,-0.093739,-0.044318
-2.578012,-1.965264,0.824691,0.032238,0.050255,0.503355,0.862014,-0.276481,-0.038148,0.010065,0.611053,-0.331591,-0.005926,-0.081663,0.013152,0.201743,0.161965,-0.046857,0.150837,0.037286,0.017532,0.209004,-0.020944,0.318425,-0.299135,0.843019,-0.186656,-0.238058,-0.032658,-0.102263,-0.249591,0.223993,1.130862,0.439587,-0.099442,-0.037199
-2.577384,-1.959723,0.824575,0.030497,0.051255,0.481153,0.874605,-0.293313,-0.073880,-0.081496,0.526331,-0.324404,-0.004660,-0.075632,0.022888,0.249453,0.146233,-0.039370,0.156152,0.037248,0.018750,0.216121,-0.015703,0.311231,-0.307951,0.860072,-0.194456,-0.241787,-0.037500,-0.113933,-0.248506,0.231282,1.142321,0.443001,-0.111007,-0.034469
-2.576043,-1.953266,0.824135,0.027668,0.053207,0.462276,0.884706,-0.302055,-0.108392,-0.170057,0.438966,-0.305745,-0.014420,-0.068558,0.030238,0.288319,0.127716,-0.035443,0.162109,0.034199,0.019803,0.216986,-0.009860,0.301358,-0.318764,0.892952,-0.210150,-0.240407,-0.033570,-0.118058,-0.247346,0.237557,1.145311,0.439443,-0.114157,-0.038481
-2.573634,-1.945918,0.823341,0.024449,0.053956,0.445797,0.893172,-0.293625,-0.128822,-0.235654,0.351064,-0.273438,-0.041774,-0.055951,0.037092,0.320793,0.107483,-0.032927,0.167536,0.030674,0.019503,0.216399,-0.007389,0.289289,-0.331079,0.949076,-0.231931,-0.239789,-0.029567,-0.116550,-0.244141,0.242850,1.144554,0.449765,-0.121394,-0.039197
-2.570983,-1.937392,0.822367,0.020969,0.052969,0.433259,0.899467,-0.275783,-0.132251,-0.255352,0.285767,-0.226638,-0.062840,-0.040114,0.043774,0.347319,0.092859,-0.035606,0.165763,0.021952,0.019382,0.215742,-0.002765,0.273015,-0.337598,1.012901,-0.245167,-0.230723,-0.027942,-0.112363,-0.240537,0.249496,1.140938,0.455976,-0.123083,-0.038855
-2.567834,-1.927759,0.821594,0.018374,0.051832,0.424829,0.903602,-0.256584,-0.126088,-0.233248,0.257417,-0.188302,-0.038518,-0.026053,0.047751,0.364281,0.090268,-0.045454,0.156868,0.004450,0.017611,0.213989,0.009279,0.254290,-0.336604,1.069295,-0.255840,-0.210663,-0.026374,-0.107324,-0.240179,0.256648,1.138598,0.449990,-0.122536,-0.039008
-2.563366,-1.917705,0.820828,0.015300,0.051706,0.418675,0.906534,-0.241282,-0.118970,-0.212905,0.251849,-0.174813,0.003713,-0.018209,0.054226,0.376530,0.100431,-0.058593,0.144717,-0.016380,0.013379,0.207032,0.033986,0.239785,-0.336785,1.107936,-0.263231,-0.185540,-0.029107,-0.098642,-0.240968,0.263868,1.131806,0.435292,-0.121836,-0.041367
-2.557714,-1.907274,0.820356,0.013650,0.051637,0.413132,0.909104,-0.226945,-0.117007,-0.205455,0.256046,-0.183047,0.024201,-0.013573,0.061101,0.388249,0.124292,-0.076898,0.134645,-0.033617,0.002596,0.200186,0.067798,0.234109,-0.344044,1.128604,-0.248328,-0.176688,-0.031979,-0.087024,-0.239232,0.267801,1.122170,0.420774,-0.118781,-0.045441
-2.551100,-1.897245,0.820230,0.014584,0.051049,0.407300,0.911750,-0.206538,-0.117413,-0.200926,0.257788,-0.199052,0.025526,-0.013845,0.068227,0.398869,0.167785,-0.101969,0.126407,-0.043466,-0.015278,0.193448,0.104612,0.236306,-0.357856,1.142146,-0.230182,-0.174093,-0.043129,-0.070027,-0.232565,0.256750,1.114081,0.429739,-0.119669,-0.046875
-2.543910,-1.887401,0.819705,0.015790,0.051614,0.401984,0.914055,-0.185249,-0.118564,-0.194952,0.255069,-0.215732,0.029007,-0.025835,0.078939,0.406227,0.232653,-0.129826,0.123555,-0.047820,-0.035867,0.180840,0.139733,0.244260,-0.366720,1.147614,-0.218955,-0.167479,-0.067529,-0.049193,-0.220734,0.235731,1.110433,0.447777,-0.125019,-0.048834
-2.536880,-1.877192,0.818691,0.017345,0.051854,0.397106,0.916143,-0.158772,-0.121634,-0.188790,0.244900,-0.231806,0.040544,-0.045464,0.090868,0.402906,0.314424,-0.154142,0.132065,-0.052544,-0.055981,0.168342,0.173986,0.253789,-0.362465,1.145385,-0.198838,-0.148112,-0.090386,-0.028385,-0.206691,0.214207,1.106827,0.458066,-0.115499,-0.051241
-2.529744,-1.867086,0.817703,0.019983,0.049059,0.393362,0.917856,-0.119469,-0.123574,-0.185201,0.222774,-0.245967,0.048335,-0.060926,0.100851,0.381929,0.401811,-0.165738,0.152311,-0.061721,-0.073682,0.164042,0.201823,0.261890,-0.352738,1.146631,-0.194198,-0.128031,-0.108969,-0.015801,-0.195974,0.197264,1.105409,0.462938,-0.102519,-0.045857
-2.522260,-1.857218,0.817262,0.021544,0.043714,0.391574,0.918855,-0.074837,-0.121148,-0.186367,0.197259,-0.256359,0.050168,-0.074037,0.113117,0.355831,0.490606,-0.157688,0.184321,-0.077421,-0.084176,0.165133,0.217398,0.266199,-0.347623,1.158200,-0.197422,-0.117514,-0.121724,-0.014425,-0.190644,0.188378,1.110406,0.461288,-0.094459,-0.037748
-2.514773,-1.847549,0.817128,0.020622,0.037289,0.392858,0.918611,-0.032525,-0.113727,-0.193548,0.175563,-0.264852,0.052183,-0.092942,0.134109,0.339223,0.586798,-0.125475,0.233481,-0.101309,-0.085109,0.166803,0.218300,0.265464,-0.345481,1.183396,-0.183595,-0.108062,-0.123759,-0.017026,-0.188805,0.182198,1.115355,0.454519,-0.088165,-0.040245
-2.503505,-1.839865,0.816702,0.014653,0.025930,0.396685,0.917472,0.013910,-0.085604,-0.206072,0.161041,-0.280931,0.046656,-0.107897,0.178217,0.307590,0.679362,-0.067937,0.260323,-0.128802,-0.072772,0.173958,0.208650,0.269200,-0.349375,1.211593,-0.156364,-0.095544,-0.131828,-0.017446,-0.187914,0.174448,1.113946,0.442911,-0.080531,-0.038626
-2.490321,-1.833370,0.815842,0.006579,0.012659,0.398314,0.917138,0.062326,-0.046523,-0.213181,0.149788,-0.301785,0.035015,-0.127810,0.226958,0.259487,0.767517,-0.019391,0.261800,-0.148894,-0.054807,0.187147,0.191027,0.277018,-0.357808,1.231588,-0.138998,-0.088768,-0.142870,-0.018263,-0.190278,0.169673,1.108242,0.433802,-0.071521,-0.028979
-2.481421,-1.824653,0.815254,0.000802,0.002583,0.396954,0.917835,0.101900,-0.021867,-0.211386,0.143183,-0.317992,0.029641,-0.164522,0.243316,0.219816,0.844276,-0.031541,0.261800,-0.160277,-0.039329,0.196736,0.168556,0.281114,-0.360202,1.245465,-0.148683,-0.085070,-0.144923,-0.014785,-0.195499,0.171831,1.101793,0.428354,-0.066922,-0.021645
-2.475599,-1.813999,0.815023,-0.002808,-0.004018,0.392613,0.919691,0.132060,-0.010983,-0.203046,0.142490,-0.331627,0.028469,-0.214708,0.215336,0.168298,0.894706,-0.072964,0.261800,-0.162682,-0.025647,0.198222,0.141763,0.280815,-0.350848,1.256990,-0.188636,-0.081396,-0.144758,-0.005644,-0.201974,0.177689,1.100113,0.418014,-0.064055,-0.018645
-2.469684,-1.803080,0.814576,-0.003255,-0.007674,0.388161,0.921554,0.157269,-0.010563,-0.190108,0.146236,-0.341864,0.027845,-0.264663,0.162142,0.110280,0.907654,-0.105318,0.261746,-0.159715,-0.015646,0.197456,0.107326,0.279093,-0.338214,1.259627,-0.226230,-0.081733,-0.125755,0.002198,-0.210355,0.179473,1.102780,0.410973,-0.063612,-0.023068
-2.462286,-1.793448,0.813607,-0.002705,-0.009196,0.386879,0.922081,0.175470,-0.011974,-0.182833,0.154185,-0.349858,0.025115,-0.306559,0.114875,0.063454,0.876061,-0.120878,0.261714,-0.159978,-0.008685,0.194923,0.068831,0.279679,-0.326865,1.244611,-0.258126,-0.092242,-0.096861,0.006727,-0.216461,0.179382,1.109822,0.411482,-0.064411,-0.028637
-2.453522,-1.784449,0.812070,-0.002231,-0.009646,0.385870,0.922500,0.193935,-0.012348,-0.178261,0.159480,-0.359256,0.016776,-0.340251,0.076827,0.030299,0.805302,-0.131216,0.256523,-0.159438,-0.002812,0.192407,0.030585,0.282591,-0.316605,1.210229,-0.284806,-0.110112,-0.071659,0.008389,-0.220576,0.181919,1.120234,0.410095,-0.064809,-0.033646
-2.443614,-1.775938,0.810159,-0.000609,-0.010291,0.385038,0.922843,0.217823,-0.012981,-0.171800,0.158166,-0.365725,0.006781,-0.361913,0.040051,0.001128,0.700867,-0.127039,0.251194,-0.156893,0.001056,0.194087,-0.008018,0.288784,-0.311483,1.162218,-0.297768,-0.133378,-0.047240,0.008382,-0.223351,0.184183,1.129735,0.407874,-0.066241,-0.039298
-2.432480,-1.767570,0.807905,0.002569,-0.010752,0.385848,0.922496,0.244955,-0.015326,-0.166934,0.153597,-0.372382,0.002543,-0.370305,0.000209,-0.031422,0.569217,-0.091645,0.251885,-0.156624,0.001476,0.197962,-0.047252,0.295841,-0.310369,1.108163,-0.304439,-0.162845,-0.024754,0.007050,-0.223799,0.186052,1.138082,0.405394,-0.070319,-0.044183
-2.420354,-1.759176,0.805134,0.006961,-0.009085,0.386388,0.922265,0.270259,-0.020271,-0.158519,0.147246,-0.374462,0.002045,-0.373928,-0.039043,-0.055543,0.426607,-0.027074,0.251546,-0.154369,-0.001233,0.198831,-0.086567,0.304040,-0.311854,1.052656,-0.299891,-0.190480,-0.015390,0.005918,-0.223232,0.185346,1.143415,0.404002,-0.071206,-0.042641
-2.407341,-1.750704,0.801953,0.011009,-0.005533,0.385273,0.922720,0.291091,-0.027469,-0.152006,0.143960,-0.374585,-0.001412,-0.379988,-0.070810,-0.066252,0.291062,0.054970,0.248883,-0.147284,-0.003379,0.194401,-0.124657,0.314692,-0.318231,1.003242,-0.278767,-0.213760,-0.016463,0.008996,-0.222413,0.181591,1.143362,0.409054,-0.072838,-0.037495
-2.393083,-1.742043,0.798744,0.012368,-0.001573,0.383496,0.923459,0.308161,-0.029310,-0.148827,0.145512,-0.376782,-0.011337,-0.388151,-0.090743,-0.073526,0.178462,0.106533,0.245541,-0.138422,-0.000098,0.186835,-0.160869,0.325764,-0.321528,0.964785,-0.244795,-0.233975,-0.025556,0.015614,-0.221735,0.175964,1.137345,0.414577,-0.076921,-0.029696
-2.377149,-1.732998,0.795406,0.011224,0.002095,0.381754,0.924193,0.324751,-0.023530,-0.150322,0.148772,-0.377494,-0.025958,-0.395341,-0.101707,-0.096285,0.113034,0.084017,0.253412,-0.131253,0.007618,0.179461,-0.194385,0.331646,-0.320637,0.936726,-0.226435,-0.240884,-0.043041,0.019923,-0.222192,0.170591,1.129010,0.411374,-0.075457,-0.018071
-2.359323,-1.723295,0.791978,0.010185,0.004465,0.379599,0.925084,0.345120,-0.016122,-0.158334,0.154426,-0.371575,-0.045789,-0.401233,-0.105823,-0.113366,0.113578,0.056890,0.261684,-0.129798,0.014315,0.173425,-0.212378,0.336490,-0.324834,0.911228,-0.228178,-0.246036,-0.041177,0.026056,-0.220845,0.169945,1.118379,0.410256,-0.076772,-0.019024
-2.339258,-1.713240,0.789029,0.008775,0.006943,0.376109,0.926508,0.364348,-0.007844,-0.168874,0.165129,-0.355653,-0.068478,-0.409529,-0.105261,-0.136532,0.161435,0.091709,0.261774,-0.134016,0.022615,0.170672,-0.224039,0.340776,-0.326515,0.894456,-0.232147,-0.253218,-0.029171,0.019455,-0.220088,0.168639,1.114039,0.412952,-0.079293,-0.025952
-2.318036,-1.701604,0.788194,0.006562,0.010600,0.374055,0.927323,0.371988,-0.001755,-0.180762,0.192524,-0.325272,-0.091635,-0.416057,-0.107072,-0.160409,0.214544,0.130481,0.261800,-0.147672,0.035288,0.166061,-0.227591,0.341317,-0.325989,0.892323,-0.226613,-0.255975,-0.022413,0.004346,-0.222694,0.166229,1.117121,0.416237,-0.080469,-0.030328
-2.295423,-1.688522,0.790183,0.001761,0.013875,0.372669,0.927859,0.364148,0.007302,-0.185211,0.246386,-0.275933,-0.120114,-0.414663,-0.095266,-0.155211,0.256508,0.129705,0.244683,-0.165544,0.055263,0.155220,-0.214249,0.338128,-0.332639,0.902015,-0.209238,-0.255003,-0.012924,-0.001906,-0.226654,0.166453,1.119803,0.419844,-0.086179,-0.042268
-2.270668,-1.675133,0.794065,-0.005554,0.016188,0.367634,0.929813,0.339369,0.021634,-0.170303,0.332809,-0.201111,-0.155326,-0.399868,-0.067609,-0.148582,0.281233,0.110884,0.209925,-0.175149,0.080825,0.141430,-0.193616,0.330557,-0.346093,0.926354,-0.193266,-0.248997,-0.006633,-0.003498,-0.231568,0.173071,1.121393,0.416268,-0.093819,-0.064837
-2.244904,-1.661700,0.798861,-0.010470,0.018837,0.360439,0.932534,0.291417,0.033546,-0.133213,0.453787,-0.091237,-0.182249,-0.371180,-0.042356,-0.147878,0.284938,0.087649,0.172258,-0.174915,0.100415,0.124529,-0.169258,0.320351,-0.361225,0.954516,-0.180362,-0.229382,-0.007540,-0.001803,-0.235611,0.185878,1.120609,0.419319,-0.098720,-0.092103
-2.219997,-1.648728,0.803458,-0.009566,0.020378,0.354125,0.934927,0.220255,0.042184,-0.085065,0.607805,-0.017967,-0.171260,-0.331028,-0.028339,-0.142025,0.279543,0.057986,0.143152,-0.166464,0.106403,0.113196,-0.147540,0.311499,-0.379260,0.979005,-0.175431,-0.204840,-0.026076,0.000493,-0.238458,0.200999,1.116374,0.432387,-0.109479,-0.118866
-2.196456,-1.636204,0.807488,-0.004120,0.017843,0.346978,0.937694,0.144267,0.051605,-0.031228,0.771325,-0.048975,-0.134631,-0.279715,-0.021781,-0.129954,0.272855,0.024518,0.130331,-0.145538,0.101724,0.117557,-0.129720,0.303290,-0.396219,0.998023,-0.176926,-0.186942,-0.051293,0.000027,-0.240813,0.212399,1.106914,0.435948,-0.125555,-0.135319
-2.173539,-1.624086,0.811026,0.001821,0.012596,0.336562,0.941575,0.071267,0.063949,0.024869,0.911644,-0.114875,-0.102634,-0.221871,-0.011702,-0.107767,0.259710,-0.003364,0.120891,-0.113513,0.093515,0.131387,-0.111489,0.295793,-0.409721,1.012361,-0.176591,-0.179981,-0.062050,-0.009586,-0.242450,0.222940,1.099943,0.431416,-0.143359,-0.148536
-2.151206,-1.612094,0.813938,0.007163,0.008024,0.322174,0.946619,-0.002878,0.063545,0.064549,1.011490,-0.162065,-0.085216,-0.165114,-0.000049,-0.080070,0.240602,-0.023996,0.110615,-0.074469,0.083614,0.142902,-0.084278,0.288979,-0.415392,1.021694,-0.180644,-0.180169,-0.064197,-0.029075,-0.242721,0.235802,1.101717,0.423404,-0.152545,-0.149464
-2.129765,-1.599921,0.816042,0.012705,0.004871,0.306219,0.951864,-0.077769,0.050775,0.092262,1.066188,-0.208455,-0.078904,-0.110609,0.006357,-0.052004,0.219079,-0.044550,0.109134,-0.034797,0.070924,0.150176,-0.045103,0.280483,-0.406648,1.024856,-0.174956,-0.180940,-0.064315,-0.054008,-0.241034,0.242859,1.105476,0.407328,-0.148618,-0.130084
-2.108787,-1.587388,0.817280,0.017702,0.002122,0.290540,0.956697,-0.150672,0.042383,0.121019,1.077661,-0.250815,-0.068947,-0.056058,0.009321,-0.020976,0.194659,-0.064019,0.113679,0.003106,0.058819,0.156994,-0.003453,0.271713,-0.398050,1.027577,-0.163005,-0.184084,-0.057207,-0.078116,-0.236124,0.239825,1.101808,0.401150,-0.153692,-0.120703
-2.088186,-1.574473,0.817472,0.021024,0.000306,0.277694,0.960439,-0.222951,0.041478,0.146947,1.050978,-0.281564,-0.054321,-0.003665,0.010437,0.006337,0.169158,-0.082057,0.117415,0.035400,0.050047,0.162275,0.035300,0.263746,-0.395061,1.036229,-0.151910,-0.193200,-0.050520,-0.098702,-0.233322,0.238465,1.089649,0.402724,-0.175478,-0.125281
-2.067659,-1.561292,0.816521,0.023099,-0.000927,0.269009,0.962860,-0.286120,0.050403,0.175889,0.982645,-0.301434,-0.047865,0.046515,0.009482,0.025188,0.146279,-0.103620,0.119279,0.057917,0.043428,0.168787,0.068876,0.252541,-0.384781,1.052750,-0.143854,-0.193571,-0.060243,-0.119264,-0.236256,0.240064,1.068206,0.378424,-0.180266,-0.109348
-2.047334,-1.547882,0.814464,0.024787,-0.003301,0.262208,0.964687,-0.329676,0.063930,0.208980,0.868521,-0.303474,-0.047360,0.094307,0.007316,0.036978,0.133913,-0.131506,0.121431,0.075335,0.039485,0.182814,0.088966,0.237543,-0.374482,1.078339,-0.142002,-0.187161,-0.065552,-0.143215,-0.240416,0.241459,1.040520,0.360179,-0.173392,-0.092858
-2.026835,-1.534164,0.811517,0.025441,-0.006329,0.256526,0.966182,-0.356608,0.073205,0.235795,0.716186,-0.268034,-0.048555,0.138796,0.006560,0.046023,0.132358,-0.158244,0.119197,0.088561,0.038615,0.196947,0.103757,0.223873,-0.371222,1.110376,-0.137496,-0.178457,-0.076832,-0.163432,-0.245259,0.243793,1.012841,0.357273,-0.175860,-0.089231
-2.005403,-1.519550,0.807933,0.023556,-0.005989,0.252706,0.967238,-0.380127,0.073183,0.242882,0.539254,-0.196147,-0.040820,0.177521,0.007905,0.050804,0.129196,-0.179494,0.106765,0.095425,0.039627,0.194468,0.119515,0.204025,-0.361785,1.157971,-0.106080,-0.167545,-0.108274,-0.172497,-0.245902,0.242156,0.997237,0.330221,-0.191607,-0.081029
-1.983449,-1.504462,0.803578,0.021190,-0.005008,0.248620,0.968356,-0.392367,0.068034,0.236635,0.355299,-0.123007,-0.034912,0.213651,0.009060,0.055557,0.129347,-0.200865,0.100518,0.101516,0.040250,0.189205,0.132958,0.185761,-0.353215,1.205393,-0.073572,-0.157489,-0.135059,-0.179731,-0.245458,0.243808,0.991430,0.316402,-0.205484,-0.066465
-1.960915,-1.488999,0.798945,0.021848,-0.006226,0.240665,0.970342,-0.382934,0.059656,0.223290,0.186289,-0.084669,-0.037484,0.247417,0.004088,0.069040,0.147889,-0.224383,0.109898,0.115082,0.034521,0.194096,0.151089,0.180949,-0.349485,1.226448,-0.068362,-0.143284,-0.151560,-0.187754,-0.248489,0.250894,0.987370,0.330840,-0.198598,-0.044785
-1.937535,-1.472336,0.794856,0.024190,-0.006550,0.229589,0.972965,-0.367154,0.052662,0.212838,0.075218,-0.090152,-0.043514,0.272821,-0.006934,0.091083,0.182583,-0.242914,0.129286,0.133625,0.022324,0.197414,0.175062,0.181426,-0.343869,1.232284,-0.071268,-0.134804,-0.154937,-0.190607,-0.249476,0.258103,0.991772,0.343364,-0.187864,-0.028433
-1.913339,-1.454209,0.791873,0.026795,-0.004885,0.219877,0.975147,-0.357792,0.051037,0.222622,0.056733,-0.099484,-0.045070,0.291376,-0.019967,0.119962,0.224854,-0.243313,0.155117,0.148391,0.007647,0.191918,0.203044,0.180829,-0.336936,1.234524,-0.080720,-0.134298,-0.154202,-0.180854,-0.248840,0.263570,1.004076,0.345955,-0.181370,-0.022265
-1.888160,-1.434580,0.790136,0.029106,-0.001960,0.214297,0.976333,-0.358426,0.050453,0.243786,0.119426,-0.091855,-0.028856,0.301818,-0.030697,0.150923,0.281427,-0.225643,0.183077,0.157575,-0.009018,0.184647,0.214130,0.183110,-0.322075,1.243517,-0.084913,-0.136721,-0.164834,-0.170810,-0.246845,0.260179,1.030091,0.342320,-0.173250,-0.013964
-1.861782,-1.413431,0.789632,0.032093,0.002854,0.212156,0.976704,-0.362884,0.037366,0.245792,0.188009,-0.060496,-0.004026,0.299252,-0.041095,0.177916,0.357355,-0.186945,0.216676,0.160664,-0.030748,0.174875,0.210769,0.189790,-0.301651,1.256683,-0.078638,-0.141938,-0.181397,-0.158336,-0.243308,0.246636,1.061637,0.329092,-0.161853,-0.004084
-1.834176,-1.391862,0.790445,0.034070,0.008238,0.214877,0.976012,-0.361833,0.008235,0.206430,0.229819,-0.025572,0.019182,0.282041,-0.046830,0.178954,0.455927,-0.109574,0.248766,0.151680,-0.053171,0.156201,0.211453,0.199803,-0.290800,1.267374,-0.071178,-0.146172,-0.191960,-0.126959,-0.235223,0.229154,1.087331,0.316105,-0.153521,-0.004176
-1.806837,-1.370682,0.792666,0.033106,0.012229,0.224511,0.973832,-0.352390,-0.018899,0.165754,0.271770,-0.033433,0.047690,0.239869,-0.045565,0.143942,0.594495,-0.002357,0.261800,0.127408,-0.069010,0.135764,0.199015,0.211169,-0.294314,1.286951,-0.072384,-0.146089,-0.194616,-0.089298,-0.222242,0.213236,1.115746,0.328514,-0.156691,-0.017999
-1.782117,-1.349196,0.796433,0.035474,0.015200,0.236369,0.970897,-0.323753,-0.050453,0.148795,0.290199,-0.069156,0.082836,0.165325,-0.059509,0.104926,0.769922,0.123877,0.256648,0.103694,-0.085697,0.126141,0.166671,0.227893,-0.353586,1.298709,-0.130995,-0.143678,-0.169131,-0.049584,-0.211071,0.192824,1.129965,0.383638,-0.152026,-0.061308
-1.759184,-1.328764,0.801260,0.036747,0.013455,0.245120,0.968703,-0.267993,-0.075274,0.131237,0.275089,-0.105229,0.098451,0.074909,-0.072106,0.078390,0.944018,0.208725,0.227633,0.087667,-0.093891,0.130528,0.118344,0.249901,-0.429112,1.304431,-0.195666,-0.127060,-0.146676,-0.015904,-0.202853,0.173504,1.139437,0.441802,-0.134554,-0.099198
-1.736457,-1.310048,0.806528,0.031286,0.007343,0.253271,0.966861,-0.199242,-0.079238,0.106740,0.245344,-0.133236,0.095302,-0.014823,-0.051324,0.062521,1.077101,0.183517,0.187986,0.067035,-0.082108,0.134139,0.060381,0.263822,-0.453122,1.319773,-0.199180,-0.109323,-0.149242,0.007455,-0.198453,0.170249,1.165198,0.458475,-0.118114,-0.105817
-1.713483,-1.291542,0.811427,0.024257,0.000276,0.265009,0.963941,-0.126791,-0.078617,0.074760,0.207695,-0.154030,0.087956,-0.095039,-0.013142,0.051657,1.151490,0.104696,0.168368,0.036575,-0.061471,0.133799,0.001848,0.271197,-0.445034,1.325325,-0.174232,-0.102681,-0.141757,0.029967,-0.201293,0.170799,1.189429,0.443445,-0.092441,-0.086898
-1.690462,-1.273504,0.814851,0.017568,-0.006374,0.280838,0.959573,-0.056859,-0.076527,0.034297,0.170583,-0.170953,0.077630,-0.166968,0.016401,0.030255,1.170076,0.038300,0.156951,-0.002996,-0.039487,0.133712,-0.050741,0.279039,-0.422338,1.311408,-0.147039,-0.109789,-0.122752,0.054290,-0.209318,0.161747,1.203384,0.412932,-0.073756,-0.046434
-1.667811,-1.256147,0.816479,0.013232,-0.011605,0.297456,0.954573,0.011056,-0.074436,-0.000148,0.131320,-0.183440,0.065870,-0.235281,0.026746,0.003078,1.144638,-0.004699,0.141203,-0.042611,-0.021705,0.133728,-0.095584,0.289670,-0.403060,1.276585,-0.139382,-0.129023,-0.098062,0.081553,-0.219176,0.153854,1.208765,0.385795,-0.064212,-0.019301
-1.645046,-1.238814,0.816265,0.011167,-0.016135,0.313156,0.949499,0.080282,-0.071859,-0.025341,0.089781,-0.196300,0.054420,-0.292518,0.019219,-0.026011,1.075652,-0.038631,0.129442,-0.079228,-0.008745,0.135220,-0.137798,0.302637,-0.378055,1.227046,-0.128311,-0.145577,-0.084571,0.106434,-0.228498,0.148958,1.214780,0.367269,-0.056135,-0.003252
-1.622190,-1.221774,0.814287,0.010888,-0.020698,0.327377,0.944604,0.148134,-0.069274,-0.053574,0.054463,-0.214471,0.045876,-0.333522,0.002471,-0.054129,0.961477,-0.062429,0.124634,-0.111342,-0.000563,0.140691,-0.175647,0.317313,-0.354989,1.168461,-0.126698,-0.170289,-0.070954,0.125696,-0.233392,0.134856,1.223652,0.363575,-0.055663,0.004621
-1.598817,-1.205257,0.810821,0.014882,-0.025560,0.339116,0.940279,0.212874,-0.072745,-0.079228,0.034511,-0.237470,0.046421,-0.351992,-0.019383,-0.073290,0.803911,-0.064748,0.132389,-0.140152,-0.004415,0.144249,-0.195747,0.330925,-0.324086,1.100972,-0.114340,-0.195362,-0.041563,0.140475,-0.233418,0.130773,1.246230,0.352676,-0.074264,0.025088
-1.575320,-1.188886,0.805952,0.021411,-0.027105,0.349513,0.936295,0.263938,-0.082320,-0.101935,0.032006,-0.266018,0.051500,-0.358292,-0.046741,-0.085228,0.614467,-0.039420,0.149107,-0.164704,-0.015675,0.139899,-0.206704,0.345219,-0.296505,1.026477,-0.079691,-0.221117,-0.014504,0.152814,-0.231981,0.130013,1.274847,0.338803,-0.099962,0.053086
-1.552306,-1.172529,0.800153,0.027983,-0.024073,0.357458,0.933199,0.301958,-0.094205,-0.118023,0.035927,-0.295664,0.050840,-0.368818,-0.072250,-0.080761,0.422151,0.008349,0.162773,-0.177153,-0.026693,0.131344,-0.222926,0.359816,-0.292055,0.953708,-0.059204,-0.247972,0.003576,0.165143,-0.228921,0.114569,1.289624,0.328191,-0.104182,0.057231
-1.528671,-1.155958,0.794399,0.033054,-0.020397,0.363305,0.930860,0.335530,-0.101588,-0.122079,0.048193,-0.321122,0.042739,-0.381167,-0.090467,-0.062874,0.261527,0.035301,0.175587,-0.182271,-0.034632,0.120759,-0.229944,0.372012,-0.293611,0.883946,-0.035486,-0.271895,0.017070,0.182109,-0.223548,0.096536,1.290933,0.317502,-0.105508,0.063352
-1.504030,-1.138950,0.789314,0.033344,-0.017875,0.368995,0.928661,0.363540,-0.096771,-0.128200,0.071896,-0.342875,0.026281,-0.385580,-0.104325,-0.074915,0.153856,0.018164,0.187833,-0.186534,-0.030659,0.112628,-0.230662,0.379201,-0.295878,0.820141,-0.016073,-0.289219,0.028530,0.197286,-0.220411,0.082020,1.282176,0.314144,-0.106353,0.071841
-1.478423,-1.121485,0.784987,0.031237,-0.017492,0.373115,0.927094,0.388406,-0.085629,-0.142492,0.107806,-0.355593,0.007068,-0.379636,-0.111263,-0.098661,0.126304,0.001549,0.193347,-0.190126,-0.019323,0.107158,-0.224428,0.379730,-0.297790,0.774864,-0.008968,-0.295871,0.042974,0.207405,-0.220235,0.081277,1.270764,0.305645,-0.103858,0.073286
-1.451367,-1.103508,0.781590,0.028987,-0.016455,0.375679,0.926150,0.402533,-0.077717,-0.165744,0.162470,-0.354778,-0.012292,-0.380752,-0.114205,-0.111243,0.184138,0.037401,0.187262,-0.196522,-0.005691,0.099503,-0.213949,0.372291,-0.298635,0.757956,-0.002313,-0.301670,0.050826,0.203402,-0.224740,0.086750,1.262010,0.298586,-0.104236,0.072525
-1.422767,-1.084820,0.780105,0.023773,-0.013965,0.377082,0.925769,0.400149,-0.067230,-0.188033,0.237784,-0.331660,-0.042855,-0.385651,-0.106150,-0.117953,0.254271,0.092472,0.183268,-0.204470,0.017053,0.088677,-0.199961,0.353165,-0.294896,0.765525,0.003958,-0.300035,0.050202,0.183431,-0.232815,0.085459,1.259854,0.290943,-0.106098,0.069107
-1.393104,-1.065891,0.781271,0.014844,-0.012772,0.374929,0.926847,0.384775,-0.049550,-0.191823,0.332450,-0.271283,-0.090643,-0.378778,-0.074338,-0.102070,0.299577,0.116669,0.168633,-0.206013,0.048631,0.075162,-0.168364,0.328388,-0.295299,0.788256,0.002949,-0.294688,0.041962,0.167907,-0.239443,0.083172,1.257037,0.284257,-0.111545,0.057066
-1.363601,-1.047629,0.784300,0.005970,-0.011756,0.367537,0.929916,0.342656,-0.033298,-0.165332,0.464405,-0.169824,-0.142458,-0.359913,-0.038033,-0.092191,0.334747,0.104141,0.132572,-0.196524,0.081090,0.063549,-0.134712,0.302605,-0.301846,0.833867,-0.003988,-0.290977,0.021951,0.146613,-0.247912,0.087329,1.253113,0.276518,-0.122397,0.039664
-1.335573,-1.030697,0.788088,0.002829,-0.012483,0.361614,0.932240,0.270165,-0.016386,-0.113852,0.632437,-0.063624,-0.166408,-0.318430,-0.017797,-0.094230,0.344412,0.078026,0.120312,-0.187313,0.102297,0.065174,-0.104615,0.293279,-0.322639,0.882185,-0.045414,-0.277906,-0.016579,0.119789,-0.252239,0.109528,1.227078,0.322614,-0.121186,-0.047535
-1.309433,-1.015039,0.791861,0.004929,-0.014921,0.361532,0.932227,0.176480,0.025806,-0.033445,0.810674,-0.041571,-0.144983,-0.259937,-0.011055,-0.097197,0.336113,0.040157,0.127647,-0.182718,0.109912,0.081929,-0.084728,0.292497,-0.350971,0.928057,-0.097389,-0.243198,-0.068499,0.088760,-0.253717,0.130487,1.184616,0.401515,-0.123438,-0.154230
-1.284461,-0.999604,0.795911,0.008577,-0.016879,0.359736,0.932862,0.077904,0.079455,0.056080,0.957899,-0.082347,-0.097677,-0.202380,-0.006261,-0.092791,0.324762,-0.000946,0.115664,-0.166943,0.110080,0.099381,-0.078082,0.276810,-0.371317,0.992400,-0.099837,-0.204628,-0.117066,0.053112,-0.260946,0.129583,1.154378,0.426629,-0.153471,-0.167316
-1.259911,-0.984244,0.800001,0.013364,-0.020322,0.353499,0.935119,-0.008854,0.101911,0.107362,1.042574,-0.114365,-0.062667,-0.137574,0.000849,-0.078659,0.301392,-0.028958,0.106749,-0.142342,0.104094,0.116455,-0.061254,0.263665,-0.391290,1.049063,-0.090772,-0.174401,-0.149135,0.018011,-0.266737,0.134711,1.123812,0.437341,-0.161822,-0.156361
-1.236261,-0.968435,0.803222,0.018343,-0.021801,0.341709,0.939374,-0.088516,0.090859,0.135906,1.064832,-0.163733,-0.053991,-0.075997,0.005855,-0.056141,0.270919,-0.049443,0.106874,-0.107050,0.093160,0.125790,-0.027557,0.253817,-0.405784,1.094952,-0.081990,-0.157427,-0.163309,-0.013652,-0.271578,0.146480,1.095951,0.429767,-0.166884,-0.145570
-1.213322,-0.952274,0.805071,0.022064,-0.021583,0.325204,0.945140,-0.162027,0.069803,0.159152,1.032399,-0.220606,-0.062152,-0.018903,0.011011,-0.024771,0.235955,-0.066975,0.112195,-0.064652,0.081330,0.126342,0.020506,0.247302,-0.412393,1.131881,-0.067953,-0.154825,-0.171880,-0.038671,-0.274106,0.162308,1.066171,0.423797,-0.184063,-0.139749
-1.190698,-0.936346,0.805548,0.024979,-0.021947,0.307189,0.951067,-0.221831,0.061399,0.189837,0.950454,-0.258068,-0.069240,0.036669,0.014022,0.008576,0.204279,-0.086401,0.113519,-0.018851,0.068793,0.131265,0.065715,0.245693,-0.421931,1.156371,-0.073251,-0.147963,-0.161449,-0.066110,-0.273073,0.170559,1.027265,0.429027,-0.180902,-0.115269
-1.168223,-0.920498,0.804526,0.027252,-0.024150,0.290956,0.956043,-0.259786,0.068984,0.230621,0.822716,-0.264919,-0.070846,0.095454,0.014613,0.035313,0.174522,-0.108962,0.112377,0.024574,0.058229,0.145439,0.101083,0.244567,-0.425206,1.175831,-0.093619,-0.136077,-0.139534,-0.097495,-0.275392,0.178636,0.991223,0.435969,-0.175776,-0.095654
-1.146042,-0.904151,0.801793,0.025996,-0.026738,0.281128,0.958946,-0.283489,0.088355,0.274100,0.665542,-0.241587,-0.077937,0.153825,0.017791,0.048235,0.146606,-0.129774,0.114775,0.050764,0.056618,0.157726,0.134254,0.237357,-0.412026,1.204827,-0.081832,-0.136265,-0.137602,-0.123345,-0.279064,0.186193,0.957477,0.441499,-0.183247,-0.095351
-1.123874,-0.887387,0.797765,0.022585,-0.029166,0.273829,0.961071,-0.296228,0.103590,0.309932,0.491720,-0.209615,-0.083502,0.205042,0.023823,0.060238,0.131642,-0.153073,0.113232,0.068128,0.059074,0.167294,0.166025,0.227956,-0.393994,1.227658,-0.076387,-0.132050,-0.134474,-0.145802,-0.283423,0.194969,0.925968,0.433040,-0.182936,-0.087657
-1.101419,-0.870122,0.793010,0.019684,-0.031275,0.267052,0.962973,-0.297493,0.104367,0.325839,0.313098,-0.171248,-0.084082,0.249065,0.027420,0.073141,0.132528,-0.180210,0.113234,0.080701,0.060333,0.174749,0.195140,0.216078,-0.372931,1.245733,-0.087050,-0.120397,-0.138743,-0.164411,-0.287120,0.206610,0.902195,0.427878,-0.182783,-0.080785
-1.078776,-0.852414,0.788285,0.017897,-0.031705,0.258571,0.965306,-0.296170,0.094869,0.312150,0.161769,-0.136793,-0.079600,0.282046,0.026698,0.091406,0.150047,-0.205606,0.118235,0.094783,0.056371,0.177486,0.219318,0.205648,-0.343271,1.261324,-0.074707,-0.097817,-0.154068,-0.181782,-0.288451,0.210792,0.894537,0.398481,-0.165826,-0.058828
-1.055773,-0.834030,0.784125,0.017771,-0.030599,0.248498,0.967986,-0.293771,0.085142,0.287469,0.074371,-0.126523,-0.074644,0.306098,0.021027,0.120653,0.180470,-0.222480,0.132828,0.111109,0.044608,0.174183,0.240692,0.198448,-0.306947,1.271457,-0.053036,-0.069953,-0.172348,-0.191427,-0.285306,0.206695,0.897966,0.350224,-0.136964,-0.032520
-1.032125,-0.814256,0.780995,0.019393,-0.028179,0.241257,0.969858,-0.291198,0.076684,0.277127,0.069241,-0.119108,-0.070579,0.325918,0.010364,0.151555,0.219383,-0.225959,0.146575,0.123472,0.027609,0.166858,0.260456,0.197235,-0.296206,1.271547,-0.057053,-0.063010,-0.181112,-0.181744,-0.279817,0.210054,0.899013,0.341228,-0.125491,-0.025883
-1.008063,-0.793288,0.779113,0.021331,-0.022487,0.240542,0.970144,-0.299372,0.067297,0.281809,0.124446,-0.077573,-0.047036,0.333756,-0.000951,0.171371,0.271493,-0.213779,0.162498,0.127485,0.005939,0.153203,0.264926,0.200604,-0.294988,1.273478,-0.068761,-0.058949,-0.184338,-0.164064,-0.272568,0.209047,0.911544,0.342375,-0.115657,-0.029817
-0.983715,-0.771386,0.778920,0.024339,-0.014617,0.244370,0.969266,-0.313457,0.050422,0.278200,0.193189,-0.034560,-0.016102,0.326015,-0.012248,0.181376,0.342782,-0.172330,0.196898,0.124368,-0.021207,0.140353,0.247206,0.207526,-0.294557,1.281306,-0.079774,-0.047921,-0.199463,-0.148970,-0.261009,0.200387,0.937729,0.346740,-0.104112,-0.027513
-0.958901,-0.749391,0.780932,0.027590,-0.006552,0.253351,0.966959,-0.318328,0.022095,0.253511,0.245476,-0.034035,0.021592,0.303858,-0.019224,0.172023,0.437315,-0.088918,0.239674,0.110105,-0.049506,0.126220,0.225378,0.220159,-0.303299,1.280412,-0.072333,-0.045357,-0.201125,-0.122871,-0.245903,0.193292,0.969115,0.350094,-0.102591,-0.014158
-0.934994,-0.728316,0.784351,0.025775,-0.000961,0.267507,0.963211,-0.308035,0.001242,0.231206,0.277329,-0.056353,0.060088,0.255474,-0.011834,0.138421,0.566990,0.011112,0.261800,0.082953,-0.065142,0.114853,0.192744,0.235110,-0.313975,1.275407,-0.067335,-0.043920,-0.200707,-0.098108,-0.230148,0.187169,1.014435,0.347560,-0.093793,-0.005616
-0.913699,-0.706752,0.787954,0.025759,0.001168,0.278855,0.959987,-0.275378,-0.024315,0.208261,0.282833,-0.087611,0.084065,0.177118,-0.016924,0.112909,0.723770,0.047096,0.260336,0.056890,-0.077295,0.111237,0.155169,0.249740,-0.325462,1.265465,-0.070876,-0.045095,-0.203761,-0.075937,-0.216563,0.185530,1.061881,0.346856,-0.081311,0.002307
-0.893790,-0.685743,0.791437,0.028532,0.000031,0.286410,0.957682,-0.221193,-0.050557,0.193500,0.265105,-0.120997,0.097235,0.083963,-0.031740,0.095579,0.879571,0.003241,0.250043,0.036608,-0.089501,0.118429,0.108569,0.267267,-0.330593,1.247278,-0.077049,-0.047178,-0.197123,-0.055947,-0.203254,0.186410,1.100747,0.355065,-0.065590,0.008713
-0.873349,-0.666740,0.795622,0.026647,-0.006137,0.296815,0.954543,-0.156941,-0.061812,0.167511,0.240005,-0.146260,0.098261,0.002181,-0.023980,0.073547,0.982278,-0.034498,0.230808,0.007269,-0.087330,0.133362,0.055346,0.284521,-0.328202,1.223989,-0.077609,-0.050237,-0.181896,-0.043809,-0.192094,0.187142,1.139780,0.348623,-0.048327,0.015036
-0.853370,-0.647748,0.799615,0.022371,-0.013356,0.311964,0.949737,-0.092639,-0.067794,0.132131,0.212685,-0.165850,0.096445,-0.070660,-0.003717,0.054909,1.027863,-0.058471,0.213356,-0.031244,-0.075978,0.145730,0.000221,0.298671,-0.325595,1.199194,-0.072803,-0.055087,-0.158375,-0.034029,-0.186802,0.183464,1.182061,0.333447,-0.035904,0.028056
-0.833500,-0.629140,0.802212,0.018462,-0.018596,0.328670,0.944081,-0.033036,-0.071776,0.094820,0.185575,-0.182434,0.093339,-0.140651,0.012057,0.035901,1.027305,-0.078311,0.202009,-0.071448,-0.061462,0.149990,-0.051960,0.309615,-0.321007,1.169000,-0.082785,-0.062969,-0.136292,-0.010632,-0.187224,0.178130,1.199332,0.333323,-0.028181,0.037412
-0.813293,-0.610949,0.803473,0.016650,-0.023258,0.346140,0.937747,0.027436,-0.075815,0.058148,0.155731,-0.195826,0.087559,-0.197888,0.014311,0.010659,0.979112,-0.095605,0.199288,-0.110802,-0.051121,0.153744,-0.096419,0.322773,-0.315252,1.125515,-0.094265,-0.077763,-0.110226,0.021076,-0.190308,0.176331,1.200186,0.325630,-0.021443,0.040532
-0.793208,-0.592738,0.803309,0.016679,-0.027750,0.362451,0.931440,0.088029,-0.079704,0.024672,0.128383,-0.212407,0.080501,-0.241843,0.001881,-0.019692,0.891119,-0.108894,0.195825,-0.145760,-0.044935,0.161870,-0.139143,0.338609,-0.310704,1.075586,-0.104153,-0.098232,-0.087288,0.050213,-0.191705,0.174790,1.198228,0.319922,-0.023369,0.038506
-0.773387,-0.574873,0.801442,0.019299,-0.031437,0.373800,0.926775,0.147346,-0.085212,-0.000048,0.105317,-0.232533,0.077584,-0.272664,-0.020632,-0.049390,0.768863,-0.097368,0.195654,-0.170025,-0.043948,0.171281,-0.179650,0.353588,-0.303055,1.026020,-0.115599,-0.117666,-0.070508,0.074802,-0.192225,0.172721,1.190476,0.320572,-0.023041,0.036080
-0.753402,-0.557318,0.798406,0.024680,-0.033141,0.381928,0.923268,0.201899,-0.094638,-0.016897,0.090330,-0.253698,0.076064,-0.289228,-0.047390,-0.076487,0.612873,-0.061966,0.203227,-0.186781,-0.047859,0.176121,-0.213837,0.367723,-0.295932,0.978584,-0.117034,-0.133419,-0.058990,0.098483,-0.192186,0.169353,1.184117,0.312060,-0.024979,0.030262
-0.732940,-0.539751,0.794182,0.031250,-0.032513,0.388671,0.920272,0.252144,-0.106525,-0.032836,0.079619,-0.275557,0.070677,-0.296172,-0.072196,-0.098794,0.437523,-0.018489,0.213795,-0.195549,-0.057022,0.173909,-0.243672,0.381846,-0.294112,0.937456,-0.107768,-0.149226,-0.045773,0.122429,-0.187037,0.161841,1.182717,0.302779,-0.028925,0.025492
-0.712182,-0.521897,0.789193,0.038518,-0.030873,0.393932,0.917813,0.298667,-0.119974,-0.048758,0.075835,-0.296254,0.064063,-0.301418,-0.093883,-0.115099,0.276186,0.013065,0.231842,-0.199188,-0.067873,0.165415,-0.261320,0.392155,-0.295550,0.902262,-0.089917,-0.164957,-0.031081,0.149497,-0.179465,0.146443,1.179848,0.308215,-0.029567,0.027971
-0.691279,-0.503824,0.784294,0.043024,-0.029415,0.399557,0.915225,0.334807,-0.126070,-0.064466,0.088354,-0.318340,0.054776,-0.307511,-0.107975,-0.131315,0.153056,0.011112,0.250135,-0.202446,-0.069864,0.154911,-0.268505,0.394404,-0.299719,0.875280,-0.074849,-0.175325,-0.019769,0.178157,-0.175409,0.136201,1.174636,0.305710,-0.031270,0.026225
-0.668596,-0.486599,0.779496,0.041065,-0.029322,0.404115,0.913315,0.359763,-0.112610,-0.076880,0.118836,-0.340313,0.021590,-0.307164,-0.099921,-0.154888,0.080708,0.000156,0.261789,-0.202914,-0.058620,0.145351,-0.273193,0.397512,-0.322146,0.861459,-0.078591,-0.196219,-0.006480,0.201707,-0.172885,0.141174,1.168744,0.312621,-0.040008,0.020818
-0.645424,-0.468755,0.775285,0.038585,-0.029796,0.407240,0.912019,0.381572,-0.097650,-0.088557,0.157832,-0.357101,-0.014609,-0.305905,-0.088242,-0.166655,0.090636,0.008074,0.261774,-0.200155,-0.045436,0.139125,-0.269725,0.398668,-0.359354,0.858670,-0.104461,-0.229269,0.012929,0.221521,-0.170787,0.152086,1.157797,0.346688,-0.052374,0.012568
-0.623309,-0.448075,0.772688,0.039272,-0.027670,0.415531,0.908310,0.393534,-0.097152,-0.119794,0.207839,-0.353719,-0.030493,-0.307228,-0.096498,-0.158197,0.152921,0.046015,0.257394,-0.213229,-0.035880,0.130482,-0.263110,0.386141,-0.374698,0.879244,-0.116922,-0.234975,0.012669,0.218152,-0.175987,0.153628,1.165405,0.367594,-0.052222,0.012875
-0.598974,-0.427179,0.771381,0.035097,-0.023821,0.422713,0.905270,0.391094,-0.086580,-0.143544,0.270258,-0.329854,-0.062928,-0.313865,-0.087006,-0.136966,0.215404,0.096909,0.245236,-0.229324,-0.016075,0.114130,-0.247337,0.367097,-0.378537,0.913646,-0.122136,-0.229879,-0.003521,0.199701,-0.187094,0.153865,1.187811,0.373266,-0.048640,0.014013
-0.573400,-0.406488,0.772312,0.027039,-0.022005,0.424421,0.904794,0.379944,-0.066579,-0.148052,0.347407,-0.276508,-0.107806,-0.309567,-0.062659,-0.116422,0.257420,0.132316,0.215818,-0.232114,0.012956,0.095793,-0.210843,0.344423,-0.384773,0.951214,-0.122811,-0.216990,-0.023140,0.191386,-0.196968,0.152297,1.200667,0.378958,-0.046519,0.011536
-0.547909,-0.386656,0.775277,0.017569,-0.021746,0.421374,0.906456,0.346604,-0.041228,-0.126279,0.458188,-0.184976,-0.162880,-0.289316,-0.033626,-0.121131,0.287854,0.116589,0.167187,-0.223353,0.045836,0.082505,-0.173440,0.316928,-0.395642,1.003563,-0.124460,-0.196017,-0.048021,0.173782,-0.208377,0.151006,1.217407,0.383175,-0.042435,0.005506
-0.524773,-0.368400,0.779370,0.013854,-0.020695,0.418242,0.907994,0.278521,-0.023686,-0.088285,0.609735,-0.103852,-0.175033,-0.257798,-0.015867,-0.120108,0.300347,0.088022,0.136003,-0.212213,0.065980,0.074969,-0.137605,0.287571,-0.407052,1.059129,-0.124788,-0.168194,-0.070905,0.148981,-0.220519,0.150347,1.227252,0.386864,-0.041336,-0.002525
-0.503606,-0.351402,0.783198,0.016720,-0.019463,0.417667,0.908238,0.187086,0.003497,-0.025219,0.775392,-0.114584,-0.125168,-0.215725,-0.013223,-0.116215,0.299773,0.051022,0.116835,-0.199567,0.068874,0.078879,-0.106598,0.264881,-0.423353,1.103354,-0.125841,-0.140150,-0.087211,0.124217,-0.229492,0.146502,1.212851,0.405362,-0.049037,-0.023094
-0.483602,-0.335536,0.786661,0.022752,-0.021027,0.416536,0.908591,0.100879,0.048742,0.061699,0.909433,-0.174323,-0.070764,-0.164160,-0.014373,-0.110090,0.292159,0.015550,0.107020,-0.180786,0.061844,0.099480,-0.086434,0.250555,-0.445924,1.142120,-0.121447,-0.118101,-0.111088,0.088277,-0.237032,0.150172,1.196156,0.424096,-0.069154,-0.048923
-0.463844,-0.320221,0.789842,0.027968,-0.023509,0.414210,0.909448,0.025032,0.081882,0.123788,0.985569,-0.206446,-0.044847,-0.108119,-0.012074,-0.103105,0.273657,-0.011357,0.100349,-0.155951,0.052338,0.119183,-0.059527,0.246093,-0.469051,1.166733,-0.099411,-0.105634,-0.140588,0.059699,-0.241848,0.156976,1.167938,0.441145,-0.092837,-0.059006
-0.445012,-0.304401,0.792102,0.030992,-0.025322,0.405912,0.913036,-0.049739,0.088014,0.159162,1.011557,-0.253111,-0.025608,-0.053920,-0.004290,-0.087143,0.248110,-0.034207,0.097470,-0.119429,0.045049,0.133085,-0.024486,0.243845,-0.480868,1.180868,-0.075141,-0.100372,-0.161505,0.032039,-0.247492,0.167383,1.141261,0.447617,-0.109146,-0.067449
-0.427350,-0.288612,0.793320,0.033939,-0.026349,0.390139,0.919753,-0.119843,0.071381,0.181311,0.985083,-0.292596,-0.009533,-0.005856,0.004189,-0.054067,0.224029,-0.053943,0.097497,-0.072016,0.037056,0.142334,0.018673,0.242149,-0.478959,1.187016,-0.058613,-0.106625,-0.170451,0.002143,-0.252406,0.176375,1.118930,0.454364,-0.131799,-0.076517
-0.410001,-0.273731,0.793405,0.036037,-0.029426,0.373862,0.926317,-0.174116,0.056098,0.194769,0.906291,-0.309089,-0.017530,0.046904,0.013379,-0.021372,0.195323,-0.069886,0.100996,-0.027126,0.031013,0.159417,0.057594,0.241810,-0.464086,1.188660,-0.045797,-0.111842,-0.176488,-0.036216,-0.258074,0.175010,1.091380,0.446430,-0.127839,-0.068315
-0.392674,-0.258345,0.792211,0.037384,-0.035660,0.360419,0.931359,-0.205837,0.046699,0.202434,0.782967,-0.303659,-0.033706,0.110894,0.021616,0.002761,0.159651,-0.086462,0.105019,0.006568,0.029705,0.180753,0.098306,0.237976,-0.442397,1.190595,-0.052492,-0.115981,-0.182062,-0.068702,-0.264737,0.170290,1.062140,0.442034,-0.132482,-0.061009
-0.375641,-0.242240,0.789897,0.038403,-0.042482,0.349477,0.935193,-0.219127,0.046962,0.221800,0.628717,-0.267806,-0.045853,0.175382,0.026341,0.020612,0.128713,-0.106186,0.110294,0.030652,0.032110,0.200615,0.137855,0.227560,-0.415329,1.194777,-0.070731,-0.117255,-0.182742,-0.096319,-0.274542,0.168823,1.032349,0.437198,-0.140497,-0.061254
-0.358462,-0.227245,0.786745,0.035882,-0.046196,0.341376,0.938105,-0.231635,0.058493,0.249872,0.462843,-0.203682,-0.049340,0.221282,0.035443,0.034540,0.115223,-0.125172,0.100929,0.048994,0.035882,0.214861,0.166879,0.220415,-0.406807,1.198187,-0.070012,-0.119184,-0.160293,-0.122946,-0.279374,0.172769,1.000970,0.443498,-0.152999,-0.071995
-0.340831,-0.211340,0.783266,0.030123,-0.045018,0.332007,0.941720,-0.241658,0.067543,0.276594,0.292699,-0.122200,-0.056038,0.246444,0.046856,0.052344,0.118922,-0.149223,0.092565,0.067406,0.042400,0.212694,0.187293,0.208673,-0.395114,1.212506,-0.077328,-0.113623,-0.161827,-0.143790,-0.285342,0.181839,0.976575,0.439872,-0.158946,-0.074245
-0.323065,-0.195338,0.779253,0.027237,-0.045179,0.322554,0.945080,-0.239959,0.062747,0.277544,0.147106,-0.071199,-0.073091,0.268062,0.052376,0.072004,0.141129,-0.180596,0.088393,0.083867,0.041028,0.206615,0.213554,0.200797,-0.384291,1.225095,-0.072460,-0.110867,-0.163176,-0.149782,-0.285988,0.190082,0.957459,0.439740,-0.166976,-0.076150
-0.305001,-0.178435,0.775310,0.027686,-0.046111,0.314392,0.947768,-0.232304,0.049002,0.251272,0.061729,-0.077826,-0.087160,0.289406,0.050198,0.091602,0.175685,-0.208503,0.092361,0.097604,0.029981,0.202609,0.235259,0.197577,-0.369203,1.232808,-0.081436,-0.107992,-0.168050,-0.150812,-0.281260,0.194573,0.947133,0.435043,-0.172239,-0.073602
-0.286975,-0.160765,0.771893,0.028897,-0.045936,0.306750,0.950242,-0.224939,0.040745,0.237302,0.052017,-0.090668,-0.086750,0.305095,0.044047,0.109939,0.219457,-0.232872,0.101855,0.111228,0.016660,0.198957,0.243702,0.199319,-0.363715,1.239195,-0.086091,-0.103385,-0.175266,-0.145967,-0.274502,0.195687,0.940713,0.431345,-0.170677,-0.071585
-0.268347,-0.142238,0.769670,0.029569,-0.043727,0.302286,0.951755,-0.223927,0.037988,0.241237,0.094209,-0.059690,-0.066336,0.315328,0.038817,0.127533,0.266894,-0.237682,0.109239,0.117616,0.001758,0.189221,0.245027,0.204256,-0.360191,1.241773,-0.093634,-0.091896,-0.178633,-0.133062,-0.267029,0.202804,0.939573,0.433092,-0.163308,-0.066942
-0.249728,-0.123690,0.769529,0.029969,-0.039133,0.300215,0.952597,-0.228917,0.035926,0.250255,0.142036,-0.007337,-0.031013,0.308879,0.034949,0.143133,0.334467,-0.225510,0.120704,0.118148,-0.017753,0.177932,0.224353,0.212969,-0.344488,1.249426,-0.090872,-0.073546,-0.182435,-0.133720,-0.254098,0.200104,0.966108,0.414884,-0.137412,-0.051353
-0.230874,-0.103999,0.771596,0.035144,-0.031795,0.299756,0.952838,-0.222619,0.011315,0.233766,0.169424,0.003710,0.017591,0.291413,0.019118,0.152548,0.416221,-0.182549,0.162237,0.115335,-0.051401,0.158332,0.209495,0.226230,-0.320794,1.252372,-0.056400,-0.054770,-0.182480,-0.120803,-0.234985,0.186724,1.008102,0.368243,-0.103199,-0.017684
-0.213078,-0.084903,0.775065,0.039665,-0.024448,0.304447,0.951389,-0.202573,-0.017722,0.223735,0.172157,-0.002858,0.055710,0.253070,0.004347,0.140911,0.526992,-0.103838,0.217765,0.104675,-0.081289,0.144495,0.178375,0.243643,-0.314428,1.253555,-0.049667,-0.050673,-0.189754,-0.103619,-0.212412,0.170236,1.048844,0.357936,-0.088582,-0.003034
-0.197259,-0.067622,0.778757,0.039538,-0.020100,0.308958,0.950041,-0.172586,-0.035969,0.209119,0.157180,-0.015864,0.074400,0.185052,-0.003145,0.112570,0.670751,-0.008433,0.255516,0.092667,-0.097266,0.138210,0.139622,0.263534,-0.310828,1.243061,-0.055462,-0.050983,-0.193520,-0.087270,-0.193269,0.157421,1.085444,0.353870,-0.074246,0.002644
-0.183090,-0.051101,0.781769,0.036662,-0.018684,0.309497,0.950010,-0.130085,-0.042743,0.206770,0.126540,-0.033506,0.077965,0.098287,-0.019292,0.077114,0.815382,0.030879,0.249086,0.083050,-0.101476,0.136075,0.100835,0.281813,-0.313188,1.226005,-0.064809,-0.055460,-0.190410,-0.067892,-0.180251,0.158704,1.113329,0.352558,-0.060523,0.005701
-0.169434,-0.035648,0.784145,0.035406,-0.020597,0.308496,0.950343,-0.081642,-0.049123,0.203179,0.098814,-0.056400,0.082821,0.009290,-0.053112,0.032598,0.939465,-0.017220,0.212760,0.072892,-0.105504,0.141947,0.061885,0.306189,-0.328723,1.204436,-0.046122,-0.062467,-0.178359,-0.048554,-0.169334,0.166747,1.139557,0.346207,-0.050380,0.013252
-0.156493,-0.021783,0.786639,0.033905,-0.024333,0.314326,0.948397,-0.034645,-0.055885,0.185118,0.072501,-0.070127,0.082964,-0.068534,-0.066682,0.003735,1.011999,-0.053513,0.188017,0.049959,-0.104123,0.156097,0.007627,0.328513,-0.339293,1.190146,-0.028077,-0.063724,-0.170226,-0.041788,-0.162507,0.169207,1.170442,0.333138,-0.039156,0.025774
-0.143709,-0.007782,0.788898,0.030533,-0.026236,0.325921,0.944540,0.005194,-0.062093,0.149612,0.047122,-0.083127,0.082223,-0.137098,-0.049027,0.001920,1.024105,-0.071826,0.187902,0.017067,-0.094034,0.163447,-0.051633,0.338468,-0.337301,1.181210,-0.034349,-0.064772,-0.151330,-0.037028,-0.162210,0.169885,1.199857,0.330922,-0.033298,0.032204
-0.131312,0.004094,0.790553,0.024738,-0.026449,0.343605,0.938416,0.027802,-0.060961,0.110068,0.036729,-0.094922,0.077151,-0.199647,-0.015361,0.005783,0.984145,-0.082744,0.191748,-0.024906,-0.078987,0.164449,-0.108462,0.343284,-0.329516,1.166792,-0.058100,-0.066462,-0.119178,-0.028305,-0.164111,0.166995,1.221126,0.338940,-0.032086,0.029880
-0.118328,0.016710,0.791036,0.024113,-0.028320,0.363408,0.930887,0.054264,-0.068110,0.072034,0.035606,-0.112706,0.073715,-0.237663,-0.001880,0.007391,0.900099,-0.095360,0.205010,-0.066304,-0.069368,0.163122,-0.143409,0.345613,-0.322752,1.137274,-0.086544,-0.078351,-0.087940,0.002886,-0.169012,0.165631,1.224630,0.340497,-0.033394,0.022580
-0.105873,0.029972,0.790913,0.024643,-0.028474,0.380928,0.923838,0.078299,-0.077271,0.042602,0.036410,-0.132188,0.069941,-0.262429,-0.006966,0.006490,0.778788,-0.088974,0.218006,-0.098240,-0.064201,0.168693,-0.187905,0.347673,-0.319697,1.106355,-0.123699,-0.096179,-0.061478,0.022942,-0.171044,0.162753,1.227835,0.353287,-0.036152,0.012165
-0.094555,0.042744,0.789817,0.028365,-0.027172,0.392555,0.918889,0.100162,-0.092529,0.018527,0.041072,-0.153985,0.075419,-0.280316,-0.024432,0.017201,0.640870,-0.073622,0.219507,-0.113523,-0.063324,0.174739,-0.232509,0.352019,-0.323357,1.067164,-0.143296,-0.107733,-0.047836,0.039919,-0.171986,0.153809,1.227806,0.365515,-0.037823,0.004325
-0.082321,0.054834,0.788176,0.033339,-0.026564,0.401797,0.914736,0.122942,-0.106926,-0.007117,0.049908,-0.175718,0.083186,-0.284105,-0.048904,0.013157,0.491308,-0.069256,0.212013,-0.118870,-0.067766,0.181475,-0.269666,0.361548,-0.333336,1.019691,-0.138849,-0.125317,-0.037206,0.055836,-0.169299,0.146879,1.226194,0.366477,-0.038730,0.002824
-0.069126,0.067455,0.786063,0.038729,-0.025627,0.406496,0.912472,0.147745,-0.119227,-0.016526,0.060715,-0.200673,0.081494,-0.283111,-0.073478,-0.009402,0.350787,-0.047387,0.218296,-0.110604,-0.073366,0.181188,-0.296171,0.370193,-0.342970,0.971700,-0.114405,-0.139144,-0.033151,0.072314,-0.164765,0.141802,1.229089,0.361727,-0.039636,0.006433
-0.055822,0.079891,0.783897,0.042313,-0.025045,0.410979,0.910318,0.169614,-0.126080,-0.024524,0.076726,-0.229166,0.075146,-0.276295,-0.081181,-0.009036,0.226272,-0.009124,0.223823,-0.100765,-0.074709,0.177765,-0.310833,0.371113,-0.347710,0.923978,-0.091478,-0.145751,-0.026757,0.082696,-0.160412,0.139413,1.236913,0.353545,-0.038590,0.011427
-0.041986,0.092603,0.781608,0.045013,-0.025570,0.412511,0.909480,0.193903,-0.129666,-0.032628,0.092450,-0.256558,0.076633,-0.267655,-0.076390,0.009225,0.146330,0.013338,0.228585,-0.086456,-0.070761,0.171410,-0.311855,0.365170,-0.346334,0.876662,-0.073548,-0.141448,-0.018855,0.089853,-0.159532,0.134584,1.242012,0.344780,-0.034138,0.016275
-0.027865,0.106003,0.778859,0.047506,-0.026047,0.413646,0.908824,0.218416,-0.133034,-0.041181,0.110403,-0.285285,0.076457,-0.259789,-0.070117,0.032700,0.128651,0.012678,0.231351,-0.076083,-0.066053,0.161210,-0.298816,0.357705,-0.341902,0.842903,-0.073081,-0.142536,-0.014611,0.094266,-0.160801,0.131673,1.243277,0.339348,-0.029621,0.019167
-0.013982,0.119186,0.775902,0.050536,-0.024880,0.415937,0.907647,0.234906,-0.139524,-0.050844,0.136397,-0.312028,0.079748,-0.259624,-0.069543,0.050351,0.162664,0.047984,0.233362,-0.077829,-0.062340,0.154053,-0.270927,0.349826,-0.336484,0.817306,-0.083074,-0.152747,-0.005363,0.088346,-0.165654,0.131216,1.239522,0.338441,-0.029860,0.014062
0.000335,0.131441,0.773946,0.052438,-0.023818,0.418298,0.906482,0.244363,-0.142043,-0.060167,0.171850,-0.331117,0.078699,-0.260913,-0.071263,0.057742,0.206767,0.111020,0.227902,-0.081359,-0.056789,0.151526,-0.245338,0.342366,-0.328579,0.806592,-0.090009,-0.157628,-0.005028,0.065270,-0.169417,0.124469,1.237130,0.344988,-0.032173,0.006197
0.013489,0.143845,0.773875,0.052137,-0.022977,0.424298,0.903728,0.246237,-0.141498,-0.076072,0.214384,-0.339318,0.075753,-0.259116,-0.079874,0.039268,0.242181,0.130390,0.220399,-0.095735,-0.046041,0.142591,-0.205842,0.329649,-0.326035,0.816970,-0.087504,-0.157616,-0.005267,0.055693,-0.174684,0.122506,1.222350,0.348611,-0.039024,-0.002527
0.026367,0.155925,0.775409,0.049451,-0.021731,0.426890,0.902689,0.232972,-0.135497,-0.083873,0.277214,-0.341835,0.060644,-0.254774,-0.075565,0.030434,0.273080,0.115498,0.205616,-0.101793,-0.027810,0.139228,-0.183044,0.311166,-0.326177,0.862244,-0.079019,-0.147863,-0.014571,0.030185,-0.184521,0.117968,1.207013,0.355263,-0.043261,-0.012040
0.040361,0.167248,0.777639,0.047061,-0.020786,0.420779,0.905703,0.217061,-0.126362,-0.068269,0.346828,-0.323918,0.026845,-0.236717,-0.062347,0.031792,0.278081,0.096671,0.193483,-0.084613,-0.010661,0.127892,-0.152878,0.293807,-0.334763,0.932962,-0.063479,-0.140018,-0.039806,0.021599,-0.194490,0.124748,1.182016,0.365569,-0.053160,-0.018571
0.052907,0.175647,0.780014,0.042710,-0.015778,0.427337,0.902945,0.162574,-0.115176,-0.068102,0.455888,-0.297869,-0.016836,-0.217914,-0.060532,0.014008,0.264273,0.077728,0.180420,-0.087803,0.005625,0.108813,-0.125237,0.280438,-0.351558,1.014176,-0.044643,-0.136697,-0.078494,0.019453,-0.204398,0.131707,1.148989,0.371257,-0.059468,-0.019455
0.064495,0.184192,0.781518,0.038583,-0.012918,0.432528,0.900702,0.103567,-0.102241,-0.060594,0.577663,-0.257036,-0.064196,-0.195342,-0.055210,0.001862,0.247015,0.051976,0.160270,-0.086976,0.022236,0.097300,-0.096739,0.265524,-0.360600,1.083565,-0.036175,-0.111790,-0.109824,0.015455,-0.216230,0.137975,1.113871,0.377518,-0.065331,-0.015468
0.076115,0.191645,0.782161,0.037324,-0.013263,0.438194,0.898007,0.046441,-0.082146,-0.041324,0.701985,-0.214054,-0.099689,-0.165341,-0.051904,-0.013666,0.231954,0.030393,0.147827,-0.086843,0.033422,0.100755,-0.068230,0.251754,-0.365102,1.146311,-0.051521,-0.094259,-0.121142,0.003310,-0.229626,0.148295,1.083636,0.386227,-0.074316,-0.014658
0.085185,0.199671,0.782975,0.037564,-0.011241,0.439929,0.897176,-0.009426,-0.045162,0.016944,0.798129,-0.205312,-0.097083,-0.147191,-0.052973,-0.015553,0.226086,0.011133,0.145421,-0.079892,0.042735,0.108210,-0.044151,0.239297,-0.367745,1.196882,-0.050135,-0.075253,-0.130176,-0.020947,-0.247547,0.159673,1.063771,0.386390,-0.083488,-0.016738
0.093428,0.207404,0.784228,0.040030,-0.009043,0.440332,0.896897,-0.062301,-0.000242,0.087573,0.869774,-0.239603,-0.059737,-0.129491,-0.058371,-0.013870,0.222795,-0.008094,0.150167,-0.069210,0.044547,0.121056,-0.021090,0.233854,-0.373791,1.229466,-0.030803,-0.056851,-0.138077,-0.055551,-0.265406,0.169767,1.057967,0.379692,-0.078975,-0.017319
0.101392,0.215146,0.785935,0.043011,-0.007726,0.438878,0.897483,-0.100471,0.033418,0.143157,0.896162,-0.275290,-0.026666,-0.108834,-0.063282,-0.013642,0.217371,-0.022580,0.155402,-0.055524,0.044480,0.134973,0.004586,0.232427,-0.381020,1.249460,-0.016353,-0.055636,-0.143545,-0.093546,-0.280723,0.178477,1.064757,0.373088,-0.069428,-0.018448
0.109004,0.222739,0.787371,0.045487,-0.006910,0.434906,0.899300,-0.126474,0.049796,0.179670,0.878898,-0.304385,-0.014242,-0.088235,-0.064933,-0.007274,0.208603,-0.035637,0.156266,-0.036118,0.044209,0.146846,0.033529,0.234210,-0.377285,1.253775,-0.017368,-0.069107,-0.141096,-0.125137,-0.290919,0.180530,1.075730,0.373852,-0.070802,-0.023336
0.116139,0.228327,0.788481,0.050507,-0.008625,0.430919,0.900935,-0.139700,0.056038,0.210352,0.829582,-0.314357,-0.019856,-0.060735,-0.068195,0.002757,0.193653,-0.045480,0.155880,-0.004321,0.036294,0.181070,0.049042,0.251030,-0.387622,1.226186,-0.074545,-0.081081,-0.109799,-0.160477,-0.290285,0.166813,1.080920,0.388398,-0.081014,-0.044477
0.122751,0.232933,0.789666,0.057881,-0.014132,0.430510,0.900617,-0.131005,0.055964,0.237064,0.745695,-0.306341,-0.050107,-0.022939,-0.075803,0.001388,0.179943,-0.051033,0.162641,0.030744,0.025572,0.236591,0.037933,0.276955,-0.445192,1.201841,-0.198277,-0.088339,-0.110645,-0.200873,-0.288106,0.157237,1.085981,0.428147,-0.099354,-0.061306
0.126258,0.246303,0.789040,0.050851,-0.006783,0.418483,0.906774,-0.154017,0.065439,0.276575,0.669872,-0.325825,-0.034450,-0.032218,-0.070368,0.025355,0.182638,-0.063270,0.172020,0.049723,0.054112,0.191879,0.097966,0.243534,-0.379690,1.209185,-0.167479,-0.105804,-0.111643,-0.180806,-0.318038,0.188029,1.083831,0.443185,-0.114396,-0.057487
0.131231,0.255022,0.789213,0.052129,-0.007153,0.418256,0.906804,-0.154809,0.060625,0.292654,0.568804,-0.312982,-0.038099,-0.010896,-0.076662,0.023681,0.174954,-0.071930,0.178272,0.066453,0.059153,0.204360,0.112304,0.239530,-0.373089,1.200231,-0.180121,-0.117953,-0.102751,-0.180418,-0.322889,0.182932,1.078153,0.447289,-0.125956,-0.063209
0.136671,0.261368,0.789636,0.060361,-0.013886,0.423522,0.903766,-0.135100,0.038076,0.283899,0.447652,-0.270581,-0.045962,0.032956,-0.091821,0.009573,0.162962,-0.079971,0.183082,0.090161,0.047471,0.260125,0.088439,0.258253,-0.406280,1.181406,-0.217341,-0.121012,-0.090207,-0.198340,-0.311492,0.150960,1.082085,0.438682,-0.124821,-0.061574
0.141019,0.271819,0.789363,0.060154,-0.014882,0.426458,0.902382,-0.135669,0.018798,0.253392,0.341519,-0.237318,-0.039392,0.064053,-0.097919,-0.000962,0.140478,-0.086071,0.179520,0.092007,0.059678,0.257809,0.093607,0.238884,-0.382850,1.188912,-0.199851,-0.126920,-0.101660,-0.191891,-0.318358,0.151433,1.102579,0.428784,-0.136393,-0.035331
0.144407,0.283645,0.789119,0.052118,-0.005979,0.431187,0.900736,-0.173126,0.007381,0.222109,0.266130,-0.201815,-0.025642,0.070371,-0.099989,-0.015942,0.112480,-0.086848,0.166002,0.075650,0.082601,0.213819,0.107564,0.189631,-0.314407,1.227584,-0.115016,-0.161425,-0.126848,-0.174864,-0.326068,0.152756,1.137602,0.385964,-0.172674,0.001430
0.149282,0.291681,0.789153,0.057048,-0.008058,0.439734,0.896278,-0.174568,-0.008622,0.214074,0.193771,-0.156946,-0.037719,0.109333,-0.113667,-0.038897,0.091097,-0.090526,0.170633,0.092147,0.070577,0.252281,0.075623,0.202670,-0.318052,1.217136,-0.115621,-0.175063,-0.141280,-0.183468,-0.300863,0.110112,1.158647,0.383179,-0.179307,-0.002346
0.153889,0.302270,0.788298,0.058890,-0.008463,0.442982,0.894554,-0.178374,-0.012203,0.212702,0.141347,-0.137387,-0.043249,0.135661,-0.122842,-0.049504,0.082563,-0.100670,0.174722,0.106086,0.070881,0.258997,0.062308,0.203922,-0.317428,1.207775,-0.121691,-0.178853,-0.142895,-0.179748,-0.286907,0.102918,1.183736,0.400734,-0.179980,-0.003021
