0.000000,0.000000,0.864387,-0.030103,-0.031726,-0.916702,0.397171,0.195796,-0.043974,0.042646,-0.007962,-0.178610,0.010172,0.150076,-0.028049,-0.068682,0.093155,-0.035274,0.218219,-0.122135,-0.033510,0.065352,0.124115,0.185696,-0.121076,1.062025,-0.071533,-0.141804,-0.104487,0.071151,-0.159859,0.096485,1.165499,0.321277,-0.045816,0.066045
0.000452,0.000798,0.864148,-0.032343,-0.028762,-0.914084,0.403208,0.191365,-0.035746,0.029427,-0.000984,-0.181745,0.009925,0.148882,-0.019035,-0.050882,0.093997,-0.055300,0.188662,-0.133676,-0.025616,0.092007,0.037956,0.190270,-0.105574,1.131334,-0.082107,-0.133081,-0.128374,-0.008883,-0.169141,0.071316,1.229944,0.338538,-0.029309,0.090634
0.002448,0.001208,0.864367,-0.033358,-0.024980,-0.914572,0.402270,0.188120,-0.028203,0.031164,-0.000488,-0.182995,0.006551,0.143241,-0.008616,-0.025624,0.100204,-0.053616,0.159329,-0.137888,-0.014300,0.096670,0.029261,0.188926,-0.106240,1.142557,-0.096905,-0.137667,-0.127265,-0.059006,-0.173858,0.024435,1.394673,0.332096,0.115978,0.040080
0.002477,0.001292,0.864390,-0.033993,-0.024862,-0.914653,0.402039,0.188786,-0.027169,0.031893,0.000541,-0.183481,0.006628,0.143675,-0.007370,-0.023950,0.101386,-0.054818,0.158811,-0.136436,-0.013289,0.101219,0.022619,0.188445,-0.105105,1.146537,-0.099014,-0.137658,-0.127707,-0.068618,-0.174970,0.020271,1.402920,0.333380,0.118060,0.040894
0.002547,0.001394,0.864449,-0.034036,-0.024955,-0.914573,0.402213,0.188501,-0.027298,0.031077,0.000899,-0.182921,0.007272,0.143750,-0.007433,-0.024007,0.101132,-0.054586,0.158377,-0.137491,-0.013473,0.101853,0.021726,0.189498,-0.106643,1.146930,-0.096083,-0.138804,-0.129490,-0.069232,-0.175079,0.021672,1.402832,0.332192,0.118195,0.039728
0.002529,0.001362,0.864361,-0.034139,-0.024812,-0.914397,0.402612,0.188261,-0.026690,0.031907,0.001790,-0.183597,0.005303,0.143983,-0.006954,-0.024921,0.101617,-0.054179,0.159936,-0.137690,-0.013470,0.101462,0.021641,0.188984,-0.105669,1.147604,-0.095179,-0.137774,-0.128180,-0.069069,-0.175502,0.021696,1.403717,0.331962,0.118061,0.041162
0.002176,0.001142,0.864406,-0.034314,-0.025043,-0.914166,0.403108,0.189531,-0.027225,0.030454,0.000745,-0.182515,0.005676,0.146278,-0.007383,-0.025689,0.099170,-0.053912,0.159421,-0.138066,-0.013929,0.102170,0.021702,0.188915,-0.105743,1.147314,-0.097796,-0.137355,-0.130370,-0.069148,-0.175748,0.020654,1.405210,0.332060,0.118498,0.040947
0.002644,0.001201,0.864412,-0.034115,-0.025238,-0.914697,0.401906,0.189435,-0.028383,0.029084,0.000162,-0.182746,0.007773,0.143710,-0.008129,-0.023528,0.102303,-0.054303,0.160414,-0.136604,-0.014670,0.101417,0.021865,0.187746,-0.103984,1.148459,-0.096199,-0.137278,-0.128949,-0.069628,-0.175790,0.022273,1.406207,0.326837,0.118704,0.042432
0.002518,0.001214,0.864400,-0.034128,-0.025111,-0.914420,0.402544,0.189429,-0.027765,0.031305,-0.000120,-0.182405,0.006903,0.144638,-0.007672,-0.022011,0.101417,-0.055094,0.160546,-0.137086,-0.014462,0.102686,0.020358,0.188127,-0.104028,1.148396,-0.095218,-0.137782,-0.128239,-0.070859,-0.176533,0.019906,1.406923,0.331886,0.116592,0.041588
0.002720,0.000828,0.864414,-0.033891,-0.024647,-0.914501,0.402407,0.188878,-0.027293,0.031744,-0.000114,-0.183508,0.007004,0.143675,-0.007924,-0.025492,0.101212,-0.055935,0.158359,-0.136478,-0.013203,0.102087,0.021204,0.187296,-0.104528,1.147471,-0.094990,-0.138175,-0.128581,-0.069532,-0.177161,0.020396,1.405337,0.329141,0.117421,0.042527
0.002938,0.000785,0.864327,-0.033739,-0.024676,-0.914289,0.402900,0.187986,-0.028091,0.030496,0.000559,-0.183635,0.007023,0.143526,-0.008299,-0.026640,0.101021,-0.056062,0.159040,-0.137617,-0.013772,0.100476,0.022626,0.187857,-0.106133,1.147114,-0.093630,-0.137620,-0.128712,-0.069651,-0.177296,0.021283,1.407135,0.326283,0.118094,0.044661
0.002639,0.000694,0.864294,-0.034301,-0.024862,-0.914508,0.402344,0.190407,-0.027797,0.031872,-0.000824,-0.182327,0.006465,0.145089,-0.007980,-0.025434,0.100716,-0.055059,0.160331,-0.135830,-0.013579,0.102184,0.022384,0.187311,-0.106295,1.147339,-0.095101,-0.136617,-0.127504,-0.068848,-0.177185,0.019943,1.405224,0.330581,0.117805,0.042721
0.002750,0.000556,0.864278,-0.034158,-0.024835,-0.914449,0.402492,0.190192,-0.028059,0.030826,-0.000759,-0.183283,0.007600,0.144686,-0.008218,-0.026006,0.101491,-0.053476,0.162437,-0.136556,-0.013370,0.101834,0.022852,0.186835,-0.104890,1.146886,-0.095188,-0.135247,-0.128157,-0.068158,-0.177312,0.017890,1.402213,0.329224,0.118501,0.040714
0.002809,0.000396,0.864372,-0.034235,-0.024730,-0.914457,0.402474,0.190862,-0.027902,0.031449,-0.001780,-0.182484,0.007338,0.144897,-0.008254,-0.025079,0.101276,-0.054889,0.160338,-0.136684,-0.013545,0.100719,0.023837,0.187392,-0.104848,1.143057,-0.095746,-0.129138,-0.126983,-0.068897,-0.176923,0.020291,1.407343,0.327435,0.121114,0.039531
0.002880,0.000265,0.864385,-0.034368,-0.024722,-0.914162,0.403132,0.190410,-0.028176,0.029964,-0.000506,-0.183150,0.007727,0.145386,-0.008213,-0.025326,0.101403,-0.053602,0.162395,-0.138319,-0.013993,0.101413,0.024261,0.187796,-0.105525,1.142644,-0.094252,-0.129866,-0.128004,-0.069479,-0.176631,0.019400,1.406016,0.328213,0.120968,0.039128
0.003126,0.000348,0.864484,-0.034024,-0.024713,-0.914159,0.403168,0.187776,-0.028687,0.030282,0.002091,-0.183101,0.008559,0.142368,-0.008787,-0.023655,0.105793,-0.054644,0.164046,-0.137551,-0.014956,0.101026,0.023775,0.188365,-0.109447,1.142127,-0.094183,-0.130093,-0.126435,-0.070117,-0.175928,0.018217,1.405601,0.328545,0.120699,0.037997
0.003370,0.000506,0.864635,-0.034323,-0.024810,-0.913794,0.403963,0.185474,-0.029097,0.025907,0.006451,-0.183921,0.009924,0.141109,-0.009312,-0.026118,0.108526,-0.054033,0.163621,-0.138950,-0.016171,0.102492,0.024653,0.188585,-0.113405,1.141059,-0.098663,-0.132664,-0.126410,-0.070378,-0.174720,0.019397,1.404844,0.332655,0.118134,0.037928
0.004196,0.000783,0.864838,-0.034055,-0.024921,-0.913400,0.404870,0.181368,-0.030266,0.025339,0.011049,-0.183684,0.011057,0.137643,-0.010712,-0.028843,0.113532,-0.054760,0.165725,-0.143749,-0.017409,0.102888,0.024266,0.187871,-0.111730,1.140972,-0.099012,-0.134026,-0.123584,-0.072934,-0.174248,0.020958,1.405899,0.335259,0.117271,0.035917
0.005564,0.001292,0.864962,-0.036776,-0.025283,-0.912809,0.405942,0.183642,-0.029406,0.024740,0.014026,-0.184995,0.006680,0.139563,-0.010071,-0.029116,0.118364,-0.052238,0.167567,-0.149938,-0.016014,0.114662,0.017866,0.183197,-0.108065,1.141886,-0.098357,-0.140199,-0.117844,-0.081052,-0.173328,0.024409,1.403227,0.362563,0.114621,0.011436
0.007204,0.002301,0.864541,-0.037419,-0.022454,-0.911914,0.408056,0.176769,-0.021721,0.027941,0.019208,-0.186101,-0.034007,0.137607,-0.004424,-0.036375,0.112876,-0.043575,0.181371,-0.152592,-0.006901,0.104265,0.003506,0.152897,-0.047426,1.181352,-0.008687,-0.186523,-0.144504,-0.068984,-0.166486,0.016404,1.400453,0.489401,0.072335,-0.126711
0.008759,0.002514,0.864603,-0.038401,-0.021628,-0.912162,0.407454,0.176099,-0.020719,0.026629,0.019553,-0.185366,-0.033497,0.135728,-0.003360,-0.036199,0.114835,-0.042644,0.179679,-0.153862,-0.005867,0.106340,-0.002821,0.149517,-0.038198,1.187584,-0.000871,-0.187135,-0.148040,-0.066995,-0.165624,0.018022,1.391819,0.498824,0.079153,-0.138857
0.010573,0.002891,0.864820,-0.039374,-0.021368,-0.911671,0.408472,0.173937,-0.020982,0.026553,0.022697,-0.185764,-0.034306,0.134088,-0.004074,-0.038217,0.116266,-0.042145,0.182533,-0.158416,-0.005757,0.115021,-0.008453,0.147506,-0.037033,1.186354,0.002913,-0.189272,-0.145845,-0.071535,-0.166388,0.019140,1.384053,0.491329,0.082791,-0.145423
0.012885,0.003472,0.864640,-0.040401,-0.021893,-0.911783,0.408093,0.174798,-0.022983,0.026717,0.020521,-0.183563,-0.033924,0.133729,-0.005621,-0.037532,0.118479,-0.039290,0.185511,-0.159719,-0.009844,0.120785,-0.010629,0.149360,-0.039363,1.183888,0.002283,-0.190913,-0.145728,-0.073651,-0.164903,0.016580,1.381293,0.486568,0.075292,-0.147508
0.015370,0.004118,0.864879,-0.041831,-0.021568,-0.911390,0.408845,0.175462,-0.023333,0.024529,0.017472,-0.179514,-0.033650,0.132586,-0.005700,-0.037467,0.119090,-0.036116,0.186276,-0.161790,-0.010077,0.128957,-0.015263,0.149336,-0.042488,1.184471,0.000575,-0.193871,-0.149690,-0.076868,-0.166137,0.018816,1.377300,0.486830,0.073996,-0.135212
0.018392,0.004670,0.865066,-0.041546,-0.020897,-0.912022,0.407497,0.171523,-0.025031,0.027434,0.016283,-0.176222,-0.030820,0.126375,-0.007204,-0.034975,0.121188,-0.032158,0.188675,-0.159637,-0.010304,0.129324,-0.014535,0.146491,-0.038704,1.178579,0.003217,-0.186667,-0.149355,-0.072464,-0.167477,0.009015,1.372025,0.478319,0.082333,-0.118657
0.021919,0.005574,0.865318,-0.040666,-0.019102,-0.912284,0.407086,0.162764,-0.025040,0.027701,0.017454,-0.172150,-0.030165,0.118309,-0.007333,-0.035897,0.121093,-0.027954,0.185470,-0.161606,-0.010283,0.132092,-0.017155,0.147675,-0.041187,1.176367,-0.001493,-0.186496,-0.147786,-0.073655,-0.167693,0.013150,1.370627,0.474590,0.076245,-0.125630
0.024818,0.006149,0.865504,-0.039947,-0.018184,-0.912514,0.406684,0.158037,-0.026324,0.028857,0.014964,-0.167869,-0.029439,0.111273,-0.008598,-0.035953,0.123169,-0.025158,0.187708,-0.159888,-0.012073,0.135904,-0.024208,0.149660,-0.040898,1.184339,-0.000682,-0.188805,-0.149860,-0.074007,-0.168125,0.012801,1.366968,0.467055,0.079060,-0.118289
0.028379,0.007107,0.865619,-0.040226,-0.017161,-0.913184,0.405194,0.153795,-0.026497,0.031788,0.014456,-0.163880,-0.030990,0.106160,-0.008302,-0.030674,0.121590,-0.018539,0.187985,-0.157792,-0.012698,0.139661,-0.023342,0.150701,-0.041794,1.180833,-0.003689,-0.187496,-0.146043,-0.071504,-0.168583,0.011517,1.364456,0.453893,0.078620,-0.113727
0.031871,0.008085,0.865665,-0.040433,-0.015962,-0.913594,0.404298,0.149203,-0.026370,0.033723,0.013690,-0.162030,-0.030046,0.099755,-0.008332,-0.030023,0.123654,-0.015084,0.189586,-0.157177,-0.013185,0.147932,-0.030080,0.150505,-0.035786,1.180222,0.004553,-0.182191,-0.153175,-0.073838,-0.169609,0.007572,1.361181,0.427877,0.087119,-0.098481
0.035595,0.009070,0.865818,-0.039347,-0.015054,-0.914257,0.402939,0.144339,-0.028805,0.036962,0.007553,-0.155327,-0.025230,0.087781,-0.010985,-0.028689,0.129664,-0.019161,0.194894,-0.155723,-0.015234,0.150888,-0.030832,0.151418,-0.033485,1.178750,0.006349,-0.184579,-0.152395,-0.073973,-0.171477,0.000433,1.358998,0.381875,0.104556,-0.064350
0.039886,0.010430,0.865902,-0.036341,-0.012811,-0.915853,0.399660,0.131945,-0.029759,0.040346,0.005611,-0.148703,-0.025057,0.065223,-0.011587,-0.023584,0.143911,-0.021087,0.196603,-0.147847,-0.017808,0.149010,-0.032351,0.156593,-0.040571,1.175796,0.004175,-0.184228,-0.155020,-0.070803,-0.169794,-0.007751,1.351615,0.361437,0.101556,-0.056307
0.043788,0.012107,0.865993,-0.035097,-0.011182,-0.916628,0.398040,0.122063,-0.030124,0.039023,0.005770,-0.144510,-0.025839,0.047271,-0.011189,-0.020750,0.157502,-0.018172,0.196230,-0.145408,-0.019627,0.156367,-0.039245,0.159702,-0.040521,1.175469,0.001817,-0.183058,-0.152219,-0.073048,-0.170648,-0.009642,1.344968,0.342750,0.098559,-0.048006
0.048438,0.013733,0.865943,-0.034536,-0.010055,-0.917761,0.395500,0.115318,-0.031015,0.042381,0.003958,-0.140600,-0.021587,0.025317,-0.011995,-0.015580,0.181610,-0.018151,0.196330,-0.143682,-0.020944,0.164134,-0.043139,0.162801,-0.041707,1.172293,0.002323,-0.186745,-0.145758,-0.076929,-0.170367,-0.011767,1.341621,0.339873,0.091330,-0.047384
0.052892,0.015218,0.865773,-0.034569,-0.009509,-0.919379,0.391735,0.109882,-0.032031,0.048816,0.004737,-0.137753,-0.017761,0.001379,-0.012908,-0.009896,0.213195,-0.023132,0.193456,-0.138405,-0.025859,0.172031,-0.046140,0.168472,-0.043871,1.170866,0.002191,-0.191792,-0.139698,-0.068008,-0.164998,0.021322,1.285527,0.315996,0.020150,-0.043792
0.056257,0.016628,0.865428,-0.034057,-0.009836,-0.920366,0.389449,0.100776,-0.035065,0.049577,0.012423,-0.139332,-0.014114,-0.022455,-0.014427,-0.001186,0.244975,-0.026904,0.192030,-0.135720,-0.031832,0.179454,-0.054891,0.171877,-0.039874,1.178856,0.010478,-0.198824,-0.132530,-0.060688,-0.161920,0.046817,1.231972,0.277537,-0.069642,-0.040871
0.059585,0.019077,0.863033,-0.020763,-0.018034,-0.932742,0.359495,0.075994,-0.056577,0.108714,0.024205,-0.154062,0.010872,-0.093192,-0.022313,0.070369,0.307112,-0.050222,0.179168,-0.082465,-0.062710,0.165649,-0.039758,0.193481,-0.050819,1.161897,-0.027758,-0.194107,-0.125525,-0.062698,-0.155417,0.026062,1.232450,0.233582,-0.091598,-0.032415
0.062830,0.019479,0.862470,-0.019803,-0.019354,-0.934232,0.355588,0.071157,-0.062184,0.115901,0.025172,-0.152626,0.014700,-0.113517,-0.024432,0.082636,0.333248,-0.054348,0.180005,-0.075085,-0.068545,0.165376,-0.039863,0.199828,-0.054198,1.164111,-0.025047,-0.193400,-0.118242,-0.059626,-0.152793,0.022583,1.231791,0.226032,-0.095886,-0.035750
0.065125,0.019495,0.862113,-0.020881,-0.020273,-0.934195,0.355572,0.072294,-0.066209,0.112134,0.023155,-0.149875,0.016648,-0.117757,-0.027871,0.081672,0.342828,-0.055588,0.180888,-0.075994,-0.071322,0.167285,-0.040098,0.202339,-0.056584,1.168070,-0.027622,-0.189720,-0.113304,-0.055823,-0.152803,0.026276,1.234450,0.233349,-0.092640,-0.027452
0.067343,0.019506,0.861868,-0.022830,-0.021329,-0.934339,0.355014,0.075390,-0.069581,0.109622,0.021674,-0.148088,0.017432,-0.116504,-0.030130,0.084052,0.344934,-0.054636,0.183802,-0.078714,-0.072514,0.170961,-0.039277,0.204162,-0.053250,1.174108,-0.020889,-0.191793,-0.111047,-0.051675,-0.152602,0.024905,1.235645,0.231175,-0.096369,-0.026137
0.068947,0.019575,0.861900,-0.025637,-0.021669,-0.933758,0.356327,0.078729,-0.070276,0.106428,0.022559,-0.146890,0.016009,-0.109905,-0.031038,0.081866,0.341044,-0.050672,0.186260,-0.082934,-0.071546,0.175259,-0.038322,0.206254,-0.057342,1.179411,-0.027189,-0.194953,-0.112690,-0.044623,-0.149650,0.014463,1.232218,0.227111,-0.088384,-0.026576
0.070943,0.020166,0.862223,-0.026156,-0.020917,-0.934415,0.354608,0.075841,-0.069395,0.108575,0.024009,-0.142299,0.017556,-0.112198,-0.029261,0.084538,0.340222,-0.046023,0.186364,-0.081321,-0.068956,0.174095,-0.033266,0.204804,-0.049299,1.175591,-0.019525,-0.191553,-0.118048,-0.040552,-0.149497,0.005654,1.233792,0.213670,-0.086521,-0.022308
0.072740,0.020778,0.862378,-0.026424,-0.020028,-0.934442,0.354567,0.070992,-0.068104,0.110485,0.028218,-0.141350,0.016439,-0.113882,-0.027790,0.086843,0.337768,-0.039364,0.190604,-0.085502,-0.067458,0.174116,-0.033766,0.204719,-0.049405,1.180911,-0.017190,-0.196475,-0.117456,-0.039683,-0.150641,0.009315,1.235885,0.214572,-0.094141,-0.024145
0.074751,0.021746,0.862405,-0.026055,-0.019748,-0.935047,0.353013,0.065123,-0.068085,0.113301,0.031792,-0.141207,0.017706,-0.118093,-0.027321,0.089812,0.337197,-0.035050,0.193185,-0.086764,-0.068909,0.170976,-0.028592,0.206749,-0.050830,1.178520,-0.020203,-0.200180,-0.118023,-0.038238,-0.148597,0.007434,1.237697,0.204808,-0.092859,-0.024948
0.076981,0.023015,0.862343,-0.026434,-0.019868,-0.936216,0.349865,0.062272,-0.067582,0.119299,0.033853,-0.140295,0.018476,-0.121622,-0.025213,0.097415,0.336452,-0.029023,0.198306,-0.087552,-0.069141,0.172593,-0.032625,0.208494,-0.051057,1.182864,-0.025174,-0.201701,-0.123032,-0.043063,-0.149013,0.012489,1.233657,0.209044,-0.091016,-0.027109
0.079181,0.024189,0.862226,-0.026137,-0.019837,-0.937193,0.347264,0.057525,-0.067486,0.125221,0.035715,-0.138446,0.022296,-0.127972,-0.024587,0.101559,0.338174,-0.025618,0.198912,-0.088698,-0.071494,0.173050,-0.029252,0.212256,-0.059208,1.176356,-0.024363,-0.199575,-0.117004,-0.046951,-0.144978,0.015673,1.231214,0.222532,-0.097092,-0.036583
0.081333,0.025574,0.862109,-0.027059,-0.019920,-0.938684,0.343138,0.057393,-0.065872,0.131769,0.034829,-0.135701,0.021500,-0.132403,-0.020937,0.108824,0.340680,-0.021070,0.196986,-0.088249,-0.073188,0.173203,-0.029999,0.213346,-0.052084,1.176702,-0.018928,-0.196170,-0.115467,-0.050075,-0.141483,0.016713,1.227761,0.223596,-0.092614,-0.035608
0.083028,0.026944,0.862001,-0.029432,-0.021361,-0.939457,0.340731,0.062836,-0.066259,0.138555,0.031475,-0.132251,0.022167,-0.132871,-0.019735,0.113907,0.345395,-0.018012,0.198514,-0.090035,-0.076420,0.176665,-0.031666,0.216230,-0.054126,1.175386,-0.014422,-0.190922,-0.119444,-0.054291,-0.140116,0.021000,1.229090,0.221894,-0.088604,-0.026925
0.085214,0.028524,0.861935,-0.030501,-0.021836,-0.940263,0.338376,0.064931,-0.065686,0.145051,0.024947,-0.125937,0.017536,-0.140700,-0.017908,0.117842,0.355649,-0.012332,0.206174,-0.093285,-0.077721,0.176665,-0.030712,0.216380,-0.050592,1.172852,-0.012428,-0.190157,-0.118909,-0.053055,-0.136781,0.018956,1.222610,0.218393,-0.092788,-0.032201
0.088280,0.030229,0.862106,-0.031080,-0.020376,-0.941588,0.334709,0.061757,-0.061754,0.150587,0.022670,-0.121299,0.017073,-0.149550,-0.011307,0.125376,0.359432,0.000319,0.211976,-0.100805,-0.071450,0.177809,-0.035990,0.207161,-0.036321,1.172802,-0.005901,-0.189115,-0.121575,-0.060244,-0.141897,0.024595,1.224828,0.196671,-0.096665,-0.030348
0.091465,0.032958,0.862129,-0.032175,-0.018989,-0.942837,0.331152,0.058815,-0.056582,0.157417,0.019239,-0.115556,0.015389,-0.163789,-0.003610,0.129578,0.375665,0.004556,0.214450,-0.105600,-0.068414,0.184005,-0.042019,0.202498,-0.026764,1.168160,-0.009873,-0.191013,-0.121875,-0.068899,-0.144439,0.026125,1.220033,0.186662,-0.090557,-0.028184
0.093898,0.035783,0.862250,-0.032027,-0.016676,-0.944315,0.327057,0.059957,-0.048795,0.167838,0.004144,-0.104343,0.008112,-0.178817,-0.000699,0.113795,0.399052,-0.031329,0.223719,-0.111197,-0.067761,0.184512,-0.042429,0.201545,-0.022868,1.156441,-0.032026,-0.186700,-0.125190,-0.073607,-0.143431,0.025675,1.213554,0.191874,-0.083451,-0.023042
0.096103,0.038725,0.862657,-0.031879,-0.013291,-0.945370,0.324165,0.059305,-0.038794,0.176892,-0.009783,-0.093377,0.000988,-0.195704,0.007919,0.100598,0.441818,-0.083244,0.227255,-0.116618,-0.063542,0.182863,-0.046177,0.204561,-0.033072,1.156240,-0.046243,-0.190846,-0.126871,-0.069494,-0.142691,0.026384,1.201657,0.196466,-0.097851,-0.029977
0.098338,0.042168,0.863329,-0.031285,-0.009016,-0.946636,0.320656,0.056871,-0.026943,0.182458,-0.024198,-0.080683,-0.003791,-0.209950,0.019675,0.086747,0.500933,-0.124041,0.221926,-0.119278,-0.058919,0.178197,-0.055543,0.208226,-0.048473,1.157834,-0.063044,-0.189916,-0.131006,-0.069716,-0.142265,0.032269,1.200874,0.209843,-0.090971,-0.022443
0.099937,0.045144,0.863906,-0.033706,-0.006942,-0.947731,0.317208,0.063887,-0.017104,0.193406,-0.037876,-0.070069,-0.009186,-0.206856,0.019761,0.039987,0.578992,-0.144805,0.236475,-0.120674,-0.055103,0.177990,-0.062165,0.211090,-0.055969,1.156160,-0.056063,-0.192295,-0.127184,-0.064858,-0.142003,0.032130,1.196658,0.205958,-0.090606,-0.026475
0.101892,0.048283,0.864734,-0.034726,-0.003409,-0.948752,0.314090,0.062462,-0.005642,0.199490,-0.044993,-0.060564,-0.008250,-0.206762,0.025614,0.011900,0.684737,-0.157887,0.218336,-0.120036,-0.047450,0.170902,-0.068066,0.211086,-0.061586,1.155727,-0.055767,-0.187962,-0.119687,-0.056052,-0.142080,0.027336,1.192514,0.201780,-0.093961,-0.025811
0.103368,0.051247,0.865309,-0.035270,-0.001370,-0.949197,0.312697,0.058902,0.002329,0.200155,-0.047283,-0.052507,-0.008333,-0.190952,0.039488,0.011043,0.781159,-0.180461,0.210037,-0.124132,-0.042929,0.160748,-0.074636,0.211094,-0.062066,1.151622,-0.051803,-0.180804,-0.121277,-0.053250,-0.145837,0.023337,1.195908,0.191025,-0.085934,-0.015630
0.105363,0.054639,0.865431,-0.033643,0.000192,-0.950225,0.309743,0.051474,0.007893,0.205725,-0.051624,-0.043301,-0.008309,-0.173277,0.050299,0.015509,0.867523,-0.192290,0.209166,-0.115208,-0.038721,0.146224,-0.080234,0.210916,-0.068560,1.146362,-0.050906,-0.184554,-0.114944,-0.039849,-0.146751,0.016783,1.192561,0.191013,-0.088611,-0.019988
0.107175,0.057969,0.865593,-0.031523,0.001512,-0.952090,0.304187,0.043415,0.013879,0.215592,-0.053964,-0.035800,-0.011123,-0.146143,0.050012,0.015665,0.926162,-0.193048,0.208389,-0.102160,-0.033062,0.130113,-0.082623,0.207478,-0.063688,1.141199,-0.054101,-0.189856,-0.114157,-0.027738,-0.149940,0.008567,1.193090,0.198479,-0.088109,-0.019161
0.109381,0.061564,0.865207,-0.028679,0.001821,-0.954410,0.297111,0.034727,0.017769,0.230237,-0.057105,-0.029529,-0.012874,-0.112975,0.040355,0.020917,0.956249,-0.193090,0.208594,-0.084853,-0.027358,0.113456,-0.085224,0.204775,-0.060071,1.134622,-0.050630,-0.188876,-0.121622,-0.017365,-0.153797,-0.000530,1.192567,0.197369,-0.080717,-0.017150
0.111569,0.065179,0.864347,-0.025889,-0.000106,-0.956577,0.290326,0.028598,0.016218,0.240907,-0.062395,-0.025093,-0.008109,-0.070386,0.030349,0.042753,0.951921,-0.188192,0.218364,-0.068490,-0.023609,0.101908,-0.090919,0.200865,-0.055178,1.129273,-0.048677,-0.188650,-0.126944,-0.018025,-0.163225,-0.003864,1.206753,0.180207,-0.077495,-0.008098
0.114770,0.070192,0.863314,-0.022193,-0.002885,-0.959294,0.281522,0.017875,0.015058,0.257002,-0.063582,-0.017198,-0.009058,-0.028653,0.026534,0.082070,0.918120,-0.179140,0.235330,-0.049870,-0.025389,0.087680,-0.095697,0.199862,-0.049740,1.130607,-0.050176,-0.191176,-0.121439,-0.019527,-0.166705,-0.008704,1.218128,0.178031,-0.081590,-0.008661
0.118678,0.075667,0.861958,-0.016113,-0.006300,-0.962043,0.272350,-0.001037,0.011391,0.273860,-0.061853,-0.010650,-0.005782,0.006558,0.016761,0.126858,0.866421,-0.174618,0.255951,-0.027589,-0.027947,0.068303,-0.094866,0.199600,-0.048197,1.127492,-0.042679,-0.190483,-0.118444,-0.012538,-0.169816,-0.014527,1.219512,0.175527,-0.073609,-0.006698
0.122520,0.082758,0.860382,-0.012745,-0.009818,-0.964046,0.265247,-0.016885,0.010968,0.284548,-0.057667,-0.003392,-0.004763,0.046691,0.002775,0.161928,0.794827,-0.173339,0.260740,-0.012511,-0.028265,0.054065,-0.090265,0.198492,-0.045822,1.126064,-0.044510,-0.191564,-0.117266,-0.010143,-0.173641,-0.018658,1.223953,0.177255,-0.081804,-0.014885
0.127448,0.091100,0.858682,-0.011221,-0.013537,-0.966051,0.257752,-0.029350,0.012957,0.299165,-0.056151,0.008464,-0.009151,0.086269,-0.014910,0.188755,0.711377,-0.177191,0.261447,-0.001158,-0.031168,0.046908,-0.092855,0.201444,-0.041324,1.136671,-0.038905,-0.194714,-0.113275,-0.024130,-0.176999,-0.015448,1.241509,0.168641,-0.081569,-0.003368
0.132016,0.101651,0.857170,-0.010724,-0.015391,-0.967013,0.254036,-0.044959,0.022206,0.306530,-0.050749,0.021709,-0.018374,0.123568,-0.012378,0.221846,0.622711,-0.172408,0.261763,0.008672,-0.027066,0.040996,-0.091863,0.201693,-0.039752,1.142527,-0.030284,-0.194215,-0.113976,-0.024082,-0.178177,-0.017454,1.236230,0.187209,-0.079886,-0.004889
0.139207,0.113240,0.855188,-0.008847,-0.019309,-0.967375,0.252456,-0.067465,0.024124,0.309951,-0.045798,0.040063,-0.019519,0.147996,-0.005470,0.266984,0.547163,-0.164233,0.261800,0.016279,-0.028895,0.039874,-0.097579,0.202743,-0.039083,1.148307,-0.022711,-0.196902,-0.113926,-0.027425,-0.178566,-0.012894,1.228076,0.194760,-0.087066,-0.005831
0.147246,0.126675,0.852797,-0.007980,-0.021845,-0.966667,0.254978,-0.092305,0.029308,0.305548,-0.041595,0.063206,-0.023599,0.160455,0.014748,0.305197,0.492865,-0.147908,0.261800,0.014459,-0.029078,0.044307,-0.098399,0.207723,-0.036736,1.142513,-0.023556,-0.196268,-0.117791,-0.039235,-0.178267,-0.011781,1.225581,0.180279,-0.086455,-0.002217
0.158782,0.138508,0.850020,-0.006523,-0.028148,-0.965946,0.257124,-0.120721,0.021609,0.304674,-0.035534,0.087936,-0.021187,0.151509,-0.000434,0.305712,0.470084,-0.169476,0.250937,0.017840,-0.032442,0.051982,-0.090543,0.207738,-0.035540,1.126245,-0.026931,-0.200674,-0.122176,-0.028628,-0.173473,-0.012330,1.195431,0.181826,-0.091065,-0.009767
0.169682,0.153888,0.847018,-0.008734,-0.029161,-0.964504,0.262307,-0.147111,0.030890,0.295820,-0.028861,0.112442,-0.027041,0.143581,-0.001827,0.260660,0.456621,-0.213398,0.213291,0.017461,-0.026961,0.068388,-0.086337,0.211469,-0.035015,1.106446,-0.031426,-0.207803,-0.128462,-0.027194,-0.168704,-0.007564,1.170463,0.184864,-0.099205,-0.017665
0.180175,0.170634,0.844065,-0.015374,-0.027520,-0.961961,0.271361,-0.171003,0.048818,0.279607,-0.013671,0.121417,-0.043781,0.148466,0.007751,0.207245,0.429944,-0.245225,0.176401,0.013450,-0.013399,0.090929,-0.078587,0.215744,-0.034765,1.083695,-0.028166,-0.213012,-0.133533,-0.027574,-0.167750,-0.001776,1.156501,0.180996,-0.107977,-0.016560
0.191418,0.187121,0.841504,-0.023256,-0.024165,-0.959361,0.280182,-0.195477,0.070838,0.265998,0.008581,0.099631,-0.079040,0.156046,0.027819,0.186198,0.397576,-0.260046,0.161044,0.013731,0.005963,0.118268,-0.079357,0.213482,-0.029747,1.072393,-0.027844,-0.219902,-0.133673,-0.027502,-0.169761,0.004104,1.141460,0.175948,-0.116840,-0.017685
0.203589,0.203486,0.839826,-0.030465,-0.022537,-0.955979,0.290977,-0.224353,0.087044,0.257042,0.042496,0.041305,-0.103480,0.157301,0.044763,0.172455,0.374618,-0.264966,0.162285,0.014506,0.024071,0.147295,-0.082626,0.206884,-0.029086,1.068832,-0.038031,-0.233061,-0.127293,-0.031472,-0.178904,0.005560,1.133819,0.176545,-0.125011,-0.018336
0.214999,0.218801,0.840071,-0.037829,-0.022468,-0.952207,0.302269,-0.250021,0.095090,0.238780,0.082629,-0.034121,-0.105897,0.159788,0.053951,0.140909,0.350861,-0.267232,0.140815,0.013217,0.039667,0.172857,-0.070133,0.191840,-0.015505,1.053724,-0.050915,-0.230527,-0.129050,-0.032710,-0.186524,0.005923,1.142523,0.189893,-0.139470,-0.019954
0.226894,0.233196,0.841349,-0.045724,-0.021658,-0.948736,0.311995,-0.266104,0.104270,0.233833,0.118094,-0.066851,-0.114723,0.161068,0.067744,0.133187,0.327909,-0.264657,0.104400,0.008843,0.055509,0.199001,-0.057755,0.175701,0.005293,1.055864,-0.058443,-0.234316,-0.134074,-0.037496,-0.198322,0.005884,1.159340,0.180215,-0.153828,-0.016359
0.238268,0.246373,0.844152,-0.051330,-0.022963,-0.945250,0.321466,-0.278642,0.109477,0.239777,0.166099,-0.067156,-0.113175,0.159428,0.072629,0.121693,0.307140,-0.237341,0.105564,0.007684,0.065377,0.221191,-0.044363,0.158473,0.019259,1.066206,-0.065657,-0.231490,-0.132074,-0.040792,-0.207247,-0.006327,1.178031,0.178914,-0.147574,-0.015512
0.248760,0.258551,0.848332,-0.054816,-0.027984,-0.941956,0.330047,-0.282649,0.105724,0.244805,0.226449,-0.070859,-0.103287,0.158505,0.065864,0.107837,0.285455,-0.205418,0.107784,0.009955,0.064505,0.237082,-0.027317,0.149100,0.020174,1.087660,-0.061529,-0.223575,-0.129266,-0.038393,-0.214625,-0.014794,1.193322,0.168831,-0.128973,-0.022023
0.259400,0.270019,0.852261,-0.053358,-0.033995,-0.939217,0.337445,-0.291507,0.093325,0.235587,0.301808,-0.079804,-0.094550,0.146445,0.050484,0.086809,0.268214,-0.179560,0.109594,0.016306,0.057423,0.243560,-0.013623,0.142555,0.020862,1.123334,-0.060279,-0.208112,-0.124491,-0.029765,-0.220116,-0.019115,1.208826,0.172434,-0.120668,-0.027361
0.270559,0.280854,0.855650,-0.050114,-0.039004,-0.936939,0.343674,-0.300072,0.082272,0.226560,0.395944,-0.107453,-0.089296,0.128241,0.037759,0.087182,0.254826,-0.153789,0.107105,0.023668,0.049727,0.243500,0.004647,0.136114,0.031465,1.152058,-0.067821,-0.203370,-0.127003,-0.021925,-0.223516,-0.024763,1.227234,0.175637,-0.114049,-0.023585
0.281323,0.290576,0.858265,-0.046397,-0.044276,-0.934842,0.349225,-0.298994,0.081625,0.242132,0.507979,-0.142247,-0.081364,0.109484,0.018136,0.061377,0.244027,-0.133771,0.124401,0.030695,0.041918,0.241696,0.022073,0.135590,0.039064,1.183732,-0.065427,-0.192177,-0.120838,-0.012825,-0.226528,-0.028274,1.238396,0.182840,-0.110732,-0.025161
0.292386,0.299715,0.860068,-0.041443,-0.048564,-0.931769,0.357393,-0.289666,0.087111,0.266743,0.622998,-0.180142,-0.069488,0.089940,-0.001943,0.033179,0.229582,-0.111712,0.144396,0.031621,0.035136,0.239724,0.034039,0.135114,0.046166,1.208696,-0.054987,-0.180935,-0.109623,-0.009762,-0.232468,-0.025969,1.249310,0.187208,-0.105048,-0.019494
0.302439,0.308640,0.861623,-0.038081,-0.050049,-0.927215,0.369211,-0.273958,0.094529,0.271653,0.735512,-0.214800,-0.049331,0.071469,-0.010732,0.027269,0.221406,-0.093521,0.139389,0.024950,0.033240,0.232793,0.047128,0.139691,0.049980,1.236040,-0.048477,-0.169169,-0.111110,-0.002137,-0.235834,-0.023781,1.258710,0.179692,-0.098550,-0.012734
0.312004,0.317001,0.862674,-0.034954,-0.049706,-0.923301,0.379239,-0.247787,0.099971,0.262887,0.828684,-0.244339,-0.040001,0.053072,-0.017913,0.004756,0.210180,-0.074519,0.139130,0.012391,0.035554,0.224479,0.066652,0.138753,0.058847,1.250342,-0.054160,-0.157740,-0.117292,0.002240,-0.240237,-0.022413,1.265935,0.176293,-0.094579,-0.012547
0.321567,0.325349,0.863321,-0.031863,-0.049984,-0.919290,0.389092,-0.209742,0.100636,0.251175,0.896253,-0.262993,-0.032822,0.029080,-0.027156,-0.009769,0.210227,-0.058551,0.141723,-0.001692,0.033464,0.211636,0.089224,0.140986,0.070586,1.263727,-0.060414,-0.150246,-0.134036,0.005251,-0.242431,-0.027861,1.275961,0.175268,-0.092447,-0.009038
0.331456,0.332991,0.863926,-0.028962,-0.048586,-0.914899,0.399699,-0.164643,0.095195,0.223821,0.937509,-0.281736,-0.030315,0.009994,-0.029561,0.000830,0.207730,-0.043328,0.131252,-0.026812,0.032320,0.198558,0.118480,0.142756,0.075054,1.260248,-0.058776,-0.151241,-0.119708,0.004855,-0.243362,-0.030332,1.283108,0.176352,-0.085401,-0.006695
0.341438,0.340442,0.864150,-0.026160,-0.046755,-0.910860,0.409223,-0.113073,0.090828,0.197003,0.950319,-0.288367,-0.035897,-0.009356,-0.036015,-0.010389,0.200912,-0.030211,0.132246,-0.047965,0.031206,0.183180,0.140313,0.144228,0.080451,1.257081,-0.060421,-0.156070,-0.128901,0.006029,-0.241346,-0.037201,1.286603,0.186863,-0.085221,-0.008778
0.351337,0.347784,0.863708,-0.024096,-0.043702,-0.906831,0.418529,-0.054673,0.094068,0.173601,0.933594,-0.288577,-0.049220,-0.034191,-0.041334,-0.030576,0.206805,-0.018417,0.137771,-0.070445,0.032667,0.164481,0.153550,0.146682,0.094682,1.261745,-0.053353,-0.154806,-0.131946,0.008761,-0.239057,-0.044994,1.289649,0.191200,-0.087068,-0.007736
0.362743,0.355450,0.862181,-0.020007,-0.038740,-0.903519,0.426324,-0.007236,0.088121,0.139751,0.898572,-0.293848,-0.066088,-0.068068,-0.048658,-0.065797,0.209161,-0.000547,0.156313,-0.090034,0.037856,0.141624,0.160599,0.147413,0.099634,1.264003,-0.051516,-0.158323,-0.136917,0.011989,-0.238215,-0.049200,1.289271,0.195162,-0.086930,-0.005760
0.374365,0.362789,0.860860,-0.018181,-0.034670,-0.900168,0.433779,0.047258,0.066545,0.085311,0.829630,-0.285208,-0.086383,-0.090319,-0.052066,-0.076949,0.202327,0.012431,0.162672,-0.109102,0.042129,0.121219,0.166481,0.147025,0.102225,1.259986,-0.053626,-0.162870,-0.140320,0.019670,-0.236607,-0.048542,1.286592,0.191883,-0.088285,0.000328
0.386547,0.371204,0.858674,-0.016654,-0.028780,-0.897011,0.440756,0.097442,0.040361,0.010870,0.742904,-0.267526,-0.123397,-0.117521,-0.049965,-0.085987,0.200911,0.020274,0.173889,-0.127535,0.048309,0.100577,0.168037,0.148144,0.098161,1.251701,-0.052883,-0.172796,-0.129508,0.029860,-0.232191,-0.045647,1.278331,0.193059,-0.092054,-0.007818
0.400758,0.380330,0.855860,-0.016479,-0.023184,-0.893972,0.447220,0.147333,0.013354,-0.072747,0.642245,-0.271294,-0.163864,-0.145489,-0.050237,-0.094712,0.201556,0.024976,0.192065,-0.144243,0.055035,0.092227,0.151810,0.148893,0.096239,1.241557,-0.056346,-0.179242,-0.126146,0.027067,-0.231445,-0.044538,1.275298,0.188583,-0.092267,-0.012514
0.415586,0.390271,0.852542,-0.017577,-0.017564,-0.891210,0.452910,0.191846,-0.006409,-0.154817,0.537014,-0.265069,-0.182601,-0.174567,-0.050998,-0.108473,0.206123,0.038924,0.208843,-0.156856,0.062864,0.086898,0.128884,0.150366,0.084611,1.226933,-0.048067,-0.189146,-0.123779,0.023240,-0.231076,-0.047796,1.274759,0.189596,-0.099946,-0.018089
0.432215,0.401061,0.849254,-0.018612,-0.014461,-0.889362,0.456596,0.220987,-0.014606,-0.197755,0.445144,-0.300506,-0.164186,-0.202863,-0.056844,-0.108385,0.207146,0.053091,0.220909,-0.166162,0.064443,0.088764,0.097025,0.150123,0.069883,1.207401,-0.056593,-0.197195,-0.116809,0.013456,-0.231066,-0.045963,1.274529,0.195223,-0.093940,-0.010110
0.449399,0.412905,0.846466,-0.021943,-0.015388,-0.888408,0.458273,0.241793,-0.017013,-0.191546,0.378825,-0.347755,-0.119790,-0.227301,-0.065580,-0.101404,0.212270,0.063716,0.234036,-0.172508,0.057932,0.103507,0.060080,0.152239,0.053344,1.184184,-0.060840,-0.207802,-0.113769,-0.000495,-0.230648,-0.040964,1.271361,0.199220,-0.100642,-0.018324
0.468068,0.425477,0.844225,-0.025366,-0.019732,-0.887443,0.459796,0.256864,-0.024655,-0.157844,0.320953,-0.387398,-0.073475,-0.247257,-0.081847,-0.096031,0.211964,0.066956,0.256758,-0.181418,0.042662,0.124911,0.022124,0.154400,0.041667,1.152211,-0.060424,-0.217641,-0.116549,-0.014253,-0.226724,-0.043080,1.263773,0.200155,-0.098817,-0.015332
0.485599,0.439476,0.843273,-0.034557,-0.024718,-0.887577,0.458695,0.279449,-0.026786,-0.127313,0.267280,-0.405704,-0.047677,-0.249723,-0.082351,-0.085870,0.201575,0.044718,0.261689,-0.188315,0.024732,0.162236,-0.016381,0.161348,0.028951,1.115250,-0.074818,-0.227990,-0.118666,-0.027183,-0.216604,-0.046740,1.248458,0.208741,-0.096101,-0.012719
0.505680,0.453374,0.843690,-0.040828,-0.031108,-0.888869,0.455278,0.286160,-0.043985,-0.119042,0.226954,-0.407823,-0.016085,-0.257042,-0.093472,-0.069980,0.191795,0.009749,0.258198,-0.192680,0.002667,0.191079,-0.050949,0.169806,0.015088,1.084608,-0.081242,-0.232814,-0.111064,-0.030691,-0.206399,-0.044879,1.224244,0.224549,-0.099772,-0.018468
0.523858,0.466164,0.844178,-0.046613,-0.037206,-0.887663,0.456616,0.289364,-0.059791,-0.124549,0.193250,-0.399960,-0.001902,-0.252816,-0.111312,-0.078827,0.178503,-0.029788,0.259568,-0.206997,-0.021370,0.216211,-0.079125,0.180834,0.006003,1.055731,-0.090602,-0.235240,-0.107063,-0.024506,-0.193473,-0.052981,1.192114,0.233092,-0.092351,-0.020998
0.541280,0.480901,0.844965,-0.047782,-0.040904,-0.891075,0.449476,0.274170,-0.073030,-0.105698,0.173886,-0.382034,0.003473,-0.269454,-0.119215,-0.082342,0.186456,-0.022984,0.261390,-0.199205,-0.042700,0.227407,-0.103584,0.191671,0.006392,1.034596,-0.099336,-0.232236,-0.101498,-0.014652,-0.180221,-0.056590,1.164850,0.239353,-0.084931,-0.021386
0.557392,0.493173,0.846646,-0.052269,-0.046043,-0.895256,0.440074,0.271381,-0.086437,-0.087382,0.151698,-0.352364,0.004816,-0.275867,-0.121959,-0.073347,0.240818,-0.012004,0.261780,-0.184564,-0.064563,0.246876,-0.122725,0.205639,0.011564,1.019496,-0.104404,-0.239733,-0.092169,-0.004520,-0.161017,-0.072956,1.149398,0.256783,-0.096676,-0.036679
0.573556,0.503981,0.849649,-0.056213,-0.047144,-0.900109,0.429443,0.258924,-0.093376,-0.065095,0.141380,-0.327131,0.012799,-0.272777,-0.111576,-0.052577,0.318946,-0.005515,0.261799,-0.169265,-0.070401,0.261389,-0.136830,0.218622,0.002270,1.016800,-0.112034,-0.240304,-0.076254,-0.003996,-0.157211,-0.067325,1.161052,0.272351,-0.103179,-0.046769
0.588374,0.514102,0.853301,-0.059172,-0.043354,-0.904407,0.420317,0.237651,-0.089983,-0.044878,0.137915,-0.306457,0.025572,-0.269266,-0.087312,-0.029728,0.431553,-0.012284,0.261800,-0.162154,-0.063092,0.269531,-0.149498,0.221610,0.010677,1.027767,-0.112605,-0.239630,-0.068167,-0.012624,-0.166296,-0.067800,1.195570,0.234672,-0.098515,-0.019836
0.601715,0.524315,0.856953,-0.059566,-0.036664,-0.907408,0.414389,0.207498,-0.079662,-0.031253,0.138483,-0.284546,0.028719,-0.262396,-0.066473,-0.031884,0.560999,-0.029199,0.259948,-0.162372,-0.052086,0.264303,-0.140126,0.223623,0.012326,1.030742,-0.119015,-0.238900,-0.066574,-0.015844,-0.175225,-0.065370,1.223710,0.208322,-0.076987,-0.001323
0.613449,0.534136,0.860030,-0.059413,-0.029221,-0.911823,0.405210,0.186182,-0.065119,-0.016040,0.123030,-0.258085,0.028089,-0.249659,-0.049536,-0.048536,0.695213,-0.056928,0.240451,-0.153394,-0.038548,0.255231,-0.123541,0.226328,0.006380,1.033701,-0.121955,-0.230399,-0.075459,-0.014992,-0.183377,-0.065478,1.246164,0.189775,-0.066963,0.009483
0.624105,0.543831,0.862029,-0.057228,-0.023001,-0.915860,0.396732,0.166308,-0.053380,-0.000860,0.101327,-0.228454,0.024848,-0.227473,-0.038172,-0.066717,0.818671,-0.083218,0.217754,-0.142481,-0.029794,0.239444,-0.099168,0.231135,0.000559,1.038192,-0.116619,-0.225543,-0.088494,-0.004284,-0.187636,-0.068887,1.255584,0.182179,-0.062334,0.009069
0.634399,0.553200,0.862922,-0.052608,-0.019270,-0.920415,0.386907,0.144432,-0.048145,0.021369,0.080793,-0.199928,0.021456,-0.191755,-0.022607,-0.064112,0.906828,-0.108524,0.224881,-0.124380,-0.028020,0.215932,-0.065428,0.237790,-0.010207,1.040744,-0.106377,-0.220906,-0.099821,0.011845,-0.188265,-0.072964,1.269232,0.190819,-0.067810,0.002729
0.644153,0.562330,0.863164,-0.046557,-0.017630,-0.925093,0.376462,0.123775,-0.048365,0.041093,0.056585,-0.172326,0.019735,-0.146263,-0.004655,-0.047809,0.961021,-0.116017,0.249663,-0.095909,-0.030146,0.193072,-0.041355,0.241790,-0.016313,1.055795,-0.090500,-0.219474,-0.102837,0.027564,-0.186407,-0.081650,1.279655,0.196915,-0.068768,0.004618
0.653316,0.572984,0.863247,-0.040962,-0.014020,-0.931324,0.361608,0.101460,-0.039490,0.066432,0.035534,-0.149151,0.014403,-0.091652,0.021157,-0.029795,0.972823,-0.114456,0.260299,-0.058090,-0.027776,0.172569,-0.021218,0.242996,-0.014588,1.076921,-0.078422,-0.212658,-0.105692,0.037311,-0.182834,-0.085006,1.286038,0.196563,-0.064845,0.005836
0.661619,0.585897,0.863073,-0.034698,-0.008258,-0.937597,0.345890,0.072048,-0.021605,0.090278,0.020135,-0.123851,0.007525,-0.036403,0.054405,-0.010000,0.948389,-0.101054,0.261760,-0.016996,-0.023997,0.150752,-0.003814,0.241902,-0.002342,1.096860,-0.071872,-0.207940,-0.104209,0.038178,-0.177655,-0.079663,1.297054,0.197283,-0.065904,0.008072
0.670919,0.598567,0.861910,-0.027048,-0.006045,-0.942555,0.332898,0.037022,-0.012965,0.112426,0.013980,-0.099764,0.004794,0.020412,0.073071,0.017407,0.897986,-0.088565,0.261800,0.020617,-0.026699,0.127668,0.013137,0.239852,0.010947,1.120878,-0.062240,-0.201018,-0.103093,0.036110,-0.171790,-0.076013,1.305582,0.192751,-0.067722,0.010816
0.679913,0.612180,0.860201,-0.020242,-0.007109,-0.946292,0.322600,0.001677,-0.008825,0.130611,0.015132,-0.081532,0.002293,0.082375,0.090874,0.055651,0.822609,-0.065902,0.261800,0.052794,-0.033917,0.111513,0.026056,0.237743,0.025085,1.147222,-0.056231,-0.190048,-0.104377,0.028495,-0.168101,-0.073937,1.307374,0.183513,-0.061205,0.020304
0.690198,0.625932,0.857796,-0.015078,-0.011881,-0.948873,0.315074,-0.033272,-0.012161,0.145288,0.023355,-0.063895,-0.000345,0.146078,0.105193,0.111071,0.731441,-0.032787,0.261800,0.079429,-0.046267,0.101549,0.041342,0.235198,0.035826,1.163770,-0.044716,-0.189245,-0.104696,0.018160,-0.163620,-0.071175,1.304012,0.194207,-0.066843,0.018383
0.702746,0.638344,0.854992,-0.010733,-0.018046,-0.950784,0.309142,-0.069819,-0.021017,0.156528,0.035729,-0.045292,0.001820,0.202518,0.097951,0.163351,0.627731,-0.011623,0.261800,0.101371,-0.058290,0.094524,0.056569,0.229863,0.044710,1.179760,-0.040853,-0.182724,-0.101718,0.008522,-0.160275,-0.060539,1.292898,0.206004,-0.072452,0.016858
0.717417,0.650604,0.851561,-0.006983,-0.025951,-0.952441,0.303535,-0.108815,-0.033224,0.173018,0.051802,-0.023907,0.005319,0.240628,0.072418,0.204162,0.529122,-0.015366,0.261800,0.121631,-0.072186,0.091384,0.071249,0.224247,0.052705,1.191652,-0.043754,-0.177521,-0.098556,-0.002821,-0.158471,-0.043056,1.275959,0.223248,-0.084271,0.009999
0.735148,0.663678,0.847818,-0.004333,-0.034056,-0.953874,0.298239,-0.142527,-0.046546,0.191170,0.052808,0.006068,0.006366,0.258482,0.046080,0.250620,0.448605,-0.060917,0.261800,0.140839,-0.082014,0.094410,0.084937,0.216656,0.061482,1.196747,-0.044864,-0.173798,-0.103439,-0.009343,-0.159225,-0.027630,1.244689,0.238249,-0.097544,0.006293
0.754896,0.676062,0.844823,-0.001828,-0.040158,-0.955117,0.293488,-0.175815,-0.055997,0.213164,0.050298,0.025716,-0.002855,0.254347,0.011383,0.260906,0.404647,-0.124056,0.260270,0.152522,-0.082579,0.100505,0.096265,0.201347,0.077708,1.195072,-0.047675,-0.172641,-0.107064,-0.018511,-0.166288,-0.008480,1.205813,0.234026,-0.107465,0.002858
0.772754,0.692745,0.842880,-0.007229,-0.037160,-0.955519,0.292491,-0.199247,-0.032991,0.234181,0.052815,0.015746,-0.037175,0.252937,0.012400,0.230085,0.362795,-0.172285,0.227305,0.156655,-0.060980,0.118246,0.101050,0.188309,0.091847,1.193829,-0.050425,-0.177152,-0.110583,-0.025937,-0.173989,0.002724,1.159130,0.238327,-0.123546,0.003584
0.790193,0.710676,0.841285,-0.015816,-0.026707,-0.953959,0.298326,-0.225663,0.010358,0.252691,0.070395,-0.016714,-0.101778,0.256614,0.038716,0.188121,0.310013,-0.193611,0.198591,0.146192,-0.014254,0.135489,0.103460,0.168304,0.109680,1.190357,-0.032045,-0.183605,-0.121020,-0.029833,-0.189090,-0.002742,1.111607,0.218156,-0.133962,0.007223
0.807385,0.728524,0.840551,-0.021660,-0.019460,-0.951317,0.306834,-0.255916,0.040024,0.255172,0.091084,-0.057855,-0.140127,0.256986,0.059649,0.161098,0.256755,-0.200650,0.185040,0.128986,0.019702,0.150033,0.099981,0.156526,0.110978,1.190936,-0.016643,-0.188292,-0.130733,-0.034558,-0.204224,-0.004589,1.069428,0.216495,-0.146422,0.006491
0.823340,0.745775,0.840493,-0.027065,-0.016034,-0.948301,0.315809,-0.279548,0.060431,0.256774,0.116374,-0.079399,-0.152056,0.256143,0.074359,0.140138,0.210891,-0.199820,0.170680,0.108256,0.038956,0.166567,0.094847,0.153999,0.107606,1.189434,-0.017302,-0.185584,-0.150078,-0.037460,-0.215708,-0.002694,1.028642,0.221689,-0.150222,0.012367
0.838471,0.761880,0.841453,-0.031161,-0.015332,-0.946957,0.319477,-0.298461,0.081017,0.257252,0.174596,-0.087635,-0.142773,0.248715,0.081576,0.122741,0.178407,-0.197770,0.146033,0.094710,0.047069,0.180093,0.091677,0.158974,0.094652,1.188272,-0.011813,-0.186293,-0.158164,-0.037025,-0.223447,0.003697,0.998848,0.222722,-0.149737,0.017273
0.852998,0.776777,0.843262,-0.034173,-0.018880,-0.945185,0.324193,-0.309955,0.089469,0.246173,0.268743,-0.099661,-0.126225,0.235394,0.078128,0.103019,0.162898,-0.192788,0.128207,0.080789,0.043264,0.192477,0.083563,0.170386,0.074922,1.197306,-0.002756,-0.188187,-0.159056,-0.033591,-0.226629,0.009077,0.986220,0.225472,-0.153099,0.012102
0.866736,0.790192,0.845862,-0.039137,-0.025649,-0.942458,0.331034,-0.306091,0.080244,0.205767,0.386134,-0.125042,-0.114928,0.230055,0.068241,0.085665,0.149819,-0.178338,0.122725,0.062825,0.034118,0.210032,0.071957,0.182060,0.049221,1.208251,-0.001284,-0.203334,-0.151241,-0.029276,-0.227372,0.010820,0.990154,0.225328,-0.152885,0.005991
0.881180,0.802869,0.849272,-0.039977,-0.030349,-0.940851,0.335083,-0.296168,0.076070,0.185210,0.512845,-0.167097,-0.109393,0.205790,0.059210,0.079084,0.151417,-0.156961,0.125991,0.054167,0.027566,0.216502,0.049864,0.191488,0.019419,1.228110,-0.003358,-0.206098,-0.132568,-0.022450,-0.228311,0.010387,1.005888,0.235537,-0.149256,-0.004654
0.894506,0.814698,0.852580,-0.038361,-0.032856,-0.938289,0.342144,-0.279268,0.080175,0.177914,0.648387,-0.208628,-0.096104,0.177069,0.052580,0.068258,0.153502,-0.130254,0.123943,0.040527,0.024378,0.214227,0.026198,0.195931,0.004572,1.237617,0.002908,-0.185171,-0.113785,-0.015209,-0.231254,0.009064,1.036919,0.240258,-0.144891,-0.013097
0.908472,0.826271,0.855346,-0.034805,-0.034473,-0.934886,0.351552,-0.253794,0.091031,0.183600,0.775657,-0.243459,-0.078123,0.143821,0.042562,0.046636,0.154981,-0.116809,0.124753,0.023938,0.021818,0.205417,-0.000890,0.195810,-0.000160,1.247315,-0.004457,-0.168780,-0.103104,-0.006763,-0.235330,0.007979,1.072721,0.240075,-0.129495,-0.003098
0.922335,0.836816,0.857375,-0.030064,-0.035968,-0.931213,0.361449,-0.216410,0.098168,0.187440,0.878563,-0.278007,-0.053574,0.110430,0.030261,0.027857,0.155437,-0.097373,0.124138,0.004895,0.018439,0.194348,-0.020296,0.193278,-0.002378,1.241595,-0.027196,-0.159748,-0.103939,0.002504,-0.240042,0.008698,1.107045,0.236468,-0.114075,-0.003457
0.936224,0.846588,0.858472,-0.025933,-0.036492,-0.927151,0.372003,-0.164011,0.100970,0.186219,0.942006,-0.292505,-0.045949,0.079838,0.018992,0.010873,0.154687,-0.077013,0.131267,-0.017274,0.017122,0.182671,-0.034115,0.187320,0.001052,1.223513,-0.042881,-0.168395,-0.110543,0.014506,-0.242691,0.001544,1.140313,0.229695,-0.102508,-0.004722
0.950205,0.855717,0.858763,-0.023511,-0.034806,-0.922552,0.383581,-0.100189,0.100516,0.174106,0.965977,-0.298702,-0.051867,0.051326,0.010355,-0.013154,0.156062,-0.061280,0.137589,-0.046191,0.020464,0.169533,-0.037791,0.179170,-0.003928,1.193361,-0.053825,-0.176914,-0.110238,0.024446,-0.246242,-0.010741,1.183689,0.211457,-0.097061,-0.003483
0.964466,0.865188,0.858438,-0.020038,-0.030582,-0.917435,0.396202,-0.036813,0.102840,0.159792,0.954806,-0.302362,-0.064367,0.015488,0.005583,-0.034874,0.161546,-0.046000,0.142766,-0.079866,0.028276,0.152312,-0.038639,0.168082,-0.004348,1.159728,-0.060958,-0.189348,-0.116461,0.035403,-0.250123,-0.026151,1.222496,0.187851,-0.094983,-0.007793
0.979683,0.874737,0.857405,-0.016735,-0.025367,-0.911296,0.410629,0.024581,0.108162,0.140918,0.912899,-0.307538,-0.087308,-0.023217,0.000082,-0.057845,0.171088,-0.030822,0.149240,-0.118479,0.038325,0.133103,-0.040520,0.155672,-0.009964,1.133859,-0.066855,-0.205208,-0.124323,0.047112,-0.254124,-0.045802,1.252458,0.167973,-0.087145,-0.000536
0.995578,0.884658,0.855909,-0.014334,-0.020357,-0.904896,0.424903,0.082730,0.114067,0.120319,0.843120,-0.315587,-0.108936,-0.063901,-0.007240,-0.079939,0.187426,-0.016702,0.156872,-0.158487,0.049817,0.118635,-0.039962,0.138971,-0.006767,1.101002,-0.061347,-0.218152,-0.136399,0.056366,-0.258792,-0.073387,1.275197,0.139729,-0.081835,0.009418
1.012506,0.894825,0.854246,-0.013164,-0.015722,-0.898305,0.438894,0.133694,0.109170,0.079987,0.750230,-0.304541,-0.134612,-0.100948,-0.016733,-0.100449,0.199704,0.001114,0.164070,-0.196948,0.058718,0.108827,-0.044606,0.122542,-0.006553,1.070814,-0.056743,-0.230019,-0.148031,0.066381,-0.260272,-0.094217,1.286249,0.129744,-0.080732,0.014942
1.030700,0.905537,0.852210,-0.012982,-0.010864,-0.892526,0.450678,0.179760,0.095770,0.020459,0.634972,-0.283749,-0.156511,-0.138844,-0.026975,-0.118736,0.212815,0.023709,0.171484,-0.226727,0.068038,0.104285,-0.052927,0.110806,-0.019298,1.042495,-0.053211,-0.238145,-0.151358,0.076395,-0.258862,-0.106908,1.287027,0.138477,-0.083380,0.011433
1.050239,0.917049,0.849667,-0.013620,-0.006744,-0.887958,0.459673,0.214529,0.080434,-0.041912,0.519103,-0.257236,-0.167230,-0.176578,-0.037632,-0.124852,0.223581,0.050816,0.179329,-0.247026,0.074559,0.106338,-0.067631,0.106475,-0.041243,1.019528,-0.052154,-0.241041,-0.143853,0.081703,-0.254897,-0.112467,1.281229,0.148706,-0.083907,0.008026
1.071091,0.929249,0.846587,-0.015027,-0.004002,-0.885258,0.464841,0.236029,0.064763,-0.095176,0.418789,-0.274894,-0.172999,-0.209927,-0.050230,-0.134063,0.226108,0.082969,0.201318,-0.257113,0.078665,0.114214,-0.093240,0.102715,-0.057228,1.010554,-0.040007,-0.255756,-0.143879,0.078607,-0.253187,-0.108418,1.276273,0.154928,-0.085924,0.009018
1.092859,0.942562,0.843549,-0.017397,-0.005347,-0.884864,0.465494,0.248441,0.052069,-0.102013,0.355926,-0.318275,-0.153096,-0.237192,-0.065141,-0.129539,0.220854,0.108897,0.221868,-0.255574,0.072342,0.131370,-0.118975,0.101435,-0.066079,0.999283,-0.035504,-0.265503,-0.134260,0.066496,-0.250298,-0.104048,1.274028,0.152920,-0.088376,0.014486
1.114478,0.956902,0.841322,-0.020943,-0.011411,-0.885776,0.463500,0.262496,0.035412,-0.076488,0.299771,-0.349393,-0.129782,-0.257329,-0.083730,-0.117530,0.213401,0.107772,0.245558,-0.248998,0.052747,0.156694,-0.142230,0.107707,-0.071723,0.990696,-0.034906,-0.272446,-0.125426,0.050784,-0.242592,-0.093159,1.265727,0.153998,-0.090025,0.015705
1.136522,0.971808,0.840923,-0.026796,-0.020614,-0.886617,0.461266,0.273573,0.010697,-0.058039,0.254550,-0.361649,-0.099837,-0.267292,-0.106314,-0.110122,0.206360,0.075677,0.258857,-0.245740,0.025715,0.190350,-0.158811,0.119339,-0.073404,0.985452,-0.038751,-0.280536,-0.113490,0.033983,-0.229822,-0.083682,1.250227,0.156088,-0.090702,0.012187
1.158024,0.986596,0.842014,-0.032785,-0.027907,-0.888396,0.457055,0.274977,-0.011958,-0.046660,0.222683,-0.361627,-0.076615,-0.270275,-0.121652,-0.104036,0.190397,0.033322,0.251566,-0.243804,0.001655,0.219672,-0.161642,0.133821,-0.075196,0.983956,-0.047960,-0.284741,-0.104706,0.018149,-0.216848,-0.067574,1.230688,0.168337,-0.095388,0.007445
1.178321,1.000978,0.842564,-0.034973,-0.033867,-0.891088,0.451212,0.265861,-0.034484,-0.029704,0.196961,-0.357100,-0.054276,-0.277240,-0.132312,-0.098192,0.176226,0.024918,0.257873,-0.241432,-0.021260,0.235056,-0.153858,0.148755,-0.073951,0.987237,-0.051978,-0.285098,-0.101857,0.004944,-0.202702,-0.048427,1.207069,0.172403,-0.095953,0.005790
1.195939,1.015459,0.842358,-0.037320,-0.035115,-0.894357,0.444410,0.257917,-0.042991,-0.006871,0.166238,-0.355135,-0.030721,-0.288084,-0.124242,-0.096419,0.194049,0.043690,0.261710,-0.233516,-0.033878,0.245403,-0.146647,0.167261,-0.075595,1.004686,-0.051596,-0.273459,-0.099927,-0.002824,-0.190837,-0.030600,1.179403,0.177659,-0.095465,0.007635
1.213036,1.028438,0.842523,-0.041451,-0.036590,-0.894459,0.443719,0.259902,-0.051170,0.003418,0.121906,-0.342354,-0.002021,-0.291440,-0.111070,-0.068651,0.262038,0.043218,0.261800,-0.235534,-0.043161,0.259844,-0.136184,0.183970,-0.073286,1.026764,-0.045647,-0.260904,-0.098140,-0.000467,-0.180791,-0.016938,1.145542,0.184272,-0.099915,0.007506
1.228499,1.040809,0.843954,-0.047980,-0.036439,-0.894026,0.443946,0.269100,-0.050936,0.006726,0.071757,-0.315369,0.007016,-0.285354,-0.080003,-0.027919,0.366400,0.025448,0.261800,-0.240791,-0.046195,0.276765,-0.118696,0.194339,-0.064611,1.052209,-0.041101,-0.245032,-0.088010,0.002145,-0.174401,-0.001991,1.120364,0.186635,-0.104311,0.003404
1.242724,1.053228,0.846569,-0.050549,-0.033883,-0.895576,0.440726,0.270220,-0.049019,0.007888,0.017262,-0.265437,0.010168,-0.284417,-0.045478,-0.008045,0.497462,-0.009417,0.261800,-0.238367,-0.045446,0.283600,-0.101882,0.205939,-0.059120,1.090624,-0.043810,-0.231485,-0.073527,-0.007760,-0.172251,0.015241,1.118850,0.180821,-0.105910,-0.004770
1.257250,1.064926,0.849573,-0.047093,-0.028527,-0.898783,0.434923,0.249545,-0.047597,0.021230,-0.020408,-0.222421,0.010142,-0.289720,-0.021356,-0.010086,0.635780,-0.046796,0.261800,-0.226490,-0.039204,0.270040,-0.079154,0.213099,-0.049456,1.136518,-0.032762,-0.218590,-0.066917,-0.010039,-0.167786,0.015045,1.125660,0.178976,-0.108569,-0.008632
1.271362,1.075733,0.852652,-0.043062,-0.023661,-0.902487,0.427904,0.216780,-0.047990,0.034632,-0.032356,-0.188633,0.016392,-0.278994,-0.010133,-0.024841,0.759075,-0.079965,0.261692,-0.208656,-0.030903,0.252157,-0.047885,0.216086,-0.042620,1.174045,-0.034365,-0.201563,-0.066197,-0.006134,-0.166113,0.011031,1.136275,0.187272,-0.102745,-0.004171
1.284217,1.086421,0.854877,-0.040320,-0.018812,-0.906601,0.419638,0.184503,-0.043804,0.049785,-0.036348,-0.161715,0.015071,-0.250245,0.003873,-0.035360,0.860036,-0.107055,0.259091,-0.183107,-0.022365,0.234732,-0.013198,0.220586,-0.036849,1.202730,-0.030763,-0.186264,-0.075154,0.002657,-0.166081,0.008939,1.145002,0.195035,-0.098781,0.000934
1.296073,1.097432,0.855905,-0.038087,-0.015377,-0.911323,0.409638,0.157770,-0.038906,0.070197,-0.042772,-0.138692,0.010804,-0.205831,0.023234,-0.032482,0.931997,-0.125297,0.260003,-0.152719,-0.015783,0.218807,0.029056,0.227395,-0.031789,1.211438,-0.011641,-0.166034,-0.086563,0.015059,-0.167725,0.010433,1.148869,0.191086,-0.094264,0.002671
1.306132,1.109779,0.855859,-0.035134,-0.011501,-0.916532,0.398249,0.132603,-0.029351,0.092269,-0.054542,-0.115141,0.005075,-0.152442,0.055426,-0.018982,0.970370,-0.132717,0.261345,-0.117803,-0.011169,0.199528,0.073384,0.232468,-0.023510,1.219985,-0.016577,-0.181915,-0.092255,0.025241,-0.167864,0.014809,1.156598,0.186018,-0.097685,-0.000760
1.314053,1.124777,0.854925,-0.030734,-0.006065,-0.922173,0.385507,0.103202,-0.011711,0.113699,-0.066507,-0.092025,-0.004017,-0.094033,0.104281,-0.001822,0.969567,-0.113330,0.261736,-0.080002,-0.007318,0.176509,0.106303,0.237069,0.002278,1.227132,-0.022202,-0.183634,-0.096110,0.027620,-0.164505,0.011767,1.171197,0.181668,-0.096246,-0.003867
1.322000,1.140833,0.853194,-0.024856,-0.003507,-0.926977,0.374277,0.071474,0.000046,0.131740,-0.076931,-0.067011,-0.011765,-0.032982,0.150187,0.027238,0.941012,-0.094333,0.261800,-0.043711,-0.010345,0.155376,0.127424,0.240522,0.034808,1.231844,-0.016424,-0.164000,-0.094662,0.019836,-0.161160,-0.001862,1.190904,0.173690,-0.090514,-0.002954
1.331572,1.156384,0.851091,-0.019731,-0.004731,-0.930205,0.366480,0.038767,0.002538,0.145886,-0.080127,-0.044257,-0.018196,0.036214,0.178607,0.066148,0.882354,-0.082192,0.261800,-0.013413,-0.018786,0.136603,0.145988,0.243726,0.054854,1.234327,-0.016767,-0.158766,-0.094149,0.011993,-0.158584,-0.013085,1.209544,0.180552,-0.089270,-0.006881
1.343641,1.171727,0.848683,-0.014581,-0.008150,-0.933372,0.358520,0.002641,-0.000726,0.163122,-0.077860,-0.020037,-0.021609,0.102641,0.182909,0.103624,0.799835,-0.050105,0.261800,0.017381,-0.028024,0.120388,0.157563,0.242742,0.072200,1.239130,-0.012703,-0.162081,-0.096005,0.005772,-0.158156,-0.018123,1.221368,0.187404,-0.092468,-0.011521
1.356453,1.188275,0.845433,-0.008594,-0.013141,-0.935789,0.352211,-0.038481,-0.006775,0.177956,-0.071098,-0.000961,-0.024024,0.160809,0.178465,0.137957,0.698907,-0.001063,0.261800,0.046392,-0.039063,0.106347,0.158645,0.239512,0.088765,1.244999,-0.014348,-0.165356,-0.096923,0.002035,-0.159484,-0.020094,1.221707,0.197225,-0.094768,-0.003224
1.371037,1.205345,0.841061,-0.002570,-0.019478,-0.936508,0.350096,-0.085696,-0.017487,0.186802,-0.057760,0.014186,-0.029862,0.209920,0.177827,0.188477,0.588588,0.022715,0.261800,0.067327,-0.053130,0.097007,0.151753,0.236114,0.098176,1.244500,-0.021237,-0.168540,-0.101275,-0.002936,-0.162147,-0.017473,1.212882,0.211764,-0.103702,0.003024
1.389478,1.221229,0.836177,0.001510,-0.025143,-0.936219,0.350513,-0.134901,-0.029855,0.196557,-0.042168,0.024528,-0.038967,0.246020,0.166641,0.242339,0.478059,0.001953,0.261800,0.079817,-0.062002,0.092036,0.137019,0.232435,0.104588,1.244708,-0.020394,-0.171575,-0.104967,-0.008453,-0.165239,-0.012854,1.200145,0.230860,-0.117585,0.007699
1.412909,1.235045,0.831935,0.003066,-0.028693,-0.936008,0.350793,-0.184207,-0.038682,0.218078,-0.022475,0.019341,-0.049093,0.263167,0.134853,0.269324,0.398872,-0.065233,0.261800,0.090429,-0.060407,0.094459,0.116999,0.225251,0.109987,1.240376,-0.021484,-0.172201,-0.108410,-0.011006,-0.170060,-0.007359,1.176734,0.233019,-0.127477,-0.001800
1.436553,1.249053,0.829002,-0.002730,-0.030467,-0.935732,0.351383,-0.215029,-0.033777,0.249909,-0.002190,-0.009998,-0.092181,0.277832,0.103835,0.264697,0.332628,-0.126270,0.261466,0.098945,-0.044308,0.111866,0.092805,0.213295,0.115304,1.230101,-0.014603,-0.177216,-0.116623,-0.014090,-0.178347,-0.007875,1.152429,0.227088,-0.132460,-0.008644
1.456580,1.266523,0.827241,-0.014426,-0.027816,-0.934438,0.354745,-0.233836,-0.010668,0.269647,0.020678,-0.056107,-0.150791,0.290627,0.105405,0.238790,0.276337,-0.155382,0.247459,0.105634,-0.016003,0.140250,0.056121,0.206438,0.111606,1.224339,0.010496,-0.188869,-0.120832,-0.018817,-0.188677,-0.014725,1.130204,0.221819,-0.139201,-0.008512
1.475569,1.285013,0.827054,-0.025751,-0.025135,-0.931904,0.360916,-0.252495,0.008066,0.269172,0.047556,-0.095786,-0.168982,0.291818,0.118098,0.218472,0.240466,-0.172411,0.215800,0.103925,0.014681,0.165539,0.018546,0.195202,0.112650,1.218316,0.021318,-0.188048,-0.122307,-0.019824,-0.204145,-0.012032,1.109431,0.211111,-0.144629,-0.009348
1.493077,1.302498,0.828100,-0.033553,-0.026194,-0.930235,0.364488,-0.267980,0.019908,0.265419,0.090916,-0.111715,-0.160032,0.283945,0.121252,0.201517,0.217840,-0.180272,0.188125,0.096359,0.031791,0.186631,-0.006696,0.182426,0.114665,1.201873,0.007819,-0.193120,-0.120086,-0.022507,-0.220340,-0.000892,1.092842,0.205991,-0.146222,0.000441
1.508797,1.318565,0.830584,-0.040609,-0.030856,-0.929143,0.366185,-0.274116,0.027540,0.256100,0.166277,-0.122483,-0.140328,0.277367,0.114426,0.177579,0.200047,-0.180289,0.170441,0.084501,0.036995,0.209557,-0.023016,0.173081,0.113491,1.183162,-0.007028,-0.201392,-0.118302,-0.027058,-0.233340,0.004682,1.083990,0.193540,-0.147573,0.007191
1.523529,1.333621,0.834351,-0.046883,-0.037038,-0.927873,0.368079,-0.273260,0.026860,0.222786,0.266544,-0.136587,-0.120560,0.269758,0.104602,0.160479,0.187191,-0.166827,0.160870,0.070726,0.036839,0.231163,-0.037559,0.170493,0.092714,1.171912,-0.021008,-0.205300,-0.115197,-0.026950,-0.240592,0.002506,1.080599,0.192337,-0.148200,0.001943
1.537818,1.347883,0.838562,-0.049445,-0.042234,-0.927282,0.368672,-0.267173,0.024585,0.190549,0.380880,-0.157328,-0.108823,0.249986,0.094600,0.155335,0.183172,-0.143589,0.160925,0.060289,0.034921,0.240703,-0.055460,0.169901,0.068870,1.172423,-0.021463,-0.209728,-0.108005,-0.022347,-0.245619,-0.001916,1.086854,0.197716,-0.147254,-0.014737
1.551602,1.361114,0.842885,-0.048295,-0.046714,-0.926780,0.369546,-0.253375,0.026209,0.180639,0.506914,-0.190238,-0.098654,0.221919,0.082967,0.151245,0.182246,-0.122285,0.169825,0.050504,0.030931,0.239634,-0.074610,0.169439,0.045544,1.177854,-0.017077,-0.210565,-0.105207,-0.014847,-0.248159,-0.012633,1.097770,0.215249,-0.144296,-0.025961
1.565193,1.373440,0.846331,-0.044731,-0.050630,-0.926363,0.370524,-0.233244,0.029237,0.180011,0.641826,-0.225998,-0.082248,0.193104,0.067992,0.143679,0.175572,-0.103220,0.180148,0.040095,0.026187,0.232194,-0.087419,0.165120,0.032785,1.176746,-0.021297,-0.206204,-0.113968,-0.005731,-0.252443,-0.021888,1.110944,0.229161,-0.139098,-0.023333
1.578313,1.384995,0.848364,-0.041130,-0.051756,-0.925708,0.372417,-0.203028,0.035945,0.180357,0.767296,-0.257084,-0.067485,0.167667,0.057832,0.135412,0.161255,-0.081179,0.173801,0.025824,0.026270,0.219649,-0.093283,0.158886,0.028280,1.169330,-0.029049,-0.199486,-0.117826,0.005575,-0.259317,-0.026248,1.124226,0.235577,-0.131516,-0.013938
1.591321,1.396379,0.848836,-0.037511,-0.049555,-0.924942,0.374992,-0.161690,0.049436,0.185825,0.867009,-0.276220,-0.055711,0.142389,0.054952,0.123834,0.141060,-0.064540,0.162529,0.007543,0.030969,0.203300,-0.098334,0.153333,0.026065,1.164378,-0.040516,-0.198010,-0.114889,0.016371,-0.265135,-0.028207,1.139043,0.227061,-0.121975,-0.006029
1.604630,1.407244,0.848253,-0.033799,-0.045014,-0.923667,0.379039,-0.110187,0.065226,0.194650,0.932582,-0.287506,-0.047319,0.118995,0.054409,0.106176,0.113926,-0.046345,0.156800,-0.017606,0.041051,0.185676,-0.098422,0.144664,0.026006,1.155555,-0.045076,-0.203651,-0.114132,0.025381,-0.270113,-0.032394,1.155629,0.217683,-0.111897,-0.004329
1.618466,1.417575,0.846998,-0.029970,-0.037680,-0.920391,0.388023,-0.055336,0.077842,0.194244,0.960311,-0.287053,-0.052741,0.096471,0.056656,0.085118,0.082853,-0.029170,0.162010,-0.053833,0.053856,0.165807,-0.097474,0.138854,0.023257,1.151794,-0.040915,-0.216395,-0.120311,0.032005,-0.272065,-0.045128,1.175190,0.208572,-0.104109,-0.008431
1.632933,1.427842,0.845709,-0.026281,-0.030226,-0.915723,0.399809,0.001530,0.086246,0.187705,0.947199,-0.283403,-0.062328,0.074273,0.056714,0.063959,0.053022,-0.019768,0.173507,-0.095392,0.068509,0.145445,-0.101258,0.128449,0.024620,1.151347,-0.033746,-0.216765,-0.121235,0.036567,-0.275047,-0.064270,1.204006,0.192673,-0.102785,-0.009809
1.647719,1.438111,0.844274,-0.022687,-0.022509,-0.910420,0.412449,0.058554,0.079013,0.159456,0.890095,-0.278004,-0.092974,0.049709,0.056754,0.041119,0.028858,-0.025460,0.193951,-0.139491,0.085089,0.124097,-0.100092,0.115883,0.024600,1.148798,-0.029158,-0.212572,-0.128739,0.044041,-0.279438,-0.080122,1.227560,0.178157,-0.098754,-0.006858
1.663678,1.449401,0.842570,-0.018863,-0.014918,-0.904113,0.426616,0.110065,0.069069,0.120233,0.800989,-0.278810,-0.130629,0.012416,0.055021,0.014857,0.025457,-0.035449,0.217112,-0.183675,0.100814,0.106382,-0.100101,0.104066,0.015681,1.145464,-0.038635,-0.213216,-0.131363,0.049345,-0.283637,-0.094742,1.245672,0.172720,-0.094946,-0.003229
1.680782,1.462232,0.840537,-0.015030,-0.008620,-0.898069,0.439514,0.153780,0.060248,0.076119,0.690148,-0.280774,-0.148095,-0.035764,0.048816,-0.013456,0.038802,-0.036298,0.238544,-0.219807,0.112122,0.093972,-0.106129,0.095519,0.003579,1.141529,-0.037953,-0.208378,-0.134231,0.054021,-0.284813,-0.106970,1.255236,0.174722,-0.092464,-0.000080
1.698274,1.476607,0.838215,-0.012471,-0.002521,-0.892793,0.450288,0.186515,0.056453,0.026705,0.573427,-0.276038,-0.156761,-0.086034,0.044904,-0.039450,0.055621,-0.030529,0.255988,-0.247624,0.119859,0.089455,-0.116239,0.092568,-0.013503,1.134579,-0.031891,-0.211645,-0.134663,0.056167,-0.281630,-0.112887,1.259420,0.179316,-0.093593,-0.002371
1.714466,1.493716,0.835074,-0.014118,0.006127,-0.889370,0.456929,0.209620,0.064662,-0.029723,0.464007,-0.305228,-0.171956,-0.131676,0.060855,-0.063493,0.067314,-0.022987,0.261623,-0.263294,0.129123,0.097399,-0.129249,0.095433,-0.029388,1.124350,-0.027915,-0.224169,-0.134606,0.053435,-0.273705,-0.115442,1.261149,0.185548,-0.095958,-0.004662
1.730754,1.512704,0.832221,-0.018288,0.011632,-0.888471,0.458420,0.223313,0.072515,-0.064250,0.385511,-0.352579,-0.162763,-0.171391,0.076427,-0.083915,0.076779,-0.019165,0.261800,-0.267007,0.129058,0.119951,-0.146292,0.102402,-0.035905,1.104574,-0.032493,-0.236416,-0.138929,0.042082,-0.261915,-0.115722,1.261013,0.186475,-0.096115,-0.000888
1.746899,1.533885,0.829991,-0.021564,0.011376,-0.890241,0.454836,0.230670,0.077066,-0.046319,0.324692,-0.393567,-0.142286,-0.211076,0.084537,-0.105894,0.089767,-0.020622,0.261800,-0.260406,0.113058,0.151484,-0.161734,0.116056,-0.044743,1.074787,-0.039913,-0.241097,-0.132769,0.022123,-0.247910,-0.107394,1.254621,0.192055,-0.094237,0.005169
1.764956,1.554666,0.828560,-0.023418,0.006639,-0.892665,0.450064,0.232143,0.068739,-0.011297,0.271923,-0.417338,-0.112836,-0.248499,0.076592,-0.122714,0.104048,-0.037849,0.261800,-0.254252,0.084012,0.184279,-0.167581,0.134363,-0.046902,1.041314,-0.055963,-0.252285,-0.124841,0.000093,-0.229891,-0.094792,1.241303,0.198876,-0.094210,0.010195
1.786481,1.572049,0.828518,-0.026728,-0.000518,-0.894598,0.446071,0.235251,0.048075,0.013765,0.222102,-0.421195,-0.075672,-0.274564,0.052536,-0.125824,0.119787,-0.073019,0.261800,-0.256426,0.051085,0.215884,-0.157291,0.154866,-0.045285,1.009363,-0.069581,-0.261473,-0.119799,-0.017413,-0.211290,-0.076221,1.227969,0.191552,-0.089869,0.017619
1.807319,1.588930,0.828888,-0.029038,-0.009331,-0.897855,0.439233,0.241883,0.020668,0.033947,0.164183,-0.406592,-0.040971,-0.298405,0.027708,-0.139616,0.147409,-0.090685,0.261800,-0.248741,0.015512,0.243324,-0.148476,0.177744,-0.053378,0.992871,-0.075876,-0.265752,-0.106798,-0.031654,-0.193303,-0.058113,1.216732,0.186812,-0.088512,0.025133
1.825983,1.604145,0.830492,-0.030196,-0.017544,-0.900981,0.432451,0.252542,-0.006532,0.046869,0.094605,-0.361928,-0.026732,-0.317644,0.003616,-0.159058,0.209901,-0.086484,0.261800,-0.235959,-0.017357,0.262854,-0.142597,0.201526,-0.054586,0.997460,-0.087352,-0.264945,-0.106267,-0.040350,-0.174967,-0.032288,1.205746,0.176826,-0.088524,0.017967
1.842698,1.617046,0.833922,-0.031445,-0.020051,-0.902848,0.428339,0.251340,-0.019239,0.052962,0.042759,-0.310498,-0.026600,-0.325724,-0.002708,-0.161577,0.310332,-0.086230,0.261800,-0.223779,-0.033436,0.271921,-0.132974,0.220855,-0.052769,1.022817,-0.079411,-0.256764,-0.100777,-0.040301,-0.161202,-0.007073,1.204473,0.168841,-0.094208,0.009470
1.858035,1.628293,0.838313,-0.033354,-0.017066,-0.904052,0.425776,0.234803,-0.018914,0.055194,0.019684,-0.269633,-0.023378,-0.318935,0.013154,-0.141724,0.434761,-0.093300,0.261800,-0.208940,-0.030825,0.270606,-0.121229,0.225889,-0.049877,1.066003,-0.068683,-0.237577,-0.079402,-0.035884,-0.156473,0.015469,1.211875,0.162716,-0.097711,0.008959
1.872325,1.638436,0.842397,-0.034196,-0.011826,-0.905399,0.423018,0.209699,-0.014386,0.060160,0.011211,-0.240954,-0.016320,-0.301727,0.038093,-0.111876,0.572248,-0.108139,0.261800,-0.189884,-0.018066,0.259678,-0.102246,0.221668,-0.036239,1.109419,-0.061052,-0.218857,-0.064035,-0.027434,-0.157533,0.027000,1.215123,0.158965,-0.095002,0.012128
1.884885,1.648664,0.845073,-0.031869,-0.007245,-0.906423,0.421104,0.179594,-0.012100,0.062221,0.003412,-0.213070,-0.010003,-0.275026,0.065554,-0.078977,0.704787,-0.123136,0.261800,-0.168229,-0.008949,0.239294,-0.075588,0.219018,-0.025772,1.143337,-0.057147,-0.206305,-0.055538,-0.015834,-0.160285,0.033797,1.212169,0.161367,-0.095212,0.016677
1.896515,1.658783,0.846469,-0.028656,-0.004472,-0.906788,0.420588,0.152239,-0.013014,0.064589,-0.007786,-0.186159,-0.004415,-0.231497,0.090023,-0.048529,0.811712,-0.138773,0.261800,-0.150215,-0.003902,0.217592,-0.037678,0.217430,-0.017192,1.160988,-0.050704,-0.195306,-0.055682,-0.007593,-0.164462,0.037572,1.208294,0.160287,-0.096293,0.015510
1.906758,1.669485,0.846820,-0.025584,-0.003423,-0.909196,0.415568,0.131388,-0.014311,0.077545,-0.023584,-0.160305,-0.004150,-0.167209,0.102991,-0.035985,0.876400,-0.131349,0.261800,-0.121345,-0.002510,0.196970,0.005209,0.217430,-0.010839,1.168947,-0.048914,-0.193895,-0.064907,-0.004400,-0.166247,0.035970,1.206762,0.161561,-0.102800,0.004787
1.916810,1.681222,0.846407,-0.020364,-0.003610,-0.912819,0.407841,0.104990,-0.018124,0.091226,-0.035843,-0.135135,-0.001653,-0.095310,0.100224,-0.037258,0.896855,-0.111959,0.261800,-0.083021,-0.007435,0.169922,0.052211,0.222944,-0.013617,1.169621,-0.046032,-0.194197,-0.084321,-0.002458,-0.163221,0.029772,1.207584,0.164866,-0.103083,-0.005772
1.927291,1.693317,0.845419,-0.013240,-0.003190,-0.917010,0.398632,0.073776,-0.021242,0.108501,-0.048536,-0.111090,0.002146,-0.024454,0.095704,-0.031268,0.880289,-0.100870,0.261800,-0.038931,-0.012168,0.137815,0.094272,0.229425,-0.021990,1.173353,-0.032874,-0.191065,-0.102586,-0.000576,-0.160743,0.028194,1.205959,0.175777,-0.102491,-0.010882
1.937955,1.706214,0.843788,-0.005017,-0.003358,-0.922366,0.386269,0.041502,-0.023980,0.131200,-0.062908,-0.086109,0.000864,0.041266,0.092089,-0.011297,0.834360,-0.085733,0.261800,0.012504,-0.017844,0.108186,0.124765,0.233572,-0.021239,1.177754,-0.020022,-0.184620,-0.106873,-0.006526,-0.161442,0.030598,1.204596,0.185325,-0.103328,-0.013797
1.949252,1.721210,0.841821,0.002643,-0.004867,-0.928151,0.372163,0.006680,-0.024509,0.159765,-0.071786,-0.057870,-0.001570,0.100541,0.084574,0.012411,0.764889,-0.066076,0.261800,0.066881,-0.026617,0.084244,0.149026,0.235245,-0.009574,1.180644,-0.010184,-0.188509,-0.111046,-0.019657,-0.162247,0.035609,1.203631,0.188588,-0.105435,-0.012126
1.961915,1.737087,0.839825,0.009515,-0.007469,-0.932958,0.359781,-0.033479,-0.025228,0.183792,-0.070856,-0.029998,-0.002277,0.153367,0.072773,0.043442,0.673520,-0.050240,0.261800,0.113419,-0.035711,0.065025,0.168812,0.231923,0.004857,1.190065,0.002112,-0.187086,-0.112242,-0.033182,-0.163186,0.041673,1.197703,0.201853,-0.103532,-0.009443
1.977078,1.753181,0.837462,0.014864,-0.011664,-0.937189,0.348310,-0.075933,-0.028227,0.204498,-0.063094,-0.004359,0.002243,0.195246,0.049861,0.077899,0.573254,-0.040430,0.261800,0.149925,-0.043204,0.053412,0.183955,0.223154,0.022723,1.200330,0.001086,-0.182415,-0.110936,-0.052507,-0.168159,0.051037,1.187556,0.208913,-0.113853,-0.010542
1.993253,1.770457,0.834263,0.019040,-0.016564,-0.940470,0.338938,-0.118242,-0.030378,0.225503,-0.055581,0.024212,0.003405,0.223054,0.027262,0.110422,0.475296,-0.035887,0.261800,0.173891,-0.050687,0.048390,0.194564,0.212324,0.043723,1.204761,-0.010716,-0.180966,-0.118865,-0.074755,-0.171643,0.056553,1.166525,0.215962,-0.124675,-0.009011
2.011267,1.788924,0.830250,0.021844,-0.021902,-0.942133,0.333809,-0.163716,-0.032857,0.243668,-0.044031,0.054107,0.000673,0.234753,0.012362,0.152359,0.395830,-0.073510,0.261800,0.181443,-0.055881,0.049007,0.200201,0.201564,0.060533,1.205270,-0.014856,-0.178627,-0.128892,-0.093478,-0.173527,0.061366,1.128659,0.231600,-0.137097,-0.012361
2.031705,1.807029,0.825850,0.020938,-0.029141,-0.942562,0.332099,-0.204801,-0.039447,0.260900,-0.026529,0.065818,-0.007318,0.236859,-0.009643,0.180326,0.348792,-0.142788,0.260545,0.178785,-0.057333,0.063989,0.199275,0.190377,0.066409,1.202076,-0.006960,-0.181328,-0.133795,-0.108326,-0.177228,0.065314,1.076041,0.247097,-0.153602,-0.022408
2.050577,1.827791,0.822430,0.010987,-0.028800,-0.942363,0.333170,-0.235083,-0.016525,0.278884,0.002600,0.039743,-0.043574,0.247114,-0.005974,0.158730,0.303219,-0.196641,0.235784,0.168277,-0.036757,0.094024,0.185463,0.182083,0.070866,1.200572,0.002979,-0.189172,-0.142081,-0.121253,-0.181506,0.069007,1.014813,0.248276,-0.168782,-0.024899
2.068303,1.850192,0.820202,-0.004474,-0.022037,-0.940984,0.337703,-0.260094,0.028742,0.298324,0.044660,-0.016236,-0.100775,0.263313,0.021867,0.113939,0.251292,-0.223483,0.203405,0.152093,0.002473,0.130073,0.155861,0.175318,0.071012,1.210898,0.028642,-0.198532,-0.147262,-0.130510,-0.188728,0.066904,0.960158,0.239722,-0.179948,-0.013328
2.085461,1.871648,0.819274,-0.016826,-0.016667,-0.938552,0.344326,-0.283982,0.065009,0.308547,0.083586,-0.074522,-0.132012,0.270960,0.048322,0.086427,0.204825,-0.234528,0.172651,0.131610,0.036864,0.159812,0.120115,0.169138,0.068310,1.221663,0.057126,-0.198699,-0.145438,-0.132960,-0.199716,0.067373,0.916796,0.225386,-0.185184,0.004221
2.101240,1.891917,0.819978,-0.024898,-0.013395,-0.936448,0.349664,-0.306088,0.091297,0.306918,0.127716,-0.105756,-0.133778,0.265999,0.068802,0.070496,0.169644,-0.234139,0.142087,0.110990,0.058119,0.177726,0.088876,0.166529,0.066155,1.225459,0.071043,-0.194911,-0.140110,-0.128872,-0.211169,0.077298,0.890762,0.209130,-0.185406,0.021318
2.116054,1.909824,0.822263,-0.031853,-0.014186,-0.935435,0.351774,-0.317596,0.107517,0.294703,0.205083,-0.129035,-0.122884,0.260573,0.076714,0.055653,0.141791,-0.219166,0.129333,0.093169,0.067732,0.194366,0.064727,0.166752,0.054541,1.222332,0.062403,-0.190046,-0.140399,-0.124499,-0.221847,0.087278,0.889825,0.192893,-0.187386,0.012954
2.130332,1.925516,0.826257,-0.038159,-0.018507,-0.934345,0.353836,-0.317631,0.108808,0.264297,0.318425,-0.160114,-0.110724,0.254225,0.074634,0.047831,0.122571,-0.191567,0.128222,0.074491,0.069495,0.211204,0.042588,0.168390,0.028666,1.219349,0.046890,-0.183848,-0.146158,-0.115830,-0.229635,0.091683,0.907643,0.187768,-0.182913,0.015218
2.144283,1.939879,0.831072,-0.040656,-0.024336,-0.933310,0.355932,-0.308291,0.102893,0.240556,0.451181,-0.191432,-0.104515,0.235421,0.065413,0.042804,0.118243,-0.160532,0.132879,0.058272,0.063458,0.218785,0.017680,0.170625,0.006383,1.217156,0.040769,-0.189893,-0.136169,-0.099278,-0.235417,0.092242,0.937802,0.180914,-0.187579,-0.002487
2.158580,1.954096,0.835330,-0.038509,-0.027769,-0.932093,0.359095,-0.297969,0.108267,0.241997,0.602658,-0.227701,-0.092558,0.199229,0.056346,0.030479,0.125921,-0.128581,0.135588,0.041835,0.056199,0.216693,-0.014182,0.173062,-0.007322,1.214727,0.035549,-0.187216,-0.133588,-0.087896,-0.236043,0.081521,0.993174,0.198553,-0.167935,-0.008349
2.172735,1.967562,0.838882,-0.034465,-0.031380,-0.930818,0.362498,-0.274139,0.114209,0.250331,0.744487,-0.261288,-0.070477,0.161383,0.043930,0.019614,0.131103,-0.106533,0.136466,0.026262,0.048216,0.208259,-0.039139,0.172917,-0.015223,1.202593,0.024203,-0.183065,-0.138866,-0.066834,-0.236085,0.065187,1.048194,0.213079,-0.141176,-0.009624
2.186805,1.979414,0.841060,-0.031525,-0.034933,-0.929070,0.366900,-0.232310,0.109836,0.245120,0.855035,-0.285465,-0.048355,0.132189,0.030279,0.012287,0.128627,-0.090931,0.136746,0.008082,0.040166,0.199785,-0.059935,0.170719,-0.023124,1.186658,0.008577,-0.188566,-0.134025,-0.041974,-0.238784,0.048394,1.099911,0.208689,-0.125565,-0.014403
2.201002,1.990415,0.841757,-0.030391,-0.035246,-0.927008,0.372142,-0.175804,0.105317,0.230979,0.927433,-0.299498,-0.038342,0.106496,0.024557,0.004707,0.124409,-0.072855,0.136944,-0.013056,0.041165,0.191305,-0.080169,0.164858,-0.033153,1.170720,-0.018947,-0.193804,-0.127482,-0.018262,-0.246563,0.031635,1.154806,0.199846,-0.113187,-0.009567
2.214909,2.000755,0.841457,-0.029384,-0.032398,-0.924071,0.379710,-0.109008,0.107003,0.216736,0.957849,-0.310588,-0.039151,0.082578,0.024204,-0.008363,0.115634,-0.054659,0.138231,-0.040831,0.049913,0.178861,-0.096817,0.156374,-0.040956,1.152682,-0.031028,-0.203345,-0.128234,0.006590,-0.258841,0.014988,1.210769,0.170787,-0.101643,-0.000436
2.228699,2.011188,0.840417,-0.027405,-0.027990,-0.919469,0.391207,-0.037402,0.118185,0.208918,0.947559,-0.324173,-0.046683,0.054132,0.023547,-0.030667,0.110396,-0.038379,0.143221,-0.079179,0.058568,0.162130,-0.110135,0.146425,-0.045252,1.133758,-0.041550,-0.211319,-0.136605,0.028580,-0.272230,-0.001279,1.262646,0.131385,-0.082943,0.006486
2.242559,2.021634,0.839167,-0.025338,-0.022417,-0.913408,0.405637,0.036324,0.137045,0.204635,0.898791,-0.335222,-0.064290,0.024037,0.023195,-0.056500,0.107586,-0.021878,0.148805,-0.126525,0.069329,0.144022,-0.119603,0.133204,-0.041102,1.113134,-0.058391,-0.218246,-0.152514,0.047496,-0.287320,-0.028305,1.310082,0.106485,-0.069497,0.015606
2.257350,2.032392,0.837497,-0.022803,-0.016048,-0.905843,0.422695,0.100341,0.150006,0.186203,0.820783,-0.348756,-0.090868,-0.009376,0.019871,-0.086523,0.108076,-0.006013,0.154530,-0.179536,0.079881,0.124917,-0.122717,0.123225,-0.045210,1.088170,-0.055527,-0.224772,-0.160001,0.065893,-0.300811,-0.063650,1.348480,0.093416,-0.063434,0.021023
2.273545,2.043471,0.835664,-0.019646,-0.010349,-0.898118,0.439194,0.152618,0.141492,0.138406,0.716309,-0.354608,-0.123583,-0.046324,0.010941,-0.117121,0.110777,0.012529,0.165704,-0.227178,0.086949,0.105524,-0.121848,0.117907,-0.060665,1.061229,-0.034481,-0.233133,-0.161727,0.089824,-0.309055,-0.096927,1.368425,0.092290,-0.059524,0.019760
2.291150,2.055192,0.833814,-0.016412,-0.006044,-0.891110,0.453451,0.194887,0.119565,0.072951,0.596786,-0.341766,-0.148696,-0.084456,-0.003470,-0.144955,0.113977,0.035914,0.180191,-0.262976,0.091055,0.089284,-0.124759,0.115444,-0.078384,1.036196,-0.006550,-0.246720,-0.169249,0.117505,-0.311131,-0.125653,1.369670,0.102968,-0.060059,0.018841
2.309680,2.067967,0.831532,-0.013745,-0.002264,-0.885428,0.464568,0.228005,0.100907,0.014006,0.475622,-0.319270,-0.164662,-0.123808,-0.018823,-0.166953,0.118189,0.062657,0.193469,-0.285328,0.093221,0.078891,-0.134676,0.114444,-0.093736,1.015486,0.018925,-0.257571,-0.174897,0.142763,-0.306951,-0.147932,1.358511,0.117490,-0.063578,0.024531
2.329442,2.081871,0.829176,-0.013028,-0.001539,-0.881591,0.471832,0.251697,0.083857,-0.021933,0.368352,-0.331822,-0.158190,-0.159166,-0.037843,-0.181143,0.121453,0.091073,0.211296,-0.294957,0.088718,0.080548,-0.149900,0.114375,-0.108233,0.998439,0.036380,-0.262195,-0.168262,0.158538,-0.297704,-0.159974,1.337105,0.141689,-0.065020,0.030980
2.350628,2.097266,0.827072,-0.014012,-0.005389,-0.879333,0.475971,0.265659,0.064054,-0.023461,0.288508,-0.362090,-0.128873,-0.191446,-0.064384,-0.188644,0.129700,0.100698,0.243057,-0.294216,0.073692,0.095614,-0.171056,0.115918,-0.118775,0.983763,0.027751,-0.259515,-0.168014,0.159614,-0.285573,-0.164673,1.312147,0.164340,-0.064425,0.035403
2.370935,2.115724,0.825286,-0.017467,-0.008322,-0.880457,0.473732,0.273378,0.055428,0.014231,0.229305,-0.385195,-0.095616,-0.222499,-0.074280,-0.201596,0.133878,0.091907,0.260756,-0.283302,0.056177,0.121535,-0.192338,0.126302,-0.123350,0.972396,0.016584,-0.261964,-0.161870,0.140640,-0.270431,-0.159567,1.294556,0.173140,-0.064059,0.041425
2.391760,2.134407,0.824670,-0.022530,-0.012624,-0.882123,0.470310,0.280342,0.042957,0.053422,0.175440,-0.399507,-0.064515,-0.244826,-0.086485,-0.215723,0.133566,0.062934,0.261800,-0.274291,0.035622,0.152587,-0.204469,0.141746,-0.124714,0.965873,0.025073,-0.269510,-0.142845,0.110395,-0.255498,-0.146537,1.276859,0.175894,-0.065405,0.046941
2.413649,2.151814,0.825117,-0.027102,-0.019810,-0.882808,0.468533,0.285372,0.018334,0.070064,0.123694,-0.393015,-0.038020,-0.260704,-0.107988,-0.213443,0.135713,0.014506,0.261800,-0.270729,0.010481,0.181897,-0.207146,0.155926,-0.121709,0.965478,0.022290,-0.270789,-0.134642,0.076998,-0.243254,-0.129131,1.257035,0.163165,-0.068720,0.049672
2.433436,2.169467,0.826284,-0.030176,-0.026091,-0.885363,0.463187,0.286805,-0.003703,0.080047,0.072087,-0.361784,-0.030508,-0.279420,-0.115022,-0.198976,0.150006,-0.005968,0.261800,-0.258423,-0.014789,0.205392,-0.204285,0.174635,-0.121111,0.974750,0.012876,-0.264817,-0.133722,0.044096,-0.230127,-0.109331,1.237267,0.155285,-0.076595,0.051973
2.452317,2.185314,0.828569,-0.031783,-0.031766,-0.887708,0.458210,0.280868,-0.026357,0.081769,0.030172,-0.317330,-0.025160,-0.296882,-0.121070,-0.176219,0.205324,0.000329,0.261800,-0.241870,-0.037592,0.222256,-0.193656,0.196284,-0.124226,0.992601,0.018218,-0.259461,-0.130852,0.018680,-0.214937,-0.080871,1.212469,0.154972,-0.084830,0.040281
2.470661,2.198991,0.832015,-0.033920,-0.034303,-0.888759,0.455829,0.264784,-0.041882,0.084264,0.008234,-0.276704,-0.014828,-0.304608,-0.117368,-0.143012,0.304319,-0.003804,0.261800,-0.232089,-0.046471,0.235460,-0.174328,0.210872,-0.124199,1.016586,0.012191,-0.249406,-0.119140,-0.008637,-0.205396,-0.050097,1.190861,0.165195,-0.084222,0.028715
2.487398,2.211685,0.836012,-0.037289,-0.031521,-0.889569,0.454184,0.239614,-0.042063,0.092159,0.004199,-0.245773,-0.007262,-0.297444,-0.093887,-0.113419,0.425032,-0.015585,0.261800,-0.228626,-0.037968,0.242338,-0.147158,0.215200,-0.111719,1.054583,-0.002400,-0.237449,-0.107623,-0.034454,-0.203290,-0.022565,1.178601,0.173967,-0.090285,0.025674
2.502752,2.223441,0.839195,-0.038415,-0.027075,-0.890180,0.453179,0.209918,-0.040076,0.096093,0.001143,-0.217018,-0.001470,-0.282768,-0.073683,-0.099743,0.562841,-0.036825,0.261800,-0.222684,-0.024900,0.237645,-0.116600,0.217434,-0.099156,1.105703,-0.011945,-0.220376,-0.097308,-0.053445,-0.205203,0.003410,1.163209,0.173813,-0.092916,0.017996
2.516946,2.234459,0.841105,-0.036173,-0.023889,-0.891015,0.451900,0.181710,-0.043607,0.099674,-0.012068,-0.185883,0.002710,-0.263618,-0.062848,-0.091833,0.708087,-0.067310,0.260548,-0.211886,-0.014921,0.221158,-0.079346,0.220810,-0.088484,1.153528,-0.003381,-0.196312,-0.091373,-0.064832,-0.210031,0.021203,1.144475,0.167559,-0.089301,0.021351
2.529743,2.245671,0.841836,-0.033620,-0.020729,-0.893840,0.446643,0.160784,-0.044855,0.111446,-0.035916,-0.155317,0.004403,-0.231083,-0.042413,-0.081075,0.830441,-0.093324,0.260674,-0.190929,-0.006773,0.203312,-0.036516,0.226138,-0.078336,1.189249,0.006045,-0.176028,-0.089193,-0.073716,-0.213128,0.036137,1.130821,0.166667,-0.092921,0.027757
2.540704,2.257355,0.841732,-0.030758,-0.017925,-0.898210,0.438123,0.140086,-0.043323,0.127578,-0.056389,-0.128791,0.004497,-0.182667,-0.011125,-0.067026,0.913464,-0.109600,0.261449,-0.159248,-0.002620,0.183628,0.009797,0.237058,-0.071324,1.216294,0.012507,-0.166790,-0.096357,-0.078714,-0.209571,0.046940,1.122198,0.168236,-0.101661,0.023460
2.550515,2.269798,0.841167,-0.027004,-0.015355,-0.904319,0.425725,0.115574,-0.038988,0.151079,-0.069442,-0.106286,0.002858,-0.123511,0.023801,-0.050714,0.951320,-0.113168,0.261624,-0.116248,-0.001257,0.160606,0.056342,0.251168,-0.062576,1.236405,0.030070,-0.163191,-0.106261,-0.080446,-0.198465,0.048406,1.117650,0.173475,-0.109692,0.009913
2.559267,2.283855,0.840140,-0.021853,-0.012336,-0.911978,0.409472,0.086613,-0.029839,0.177863,-0.079679,-0.083538,0.001499,-0.059208,0.062379,-0.031172,0.943773,-0.109786,0.261800,-0.062103,-0.001258,0.134222,0.100012,0.266067,-0.052502,1.247790,0.049932,-0.159488,-0.115491,-0.081948,-0.183947,0.049049,1.118237,0.186013,-0.111267,-0.001890
2.568628,2.298037,0.838799,-0.016372,-0.011246,-0.919202,0.393285,0.055590,-0.023271,0.208595,-0.083920,-0.064783,-0.001674,0.013444,0.085840,-0.008523,0.895165,-0.109188,0.261800,-0.005712,-0.005013,0.108608,0.138394,0.278356,-0.039060,1.254221,0.062345,-0.158181,-0.128999,-0.086675,-0.171737,0.052291,1.127548,0.201067,-0.110385,0.001310
2.580185,2.311744,0.837034,-0.010897,-0.013462,-0.925574,0.378170,0.020445,-0.023637,0.243741,-0.076816,-0.054484,-0.005053,0.091384,0.077760,0.009937,0.809300,-0.101234,0.261800,0.047993,-0.012113,0.086871,0.171392,0.286033,-0.022291,1.256887,0.069553,-0.165993,-0.132003,-0.090414,-0.163266,0.059134,1.135284,0.206067,-0.109455,0.012877
2.593679,2.325263,0.834233,-0.003205,-0.018729,-0.931287,0.363790,-0.023535,-0.031437,0.278540,-0.060962,-0.047014,-0.004636,0.161808,0.045526,0.027382,0.695081,-0.088801,0.261800,0.096634,-0.024894,0.065703,0.197462,0.287674,0.005951,1.258776,0.068600,-0.165103,-0.135267,-0.091191,-0.158347,0.070364,1.135390,0.201150,-0.108412,0.023736
2.608276,2.340042,0.830522,0.004587,-0.025671,-0.935992,0.351053,-0.068929,-0.040954,0.308221,-0.046139,-0.035221,-0.006348,0.217538,0.017531,0.055218,0.570157,-0.080966,0.261800,0.136303,-0.041309,0.051306,0.213077,0.284815,0.040048,1.259542,0.055791,-0.157439,-0.143731,-0.096221,-0.154465,0.080412,1.132008,0.199042,-0.109366,0.031172
2.623081,2.358288,0.826218,0.010273,-0.031484,-0.939559,0.340782,-0.112717,-0.042151,0.334567,-0.035656,-0.021598,-0.018054,0.254205,0.017069,0.106978,0.452498,-0.079114,0.261800,0.164308,-0.056504,0.048686,0.217807,0.282513,0.068271,1.259238,0.057076,-0.160028,-0.145670,-0.110075,-0.148059,0.083901,1.127252,0.202700,-0.107457,0.046647
2.641325,2.376582,0.821965,0.013190,-0.036972,-0.942503,0.331885,-0.154746,-0.042011,0.361167,-0.024712,-0.018044,-0.032521,0.267824,0.008385,0.148377,0.369100,-0.114685,0.261800,0.182692,-0.065336,0.056633,0.216157,0.274141,0.091405,1.256497,0.050593,-0.169022,-0.144407,-0.123787,-0.145606,0.087382,1.115146,0.208054,-0.114034,0.044504
2.662204,2.394440,0.818785,0.009128,-0.038506,-0.944547,0.325982,-0.187513,-0.028457,0.389066,-0.008049,-0.032368,-0.062830,0.271211,-0.005079,0.142711,0.315655,-0.173393,0.251957,0.191306,-0.053452,0.079312,0.202921,0.257248,0.114630,1.250413,0.027681,-0.171746,-0.155838,-0.132623,-0.149911,0.086605,1.094324,0.216887,-0.130249,0.034445
2.681836,2.414377,0.816821,-0.001699,-0.032518,-0.945145,0.325025,-0.210272,0.009583,0.413282,0.013284,-0.063003,-0.118497,0.276034,0.011542,0.118311,0.267259,-0.207360,0.229985,0.188051,-0.017254,0.114567,0.174454,0.237433,0.128568,1.246343,0.024500,-0.173129,-0.170300,-0.139431,-0.162502,0.083285,1.067896,0.216487,-0.147287,0.030835
2.699886,2.435441,0.816344,-0.013228,-0.025251,-0.944065,0.328524,-0.232279,0.047020,0.410161,0.037929,-0.108141,-0.155998,0.279713,0.043138,0.110509,0.219613,-0.218773,0.202239,0.174518,0.022760,0.146745,0.144027,0.219799,0.119378,1.243482,0.049936,-0.188517,-0.175071,-0.137235,-0.182622,0.084024,1.039461,0.206212,-0.164574,0.025266
2.716721,2.455229,0.817427,-0.020496,-0.022937,-0.942678,0.332283,-0.253752,0.064602,0.382430,0.069207,-0.134406,-0.154951,0.276506,0.060400,0.101471,0.177394,-0.216465,0.177221,0.158819,0.046672,0.169636,0.119710,0.206601,0.088326,1.230628,0.058818,-0.194274,-0.178844,-0.127442,-0.204792,0.090507,1.019127,0.199332,-0.163528,0.027188
2.732477,2.473221,0.819737,-0.024402,-0.024203,-0.941333,0.335725,-0.272425,0.073698,0.357985,0.136483,-0.144694,-0.131924,0.270379,0.063381,0.075330,0.137048,-0.202277,0.153998,0.135855,0.055644,0.190255,0.099606,0.198982,0.063662,1.209369,0.053700,-0.188022,-0.189929,-0.122173,-0.223125,0.093537,1.017672,0.187420,-0.147444,0.041768
2.747451,2.489679,0.823054,-0.027375,-0.028071,-0.940098,0.338643,-0.284321,0.076646,0.326555,0.244716,-0.169178,-0.105681,0.263215,0.059525,0.054971,0.103473,-0.178528,0.143171,0.112216,0.054834,0.209681,0.076258,0.198226,0.046411,1.192471,0.050840,-0.187899,-0.193386,-0.115849,-0.233540,0.081042,1.034348,0.175844,-0.139106,0.041046
2.761741,2.504787,0.826914,-0.028700,-0.032871,-0.940353,0.337391,-0.286080,0.072809,0.281518,0.371958,-0.201269,-0.090983,0.246129,0.052182,0.054588,0.085332,-0.150247,0.146795,0.100884,0.048581,0.221723,0.047729,0.201348,0.029722,1.184779,0.051470,-0.191217,-0.179742,-0.101164,-0.237467,0.056805,1.063836,0.181763,-0.135074,0.025305
2.775990,2.519125,0.830943,-0.026946,-0.036180,-0.941294,0.334561,-0.279793,0.072202,0.249821,0.510303,-0.235104,-0.083417,0.216033,0.045495,0.059859,0.078096,-0.120278,0.152100,0.093565,0.040960,0.223498,0.016536,0.204350,0.018156,1.184674,0.048670,-0.193153,-0.162743,-0.083554,-0.241730,0.035476,1.102451,0.197792,-0.127163,0.005106
2.790420,2.532951,0.834412,-0.023238,-0.038607,-0.941362,0.334375,-0.262783,0.075651,0.236965,0.646927,-0.265766,-0.069924,0.181874,0.038787,0.057405,0.072069,-0.091451,0.154217,0.081161,0.032891,0.219246,-0.019325,0.205421,0.006922,1.188291,0.035618,-0.192727,-0.147329,-0.065086,-0.248861,0.019208,1.142417,0.213108,-0.115883,-0.008604
2.804173,2.546311,0.836627,-0.018475,-0.039620,-0.940366,0.337344,-0.235738,0.080830,0.226520,0.768404,-0.296848,-0.047980,0.146912,0.032709,0.045559,0.065914,-0.068084,0.153271,0.061722,0.026367,0.209850,-0.053209,0.206815,-0.005846,1.184954,0.021075,-0.190935,-0.138305,-0.044950,-0.258340,0.006299,1.178683,0.215921,-0.103322,-0.005869
2.817566,2.558495,0.837586,-0.013444,-0.038189,-0.938609,0.342600,-0.198386,0.081236,0.206420,0.860005,-0.323218,-0.028632,0.111794,0.030641,0.033613,0.059920,-0.046682,0.152315,0.036943,0.025001,0.196434,-0.082260,0.206440,-0.016073,1.172366,0.012771,-0.188676,-0.136307,-0.021370,-0.270599,-0.003269,1.210177,0.208377,-0.097029,0.002740
2.831303,2.569713,0.837397,-0.010069,-0.034589,-0.936846,0.347882,-0.146545,0.073834,0.177226,0.909472,-0.332604,-0.025083,0.078197,0.033551,0.023402,0.055405,-0.026681,0.154471,0.010052,0.030344,0.182135,-0.104235,0.202050,-0.023044,1.149819,0.002972,-0.191546,-0.141670,0.007575,-0.283547,-0.013675,1.231452,0.195933,-0.088350,0.012592
2.845817,2.580761,0.836383,-0.008133,-0.029440,-0.934486,0.354688,-0.086334,0.060301,0.139200,0.919281,-0.327386,-0.039865,0.045240,0.038439,0.008046,0.052297,-0.008702,0.156878,-0.021762,0.040861,0.167127,-0.119995,0.192901,-0.027654,1.121679,-0.020143,-0.206666,-0.153306,0.037442,-0.296665,-0.026386,1.245813,0.165031,-0.081848,0.023592
2.860475,2.592151,0.834813,-0.006017,-0.022660,-0.932077,0.361502,-0.021853,0.046763,0.099443,0.890459,-0.316146,-0.068084,0.010440,0.046766,-0.005797,0.048832,0.009752,0.155690,-0.054138,0.054963,0.149497,-0.132934,0.181600,-0.033152,1.095751,-0.023847,-0.220643,-0.157141,0.064368,-0.309225,-0.043252,1.262742,0.155654,-0.081091,0.033717
2.875607,2.603840,0.832584,-0.003284,-0.014456,-0.928743,0.370428,0.040081,0.034586,0.054953,0.830851,-0.301339,-0.104705,-0.029120,0.054592,-0.027404,0.049633,0.025323,0.155945,-0.089605,0.070448,0.128781,-0.145238,0.169257,-0.038537,1.072741,-0.010699,-0.226405,-0.154226,0.086657,-0.319270,-0.063174,1.278567,0.162632,-0.074127,0.036309
2.891984,2.615645,0.830027,-0.001732,-0.007527,-0.923892,0.382575,0.099822,0.020510,0.003852,0.746667,-0.285761,-0.139362,-0.068161,0.055649,-0.056057,0.055526,0.035331,0.165415,-0.128591,0.083451,0.113356,-0.161996,0.155397,-0.046061,1.052492,-0.005107,-0.231579,-0.148164,0.102061,-0.326857,-0.082116,1.292321,0.144858,-0.067744,0.032643
2.909378,2.628026,0.827322,-0.000818,-0.002212,-0.917991,0.396595,0.152834,0.009413,-0.047727,0.647131,-0.273959,-0.163877,-0.106599,0.050382,-0.084005,0.063751,0.041475,0.184518,-0.167797,0.093420,0.102667,-0.182865,0.143201,-0.057890,1.035982,-0.002843,-0.236758,-0.147881,0.109983,-0.330934,-0.104408,1.305767,0.131902,-0.067357,0.028657
2.928089,2.641085,0.824692,-0.000224,0.002199,-0.910947,0.412517,0.191833,0.007196,-0.089765,0.546516,-0.259890,-0.176802,-0.143962,0.039557,-0.114924,0.070021,0.047422,0.204953,-0.205408,0.100534,0.095089,-0.209436,0.131934,-0.071174,1.026925,-0.005773,-0.243261,-0.153255,0.113147,-0.330296,-0.123106,1.311617,0.136763,-0.068107,0.028490
2.947834,2.655057,0.822085,-0.000905,0.003690,-0.904885,0.425639,0.221488,0.005152,-0.117722,0.451821,-0.256503,-0.178412,-0.176420,0.022911,-0.142743,0.073095,0.054352,0.231335,-0.231596,0.099888,0.094172,-0.237256,0.122816,-0.086957,1.017591,0.001351,-0.246310,-0.150999,0.113474,-0.323941,-0.134423,1.306773,0.140674,-0.069124,0.033760
2.967285,2.670609,0.819010,-0.003125,0.003213,-0.902023,0.431664,0.240929,0.004267,-0.116786,0.375897,-0.294953,-0.161152,-0.205518,0.010353,-0.165492,0.073211,0.060514,0.254912,-0.240694,0.092059,0.098513,-0.258672,0.118243,-0.102761,1.002406,0.011706,-0.247041,-0.144421,0.111082,-0.309634,-0.133418,1.289319,0.157968,-0.069996,0.036530
2.985710,2.689070,0.815607,-0.008925,0.002744,-0.903488,0.428511,0.254351,0.013072,-0.076756,0.321877,-0.352767,-0.130679,-0.233233,0.016572,-0.180873,0.074003,0.063038,0.261740,-0.231475,0.082402,0.113825,-0.276808,0.119881,-0.114600,0.985838,0.016483,-0.251711,-0.139065,0.098769,-0.292343,-0.121287,1.271060,0.168752,-0.072320,0.041936
3.003766,2.709907,0.812462,-0.016719,-0.000146,-0.907867,0.418925,0.268928,0.017107,-0.028834,0.271945,-0.393657,-0.099210,-0.259540,0.029792,-0.196092,0.079472,0.055296,0.261800,-0.212680,0.067425,0.139650,-0.296472,0.126541,-0.121316,0.976652,0.016299,-0.257163,-0.132397,0.068920,-0.278132,-0.105294,1.260127,0.167037,-0.075934,0.055196
3.023313,2.728993,0.810153,-0.024759,-0.007085,-0.912389,0.408512,0.287697,0.005722,-0.000942,0.215021,-0.415333,-0.069574,-0.278422,0.027720,-0.205851,0.087363,0.029080,0.261800,-0.197025,0.045335,0.165765,-0.303771,0.135463,-0.126927,0.972825,0.006599,-0.257655,-0.125143,0.034898,-0.264021,-0.076299,1.243047,0.158047,-0.076449,0.059487
3.044086,2.745259,0.808825,-0.032614,-0.015819,-0.915878,0.399817,0.308533,-0.014609,0.009769,0.152758,-0.417448,-0.041356,-0.288711,0.012228,-0.206422,0.095523,-0.003298,0.261800,-0.188911,0.020199,0.184552,-0.289066,0.146992,-0.132025,0.970639,-0.000220,-0.258934,-0.118918,0.005813,-0.247840,-0.041675,1.222981,0.137462,-0.079972,0.054122
3.063346,2.760957,0.808394,-0.038359,-0.024748,-0.918307,0.393228,0.329904,-0.034979,0.027276,0.082070,-0.399494,-0.021259,-0.297896,-0.005364,-0.212214,0.116649,-0.013129,0.261800,-0.186226,-0.007869,0.196214,-0.266769,0.162285,-0.138396,0.979987,-0.001326,-0.262388,-0.112350,-0.023943,-0.230130,-0.005752,1.207798,0.126026,-0.087391,0.046644
3.081614,2.775015,0.810141,-0.042937,-0.033310,-0.919225,0.389964,0.343769,-0.055766,0.034559,0.020054,-0.358197,-0.008536,-0.303982,-0.026669,-0.209852,0.177324,-0.006178,0.261800,-0.186592,-0.035940,0.206858,-0.243899,0.179310,-0.144678,1.006576,0.000925,-0.259495,-0.102593,-0.053726,-0.209142,0.028046,1.198007,0.125060,-0.091973,0.030580
3.099977,2.787611,0.814803,-0.048530,-0.037283,-0.918598,0.390426,0.330787,-0.067373,0.024707,0.005064,-0.316877,0.002615,-0.298674,-0.035975,-0.181840,0.272062,-0.001649,0.261800,-0.190341,-0.050221,0.217536,-0.215717,0.191176,-0.144060,1.046570,0.000273,-0.246081,-0.097398,-0.078997,-0.189055,0.053740,1.195286,0.135430,-0.095715,0.011474
3.116975,2.800334,0.820681,-0.055291,-0.034596,-0.917316,0.392782,0.299494,-0.060750,0.021430,0.023008,-0.290833,0.009858,-0.282599,-0.016863,-0.135513,0.384749,-0.008900,0.261800,-0.193818,-0.045513,0.226700,-0.186477,0.194543,-0.137533,1.099700,-0.001190,-0.227257,-0.090729,-0.095351,-0.173822,0.072634,1.191403,0.151165,-0.106498,-0.000611
3.132172,2.812780,0.825968,-0.061313,-0.029123,-0.916659,0.393864,0.271269,-0.047285,0.022275,0.032592,-0.264909,0.015430,-0.261839,0.014600,-0.091095,0.519938,-0.031813,0.261800,-0.189022,-0.032434,0.231959,-0.157597,0.196126,-0.131536,1.160444,0.000899,-0.212761,-0.078858,-0.100424,-0.163273,0.088833,1.172618,0.165890,-0.121394,-0.019253
3.146568,2.824718,0.829427,-0.063968,-0.024957,-0.916738,0.393543,0.247550,-0.039241,0.024912,0.025629,-0.233413,0.017992,-0.239459,0.034443,-0.061339,0.671443,-0.063640,0.261800,-0.177595,-0.021614,0.227693,-0.117558,0.200811,-0.127372,1.207894,0.005088,-0.196052,-0.075310,-0.097126,-0.159742,0.106290,1.141417,0.170589,-0.126616,-0.022535
3.160483,2.836110,0.830936,-0.061971,-0.023756,-0.917240,0.392768,0.224709,-0.041372,0.029235,0.005262,-0.200087,0.019507,-0.211584,0.035985,-0.045081,0.815042,-0.097665,0.261800,-0.163735,-0.018350,0.211934,-0.059126,0.207142,-0.113812,1.225869,0.013042,-0.176279,-0.079030,-0.092082,-0.159939,0.118619,1.112662,0.163561,-0.124596,-0.005147
3.173341,2.848064,0.831208,-0.056645,-0.023356,-0.919040,0.389374,0.197474,-0.046131,0.037100,-0.016434,-0.169687,0.020897,-0.172683,0.035491,-0.035809,0.920998,-0.117276,0.261737,-0.142603,-0.018779,0.190468,0.008356,0.215151,-0.086019,1.222094,0.020134,-0.165888,-0.089837,-0.088793,-0.158379,0.122509,1.088149,0.145884,-0.124311,0.009000
3.185219,2.860883,0.830894,-0.050352,-0.022535,-0.923326,0.380034,0.168037,-0.046629,0.058507,-0.033873,-0.142586,0.018962,-0.119862,0.038246,-0.026851,0.975769,-0.117960,0.261733,-0.104118,-0.019871,0.167957,0.075135,0.226689,-0.060361,1.212374,0.028987,-0.172291,-0.104773,-0.084700,-0.153618,0.117120,1.070159,0.137264,-0.125576,0.017549
3.196670,2.874517,0.830295,-0.044365,-0.021686,-0.929348,0.365888,0.136282,-0.043266,0.087191,-0.043445,-0.118451,0.015721,-0.055304,0.042712,-0.012891,0.980448,-0.111116,0.261800,-0.050346,-0.021449,0.146231,0.138174,0.240753,-0.042065,1.201267,0.024907,-0.186365,-0.118627,-0.079816,-0.146908,0.108106,1.065020,0.150187,-0.128007,0.013416
3.208107,2.889469,0.829372,-0.038809,-0.020223,-0.935212,0.351373,0.097963,-0.035478,0.112324,-0.042014,-0.096292,0.013833,0.015617,0.050268,0.003857,0.936538,-0.099048,0.261800,0.005469,-0.021098,0.125857,0.191327,0.253298,-0.023052,1.196516,0.010222,-0.190759,-0.128992,-0.074560,-0.142383,0.102362,1.068358,0.157770,-0.128636,0.008870
3.220067,2.905321,0.827970,-0.032213,-0.019518,-0.941092,0.336045,0.056884,-0.027217,0.140443,-0.040697,-0.071178,0.009343,0.084207,0.048670,0.014503,0.856608,-0.078075,0.261800,0.063160,-0.022564,0.105755,0.229514,0.264999,-0.009985,1.202943,0.013360,-0.188983,-0.132420,-0.073104,-0.142427,0.101510,1.078802,0.164825,-0.125394,0.010966
3.233516,2.921454,0.825761,-0.024288,-0.021095,-0.946298,0.321691,0.012368,-0.023739,0.167480,-0.038583,-0.043824,0.006038,0.145798,0.033903,0.024513,0.751819,-0.060463,0.261800,0.116895,-0.028983,0.088812,0.251963,0.273726,-0.000397,1.220554,0.024222,-0.189907,-0.125902,-0.078729,-0.146439,0.101891,1.094704,0.174026,-0.121679,0.018648
3.248798,2.938283,0.822609,-0.015177,-0.023527,-0.949947,0.311154,-0.042945,-0.022004,0.190021,-0.026082,-0.019976,0.005069,0.195616,0.019392,0.041623,0.627932,-0.050499,0.261800,0.157092,-0.037183,0.071466,0.264255,0.276938,0.014888,1.247153,0.031853,-0.186743,-0.120881,-0.083823,-0.151788,0.098558,1.110122,0.176373,-0.119915,0.028218
3.265532,2.956290,0.818277,-0.004498,-0.027408,-0.952100,0.304523,-0.107148,-0.024276,0.207539,-0.008892,0.004364,0.002530,0.227521,0.015054,0.084892,0.499653,-0.060896,0.261800,0.184084,-0.049560,0.053707,0.267583,0.278230,0.028995,1.276745,0.038841,-0.178330,-0.117681,-0.086085,-0.155763,0.094787,1.120811,0.190116,-0.118726,0.030551
3.284820,2.973587,0.813560,0.003513,-0.033900,-0.953309,0.300066,-0.165219,-0.031946,0.227063,0.007013,0.017031,-0.002920,0.242037,-0.002851,0.121675,0.397615,-0.117340,0.261800,0.201599,-0.063348,0.048363,0.263721,0.275524,0.042402,1.300787,0.038943,-0.171218,-0.115518,-0.086238,-0.159041,0.090326,1.124557,0.207135,-0.121777,0.026735
3.305441,2.991084,0.810235,0.002162,-0.036266,-0.954126,0.297193,-0.206512,-0.021807,0.253079,0.028345,0.000294,-0.030842,0.250719,-0.021290,0.106059,0.326359,-0.177109,0.251325,0.212074,-0.058862,0.064358,0.250078,0.266855,0.059142,1.315840,0.038122,-0.167299,-0.121994,-0.085537,-0.164270,0.081817,1.120078,0.209723,-0.128688,0.025602
3.324956,3.010598,0.808881,-0.007174,-0.031474,-0.953494,0.299679,-0.234045,0.011678,0.273639,0.056103,-0.049393,-0.074977,0.263157,-0.005498,0.075270,0.261332,-0.202849,0.224749,0.209784,-0.033078,0.094100,0.224762,0.254724,0.073567,1.322340,0.046595,-0.167610,-0.131880,-0.084734,-0.172549,0.071550,1.111478,0.207569,-0.132499,0.029507
3.343768,3.030127,0.809055,-0.016192,-0.026299,-0.951979,0.304602,-0.254972,0.042836,0.287715,0.082254,-0.099324,-0.103228,0.266420,0.017905,0.055669,0.209652,-0.206915,0.197424,0.199518,-0.007020,0.121771,0.196880,0.239230,0.081690,1.317123,0.052370,-0.173113,-0.136474,-0.080722,-0.183896,0.069751,1.106614,0.201389,-0.134370,0.030015
3.361690,3.048570,0.810402,-0.022816,-0.024028,-0.950487,0.308993,-0.271338,0.064937,0.298638,0.124998,-0.114616,-0.113808,0.259609,0.033175,0.040443,0.173321,-0.198080,0.178442,0.185413,0.009512,0.145479,0.174961,0.221220,0.084463,1.294751,0.044544,-0.180432,-0.137728,-0.074401,-0.197621,0.075498,1.106302,0.181436,-0.135028,0.029051
3.378584,3.065259,0.812815,-0.028092,-0.025261,-0.949150,0.312550,-0.284836,0.078364,0.297748,0.216259,-0.126017,-0.109927,0.251013,0.037799,0.019841,0.143655,-0.181620,0.165434,0.167301,0.015591,0.168425,0.161203,0.204320,0.078473,1.257184,0.025964,-0.187179,-0.142721,-0.069437,-0.209070,0.073268,1.113950,0.166361,-0.131314,0.038764
3.395133,3.080190,0.815980,-0.031956,-0.030044,-0.948342,0.314202,-0.290921,0.080027,0.281253,0.346201,-0.151853,-0.103850,0.239518,0.032258,0.004940,0.121947,-0.162183,0.158192,0.150151,0.011300,0.189379,0.147566,0.192405,0.063655,1.216304,0.007224,-0.197268,-0.147271,-0.063111,-0.216353,0.061368,1.129173,0.163245,-0.123387,0.045111
3.411505,3.094124,0.819312,-0.033098,-0.035788,-0.947969,0.314608,-0.286770,0.079030,0.269812,0.493475,-0.183975,-0.098869,0.219009,0.021711,-0.000947,0.109754,-0.139290,0.155266,0.136209,0.001063,0.202705,0.127432,0.186187,0.048030,1.180802,-0.002966,-0.208998,-0.156581,-0.053159,-0.220888,0.044359,1.149690,0.162153,-0.118191,0.041549
3.427604,3.107427,0.822317,-0.031090,-0.039479,-0.947421,0.316019,-0.277092,0.085970,0.269791,0.650123,-0.220289,-0.083542,0.189845,0.012607,-0.005257,0.101037,-0.114723,0.151377,0.121773,-0.007689,0.205185,0.102162,0.183732,0.029590,1.152692,-0.001944,-0.217639,-0.159628,-0.040728,-0.225380,0.027361,1.173296,0.164485,-0.115244,0.026477
3.443758,3.119855,0.824735,-0.027594,-0.041899,-0.946499,0.318784,-0.254995,0.093960,0.269444,0.789079,-0.252630,-0.067729,0.157423,0.003036,-0.012919,0.094309,-0.093068,0.150530,0.104787,-0.013095,0.201474,0.071542,0.181079,0.012155,1.132430,-0.001757,-0.220181,-0.156890,-0.026194,-0.233226,0.014235,1.195352,0.171035,-0.107685,0.006091
3.460451,3.131578,0.826209,-0.024012,-0.041874,-0.944470,0.325032,-0.222291,0.097844,0.257209,0.894722,-0.277061,-0.052368,0.120553,-0.003073,-0.024643,0.094536,-0.073949,0.150459,0.081095,-0.013139,0.195520,0.032939,0.177043,-0.002264,1.123417,-0.012621,-0.222499,-0.156553,-0.010393,-0.243676,0.000948,1.212660,0.176258,-0.097455,-0.001037
3.477235,3.142635,0.826686,-0.020355,-0.038632,-0.941142,0.335180,-0.181975,0.100045,0.233426,0.962542,-0.288709,-0.041807,0.079788,-0.004089,-0.039257,0.100109,-0.054383,0.150641,0.046753,-0.006485,0.183489,-0.005205,0.172458,-0.015921,1.119744,-0.024174,-0.226749,-0.166581,0.004821,-0.255864,-0.008416,1.229599,0.173612,-0.089809,0.002825
3.493485,3.152970,0.826642,-0.016143,-0.035748,-0.937353,0.346166,-0.125127,0.099430,0.212620,0.977653,-0.287882,-0.044795,0.039758,-0.008658,-0.055776,0.105018,-0.033263,0.157681,0.007506,-0.001211,0.168296,-0.040042,0.168421,-0.034364,1.115064,-0.009387,-0.226737,-0.172004,0.014724,-0.267279,-0.016289,1.250322,0.161918,-0.083545,0.006321
3.509984,3.163175,0.825919,-0.013158,-0.031864,-0.932895,0.358494,-0.061226,0.097028,0.186328,0.952220,-0.285194,-0.055591,0.003246,-0.013416,-0.079516,0.108208,-0.012684,0.162071,-0.034930,0.006885,0.151860,-0.073354,0.163534,-0.055666,1.114909,0.006555,-0.224664,-0.156502,0.025315,-0.277186,-0.025921,1.267564,0.148726,-0.077474,0.008252
3.526837,3.173211,0.824433,-0.011931,-0.026088,-0.927678,0.372277,0.005369,0.091911,0.147916,0.891325,-0.280543,-0.079769,-0.029128,-0.015517,-0.106174,0.109668,0.006562,0.162681,-0.083097,0.020573,0.133323,-0.096877,0.157689,-0.065977,1.111496,0.002374,-0.227509,-0.155363,0.039653,-0.285405,-0.035675,1.277167,0.144094,-0.075220,0.007418
3.543985,3.183246,0.822288,-0.010792,-0.019696,-0.922511,0.385316,0.070513,0.082878,0.101138,0.797673,-0.266009,-0.108811,-0.063006,-0.017936,-0.132671,0.112911,0.024143,0.166132,-0.130283,0.034375,0.114789,-0.109756,0.153005,-0.071316,1.094231,0.001582,-0.228131,-0.159867,0.053980,-0.290626,-0.046279,1.280675,0.137923,-0.074281,0.009823
3.562081,3.193851,0.819497,-0.008870,-0.014263,-0.917445,0.397507,0.130410,0.070014,0.048603,0.680347,-0.253341,-0.134699,-0.102769,-0.025808,-0.157373,0.122891,0.040387,0.174601,-0.170848,0.044323,0.099075,-0.123496,0.149748,-0.078659,1.074104,0.001193,-0.230934,-0.161385,0.064713,-0.293362,-0.057942,1.279063,0.135517,-0.073482,0.019137
3.581700,3.205285,0.816394,-0.007508,-0.009790,-0.911592,0.410912,0.180150,0.056810,-0.012935,0.559302,-0.257296,-0.155758,-0.143854,-0.037932,-0.179614,0.134530,0.060772,0.188434,-0.209519,0.051490,0.090870,-0.141561,0.146493,-0.083321,1.054898,-0.005328,-0.239193,-0.158101,0.068649,-0.292668,-0.067866,1.274425,0.143383,-0.076658,0.026633
3.602467,3.217611,0.813140,-0.007161,-0.006802,-0.906057,0.423041,0.214805,0.046760,-0.067927,0.450434,-0.277615,-0.168039,-0.184878,-0.051712,-0.191464,0.146950,0.079404,0.209092,-0.240188,0.054761,0.091239,-0.163314,0.143493,-0.087747,1.034474,-0.007834,-0.245773,-0.155963,0.067297,-0.288771,-0.072080,1.266012,0.150939,-0.081684,0.026775
3.624385,3.231118,0.809933,-0.008189,-0.007038,-0.901895,0.431821,0.236329,0.038809,-0.094357,0.357369,-0.312116,-0.160425,-0.224200,-0.069301,-0.194053,0.161570,0.088556,0.232252,-0.259146,0.049191,0.101145,-0.185667,0.142364,-0.093292,1.009808,-0.017044,-0.246590,-0.154004,0.062396,-0.280166,-0.073973,1.250569,0.166113,-0.083774,0.028535
3.646799,3.246162,0.807392,-0.011543,-0.011377,-0.900732,0.434073,0.252276,0.025170,-0.088967,0.282884,-0.351466,-0.122782,-0.253799,-0.088887,-0.197545,0.168241,0.087752,0.252051,-0.263474,0.032733,0.122244,-0.203694,0.146702,-0.099064,0.980809,-0.039353,-0.247684,-0.151262,0.051893,-0.266959,-0.067949,1.232059,0.179754,-0.086532,0.033508
3.669131,3.262475,0.806165,-0.017456,-0.017869,-0.901443,0.432176,0.268243,0.011228,-0.056284,0.221203,-0.375937,-0.081586,-0.269679,-0.104409,-0.200897,0.161124,0.060868,0.261722,-0.259588,0.009417,0.154224,-0.217007,0.159513,-0.107343,0.953569,-0.047371,-0.252761,-0.145723,0.033811,-0.250070,-0.054285,1.212232,0.178612,-0.093500,0.036092
3.692007,3.278432,0.806443,-0.023954,-0.024722,-0.902279,0.429777,0.281266,-0.003907,-0.019681,0.162796,-0.381436,-0.049489,-0.273475,-0.120343,-0.205879,0.143830,-0.002009,0.261647,-0.257234,-0.014712,0.188998,-0.222559,0.174192,-0.113693,0.930640,-0.039393,-0.257196,-0.128664,0.012178,-0.232475,-0.031481,1.188400,0.155246,-0.092563,0.024075
3.713705,3.295202,0.806877,-0.026726,-0.029533,-0.905180,0.423158,0.278341,-0.019676,0.008331,0.115080,-0.370763,-0.029207,-0.280053,-0.132244,-0.228225,0.128588,-0.052770,0.261594,-0.248733,-0.036272,0.212371,-0.214773,0.193013,-0.120954,0.916110,-0.027044,-0.266812,-0.109152,-0.006898,-0.215480,-0.005081,1.161529,0.126459,-0.090728,0.009912
3.733834,3.312703,0.807385,-0.026193,-0.032659,-0.909534,0.413516,0.263353,-0.033937,0.031861,0.076708,-0.350632,-0.015652,-0.292718,-0.139731,-0.263849,0.143255,-0.052304,0.261800,-0.227820,-0.055419,0.226453,-0.208156,0.213127,-0.128933,0.922903,-0.029351,-0.271591,-0.112754,-0.019980,-0.199204,0.013556,1.131104,0.121230,-0.095868,0.009200
3.753376,3.327601,0.809234,-0.026194,-0.036221,-0.912637,0.406320,0.252290,-0.050414,0.044692,0.036038,-0.315253,-0.005845,-0.301810,-0.150652,-0.274790,0.217791,-0.040868,0.261800,-0.208360,-0.070292,0.242063,-0.203852,0.230775,-0.135821,0.947166,-0.033651,-0.261897,-0.115450,-0.029568,-0.187319,0.029708,1.100946,0.127787,-0.102869,0.004133
3.771426,3.340812,0.812513,-0.028894,-0.035182,-0.915728,0.399211,0.242520,-0.053591,0.054058,-0.000164,-0.270316,-0.005672,-0.301318,-0.130464,-0.228545,0.325799,-0.040286,0.261800,-0.193171,-0.070362,0.256203,-0.191082,0.242315,-0.128108,0.987391,-0.021601,-0.253306,-0.115407,-0.039531,-0.181296,0.050651,1.085785,0.134128,-0.111785,-0.004534
3.787308,3.354107,0.816328,-0.029360,-0.026475,-0.920204,0.389438,0.216118,-0.038284,0.072488,-0.020244,-0.229112,-0.007097,-0.296842,-0.070819,-0.160358,0.436483,-0.048149,0.261800,-0.177918,-0.053633,0.253652,-0.163550,0.243252,-0.108227,1.038103,-0.008500,-0.242227,-0.113372,-0.048346,-0.180043,0.068045,1.083052,0.134827,-0.114298,-0.001477
3.802373,3.366752,0.819745,-0.026855,-0.017903,-0.923775,0.381573,0.178227,-0.024281,0.088405,-0.026798,-0.195186,-0.007774,-0.287079,-0.018953,-0.110397,0.560485,-0.066675,0.261800,-0.165042,-0.036984,0.240571,-0.131162,0.239608,-0.086184,1.093037,-0.008135,-0.225328,-0.106453,-0.050221,-0.181160,0.074232,1.075334,0.133489,-0.112695,0.006635
3.817269,3.377904,0.821976,-0.023865,-0.014219,-0.925488,0.377758,0.141820,-0.021576,0.097878,-0.028015,-0.168232,-0.007767,-0.260872,0.002442,-0.083465,0.685029,-0.098204,0.261709,-0.158372,-0.029927,0.223821,-0.086833,0.237055,-0.067706,1.134816,-0.011445,-0.204560,-0.100682,-0.045606,-0.185034,0.078154,1.068912,0.131342,-0.111869,0.019796
3.831423,3.389063,0.822751,-0.021332,-0.014410,-0.927136,0.373841,0.110197,-0.026584,0.102731,-0.029103,-0.141764,-0.002653,-0.213660,0.002661,-0.075548,0.783960,-0.129757,0.257876,-0.149418,-0.031087,0.208180,-0.032851,0.237803,-0.058034,1.163553,-0.011235,-0.183976,-0.089831,-0.040208,-0.187724,0.079324,1.068905,0.129824,-0.112164,0.025499
3.844269,3.400849,0.822190,-0.018800,-0.015253,-0.929407,0.368263,0.081647,-0.029788,0.110717,-0.032278,-0.118919,-0.000236,-0.149691,0.004439,-0.069033,0.838408,-0.151186,0.254673,-0.133364,-0.034723,0.190585,0.021558,0.242121,-0.053759,1.195683,0.007900,-0.173957,-0.082237,-0.032143,-0.185804,0.075775,1.074795,0.132384,-0.112876,0.011216
3.856386,3.413539,0.820700,-0.015421,-0.016509,-0.932937,0.359330,0.056416,-0.030571,0.129513,-0.042757,-0.095053,-0.004375,-0.078661,0.015937,-0.046934,0.849557,-0.161475,0.259240,-0.103416,-0.039419,0.172304,0.066816,0.248399,-0.056964,1.226027,0.025728,-0.174286,-0.089118,-0.025438,-0.181568,0.068229,1.086194,0.147079,-0.109880,-0.000666
3.868523,3.427775,0.818918,-0.010683,-0.017429,-0.937012,0.348698,0.026127,-0.028695,0.151027,-0.051922,-0.066805,-0.006929,-0.006985,0.029809,-0.017768,0.820597,-0.153538,0.261618,-0.066232,-0.042714,0.151337,0.109901,0.253284,-0.049150,1.241672,0.038713,-0.169900,-0.099068,-0.024435,-0.177876,0.056821,1.109008,0.163550,-0.106311,-0.001648
3.881232,3.442844,0.816739,-0.005358,-0.018906,-0.941245,0.337153,-0.008174,-0.025822,0.173967,-0.056542,-0.040627,-0.007780,0.061335,0.034120,0.010357,0.762152,-0.135992,0.261800,-0.024329,-0.045023,0.129489,0.144937,0.253942,-0.032409,1.254553,0.031112,-0.163588,-0.112539,-0.022692,-0.176080,0.047021,1.132546,0.176991,-0.102397,0.000947
3.894594,3.458961,0.814057,-0.001109,-0.020976,-0.945436,0.325129,-0.042758,-0.020142,0.196585,-0.056301,-0.018167,-0.016076,0.124266,0.040105,0.049403,0.683703,-0.116408,0.261800,0.020170,-0.045669,0.114833,0.172371,0.251390,-0.013407,1.260123,0.030787,-0.161771,-0.119298,-0.022852,-0.177629,0.039873,1.150561,0.180827,-0.101516,0.009065
3.909038,3.476198,0.810768,0.003019,-0.024156,-0.948342,0.316315,-0.081757,-0.016427,0.213228,-0.051423,0.002137,-0.023105,0.179435,0.051702,0.110797,0.588026,-0.082424,0.261800,0.055407,-0.047105,0.104440,0.193862,0.245266,0.013904,1.257587,0.027524,-0.157669,-0.130375,-0.027824,-0.180911,0.034878,1.164777,0.176652,-0.103366,0.028246
3.925227,3.494142,0.806332,0.008171,-0.028662,-0.949796,0.311446,-0.129797,-0.016759,0.231133,-0.039374,0.015859,-0.032844,0.219997,0.057000,0.178723,0.485831,-0.063314,0.261800,0.076379,-0.051264,0.094625,0.207849,0.238717,0.038437,1.255103,0.015886,-0.154143,-0.141840,-0.036241,-0.183757,0.031633,1.175047,0.181566,-0.104108,0.040932
3.944422,3.511372,0.801459,0.011390,-0.035114,-0.950277,0.309210,-0.178394,-0.020899,0.252784,-0.019324,0.015101,-0.051026,0.245220,0.042923,0.231246,0.394237,-0.107372,0.261694,0.087128,-0.054604,0.092586,0.211150,0.230868,0.056266,1.254187,0.008793,-0.154184,-0.150850,-0.042681,-0.188034,0.028393,1.172636,0.192900,-0.108011,0.043529
3.965413,3.528735,0.797410,0.005758,-0.038724,-0.950188,0.309210,-0.209113,-0.011507,0.281910,0.001818,-0.007942,-0.097842,0.263453,0.029070,0.242832,0.325415,-0.173169,0.245758,0.090333,-0.043891,0.114395,0.198261,0.225356,0.069833,1.255962,0.015867,-0.163738,-0.166736,-0.047962,-0.193264,0.023506,1.155613,0.207287,-0.118625,0.044820
3.985000,3.549762,0.795072,-0.006964,-0.031697,-0.948973,0.313683,-0.232718,0.028057,0.294906,0.026725,-0.057579,-0.162206,0.275887,0.050444,0.192367,0.266693,-0.207434,0.209899,0.085659,-0.005487,0.145374,0.166414,0.221206,0.077460,1.265376,0.037157,-0.172882,-0.178540,-0.050357,-0.201939,0.015566,1.130779,0.208136,-0.129336,0.045700
4.004282,3.570831,0.794413,-0.017915,-0.025436,-0.946612,0.320872,-0.256228,0.058498,0.290091,0.051272,-0.110358,-0.196153,0.281371,0.068826,0.129915,0.211881,-0.220658,0.182254,0.072257,0.031491,0.172460,0.127771,0.215236,0.073547,1.272977,0.059412,-0.174965,-0.179297,-0.047178,-0.215781,0.019092,1.100821,0.195430,-0.135463,0.034616
4.022469,3.591390,0.795157,-0.026520,-0.025259,-0.944417,0.326705,-0.266027,0.073700,0.285707,0.075912,-0.125301,-0.194906,0.276096,0.079985,0.104172,0.179844,-0.223081,0.159882,0.055943,0.049253,0.198876,0.092454,0.209288,0.065082,1.266036,0.067012,-0.173946,-0.173883,-0.045992,-0.231799,0.031983,1.076412,0.192274,-0.139166,0.044399
4.038914,3.611834,0.797527,-0.032393,-0.026357,-0.942889,0.330480,-0.277200,0.089482,0.268531,0.145379,-0.125547,-0.168350,0.258151,0.089505,0.089697,0.165159,-0.210353,0.145164,0.037428,0.055608,0.219131,0.062017,0.208408,0.046697,1.254654,0.055059,-0.177482,-0.168697,-0.048135,-0.246910,0.045622,1.064695,0.183239,-0.137907,0.059839
4.053633,3.630697,0.801419,-0.036542,-0.029325,-0.941987,0.332364,-0.284991,0.099611,0.233951,0.260881,-0.140201,-0.142000,0.240039,0.092439,0.076608,0.151160,-0.183572,0.140713,0.019064,0.053168,0.235569,0.033450,0.212254,0.020869,1.245389,0.034861,-0.187790,-0.159359,-0.051131,-0.256562,0.050249,1.068128,0.176802,-0.136261,0.055089
4.067743,3.648180,0.806023,-0.036228,-0.032112,-0.940542,0.336209,-0.291218,0.106958,0.211390,0.403270,-0.167486,-0.125169,0.213699,0.091147,0.062723,0.137630,-0.149310,0.142958,0.001034,0.044634,0.238465,0.006147,0.215477,0.000027,1.224105,0.031062,-0.189365,-0.153230,-0.049394,-0.256679,0.033508,1.086002,0.182602,-0.134461,0.046946
4.081891,3.664924,0.810453,-0.032280,-0.034524,-0.938874,0.341001,-0.288812,0.121417,0.222534,0.557020,-0.199453,-0.105423,0.179125,0.085113,0.044246,0.126936,-0.116091,0.146099,-0.012544,0.033887,0.228682,-0.028245,0.217929,-0.017578,1.206784,0.039696,-0.182514,-0.146739,-0.039251,-0.254128,0.012948,1.106943,0.204264,-0.132089,0.031733
4.095731,3.680163,0.813970,-0.027124,-0.039528,-0.937259,0.345323,-0.265018,0.128264,0.241766,0.696333,-0.235963,-0.071888,0.148069,0.069623,0.025412,0.113571,-0.088937,0.147297,-0.024556,0.017038,0.211681,-0.055357,0.221655,-0.032298,1.184743,0.035290,-0.174788,-0.144432,-0.017790,-0.251840,0.006567,1.122059,0.218947,-0.124521,-0.000283
4.109879,3.694480,0.815278,-0.022490,-0.041828,-0.935921,0.348994,-0.233867,0.128415,0.243824,0.823016,-0.270852,-0.049856,0.117001,0.059057,0.007745,0.100851,-0.076752,0.147935,-0.034246,0.007528,0.196436,-0.084378,0.222235,-0.042676,1.162712,0.025617,-0.178521,-0.146291,0.003411,-0.252417,-0.000757,1.134423,0.233660,-0.117900,-0.023314
4.124433,3.707933,0.815050,-0.020378,-0.040876,-0.934526,0.352951,-0.184564,0.118271,0.231469,0.906160,-0.285847,-0.050627,0.089109,0.055518,-0.010222,0.090047,-0.072648,0.155074,-0.046633,0.009031,0.185703,-0.113306,0.215213,-0.046996,1.139509,0.015174,-0.185174,-0.147186,0.025107,-0.256807,-0.007137,1.141148,0.233659,-0.113324,-0.022462
4.138779,3.720877,0.813867,-0.019799,-0.036599,-0.932172,0.359617,-0.123053,0.106639,0.215294,0.945255,-0.281582,-0.061669,0.063004,0.059373,-0.030497,0.080234,-0.072747,0.168944,-0.068964,0.021483,0.176099,-0.137115,0.201060,-0.049915,1.114858,0.008985,-0.198566,-0.137800,0.043542,-0.265630,-0.013856,1.150056,0.217272,-0.106866,-0.015769
4.153102,3.733457,0.812378,-0.018280,-0.030637,-0.928442,0.369760,-0.058605,0.088181,0.191749,0.942690,-0.280738,-0.075996,0.037843,0.063335,-0.058704,0.063285,-0.074916,0.185661,-0.103418,0.038060,0.161143,-0.153824,0.179259,-0.052842,1.092711,0.001788,-0.208630,-0.132979,0.054269,-0.276670,-0.024883,1.170176,0.191837,-0.096907,-0.008019
4.167619,3.746127,0.810728,-0.016493,-0.024047,-0.923006,0.383679,0.010153,0.067436,0.164945,0.894076,-0.271483,-0.108870,0.013454,0.066018,-0.093519,0.043870,-0.075479,0.202055,-0.151633,0.054593,0.142967,-0.164151,0.158439,-0.058535,1.073384,-0.011147,-0.215718,-0.138082,0.054393,-0.287472,-0.037846,1.201234,0.167283,-0.087539,0.001017
4.182285,3.759522,0.808784,-0.014056,-0.017898,-0.917407,0.397299,0.081122,0.044844,0.138274,0.803929,-0.259174,-0.146566,-0.015412,0.066272,-0.132365,0.028522,-0.072716,0.223221,-0.199115,0.068888,0.122260,-0.170463,0.140765,-0.068117,1.056686,-0.022896,-0.219678,-0.146777,0.054800,-0.295277,-0.053363,1.228714,0.149780,-0.082634,0.002023
4.197599,3.773968,0.806047,-0.010501,-0.011598,-0.912822,0.408058,0.146194,0.019312,0.105079,0.682585,-0.241491,-0.183429,-0.056609,0.065502,-0.163407,0.027864,-0.066799,0.242736,-0.236800,0.080141,0.102205,-0.181612,0.127852,-0.071856,1.040206,-0.005043,-0.231184,-0.148304,0.057553,-0.297107,-0.069777,1.244947,0.139723,-0.080786,-0.003394
4.213619,3.789754,0.802562,-0.008055,-0.005089,-0.908019,0.418821,0.200676,-0.002065,0.059079,0.550390,-0.232078,-0.209313,-0.102467,0.065168,-0.199711,0.034508,-0.059712,0.257607,-0.273546,0.089363,0.087558,-0.196268,0.122123,-0.072311,1.022670,0.041024,-0.236281,-0.187166,0.060652,-0.293723,-0.084954,1.250643,0.132458,-0.079743,-0.002431
4.229007,3.808346,0.798339,-0.007215,0.000989,-0.905386,0.424527,0.240721,-0.009074,0.024736,0.427573,-0.260275,-0.208244,-0.151385,0.074427,-0.225982,0.044255,-0.051118,0.261734,-0.297468,0.093746,0.081270,-0.207242,0.122488,-0.087494,1.005931,0.054485,-0.248814,-0.195154,0.060543,-0.284069,-0.087787,1.248807,0.143242,-0.079498,-0.004413
4.244152,3.828548,0.794655,-0.009820,0.002905,-0.903465,0.428539,0.269197,-0.001805,0.025616,0.327965,-0.327307,-0.170169,-0.189786,0.082098,-0.246589,0.052138,-0.043521,0.261800,-0.311949,0.087563,0.088904,-0.217852,0.127709,-0.111312,0.990254,0.062400,-0.244090,-0.179407,0.055343,-0.270112,-0.091050,1.243687,0.171182,-0.078688,0.002440
4.259208,3.850905,0.791788,-0.014440,-0.001378,-0.903182,0.429013,0.288531,-0.005160,0.042048,0.251583,-0.371592,-0.121603,-0.219054,0.084701,-0.262290,0.057322,-0.035981,0.261800,-0.316636,0.064732,0.111531,-0.240618,0.139488,-0.128340,0.987340,0.054833,-0.249644,-0.159251,0.039818,-0.253307,-0.079109,1.236301,0.188240,-0.078276,0.007250
4.273641,3.875977,0.789221,-0.017531,-0.009843,-0.904352,0.426313,0.299719,-0.014541,0.077468,0.185689,-0.395798,-0.084368,-0.253215,0.086223,-0.273607,0.069948,-0.036494,0.261800,-0.310688,0.029426,0.137512,-0.270768,0.151793,-0.127115,0.992548,0.034964,-0.258717,-0.154459,0.019696,-0.233461,-0.059666,1.223908,0.176556,-0.076693,0.010419
4.290220,3.899387,0.787555,-0.019610,-0.019391,-0.903929,0.426792,0.303915,-0.031474,0.092935,0.124545,-0.398100,-0.056927,-0.288412,0.077036,-0.261260,0.092887,-0.054358,0.261800,-0.306069,-0.008919,0.160149,-0.285855,0.165781,-0.119862,0.993050,0.036440,-0.252703,-0.149100,0.008770,-0.210262,-0.045375,1.202503,0.163165,-0.074730,0.013272
4.307723,3.920294,0.786977,-0.021715,-0.028524,-0.900998,0.432339,0.302901,-0.051595,0.080301,0.068229,-0.383406,-0.030579,-0.323059,0.059566,-0.232632,0.137975,-0.067109,0.261800,-0.308932,-0.047283,0.181143,-0.286606,0.187522,-0.119921,0.987273,0.032520,-0.249046,-0.145019,0.002380,-0.186705,-0.035023,1.179050,0.159504,-0.078012,0.033283
4.323315,3.939880,0.787998,-0.024302,-0.036741,-0.897764,0.438268,0.307157,-0.068388,0.069417,0.006458,-0.345120,-0.016475,-0.351827,0.044476,-0.204396,0.218255,-0.063015,0.261800,-0.307838,-0.082590,0.203600,-0.283701,0.209116,-0.111061,0.991739,0.034024,-0.245037,-0.143038,-0.005219,-0.164342,-0.024318,1.163187,0.154840,-0.083660,0.065052
4.339414,3.956132,0.792466,-0.029066,-0.038749,-0.895857,0.441694,0.299404,-0.071940,0.059886,-0.028926,-0.297374,-0.012209,-0.358942,0.041363,-0.165723,0.318991,-0.058941,0.261800,-0.301712,-0.095709,0.224146,-0.264544,0.225033,-0.113628,1.010258,0.025612,-0.243431,-0.112188,-0.009529,-0.150049,-0.003374,1.163364,0.150310,-0.088580,0.065557
4.356430,3.970025,0.799215,-0.035580,-0.033779,-0.893977,0.445418,0.268427,-0.061509,0.054904,-0.021507,-0.262892,-0.005265,-0.346446,0.056064,-0.107828,0.428369,-0.062695,0.261800,-0.300274,-0.082385,0.238406,-0.232959,0.224430,-0.098702,1.051794,0.013011,-0.237813,-0.093933,-0.010638,-0.148910,0.016171,1.174846,0.145865,-0.085501,0.068201
4.370618,3.983915,0.805505,-0.041372,-0.025134,-0.892276,0.448887,0.231082,-0.040905,0.052480,-0.004381,-0.234988,-0.004353,-0.324210,0.088048,-0.055354,0.547849,-0.074560,0.261800,-0.295586,-0.054619,0.241508,-0.194867,0.213631,-0.081083,1.103639,0.012913,-0.217682,-0.076764,-0.003190,-0.157509,0.026400,1.184459,0.142698,-0.080157,0.076493
4.383097,3.997152,0.809768,-0.044344,-0.017241,-0.890785,0.451927,0.198487,-0.024114,0.049808,-0.001502,-0.206295,-0.004977,-0.295353,0.109186,-0.031402,0.676109,-0.094122,0.261800,-0.287265,-0.033743,0.240114,-0.156489,0.210120,-0.072887,1.153134,0.012717,-0.191774,-0.065690,0.000230,-0.169041,0.033760,1.195875,0.143040,-0.076516,0.090250
4.395531,4.010718,0.811725,-0.043003,-0.012490,-0.891334,0.451131,0.168245,-0.018411,0.052205,-0.013292,-0.174286,-0.005334,-0.261175,0.116078,-0.013402,0.796032,-0.118584,0.261800,-0.269920,-0.024845,0.230746,-0.110392,0.217228,-0.079456,1.190919,0.004474,-0.176578,-0.065417,0.000954,-0.178515,0.045065,1.205123,0.149104,-0.074030,0.092264
4.406608,4.024524,0.812031,-0.038593,-0.010117,-0.893681,0.446925,0.139780,-0.018575,0.058388,-0.031946,-0.145090,-0.001903,-0.215177,0.115911,-0.000183,0.884099,-0.141465,0.261800,-0.251640,-0.016437,0.208453,-0.049125,0.223668,-0.075830,1.212149,0.013732,-0.160195,-0.084870,0.008250,-0.187246,0.048791,1.205419,0.144831,-0.070254,0.082948
4.417046,4.037320,0.811613,-0.034234,-0.011665,-0.897852,0.438809,0.119120,-0.025755,0.070253,-0.052329,-0.112413,0.003583,-0.146344,0.100016,0.012418,0.931103,-0.141787,0.261800,-0.222645,-0.012258,0.183530,0.020884,0.227961,-0.075326,1.224111,0.035316,-0.155338,-0.106303,0.016619,-0.194968,0.037289,1.214059,0.140481,-0.073482,0.065958
4.426639,4.051613,0.810225,-0.030838,-0.013743,-0.903025,0.428260,0.099646,-0.028488,0.092928,-0.070959,-0.084160,0.002188,-0.068674,0.091238,0.029211,0.935205,-0.127082,0.261800,-0.178215,-0.011850,0.169692,0.075020,0.238357,-0.074805,1.235657,0.062214,-0.159850,-0.128579,0.018154,-0.198365,0.007321,1.222049,0.147865,-0.074208,0.051063
4.436355,4.067341,0.808180,-0.025995,-0.015455,-0.909873,0.413783,0.074530,-0.028325,0.121773,-0.086497,-0.056203,-0.002355,0.005453,0.076892,0.048671,0.906085,-0.113505,0.261800,-0.123763,-0.017998,0.154633,0.122281,0.255840,-0.076120,1.243590,0.070586,-0.160316,-0.130749,0.013627,-0.194443,-0.005914,1.230718,0.176120,-0.074366,0.033781
4.446594,4.084211,0.806340,-0.019823,-0.017217,-0.917130,0.397721,0.035903,-0.025589,0.153523,-0.080882,-0.035505,-0.001972,0.075250,0.054019,0.066306,0.843598,-0.092055,0.261800,-0.071604,-0.017113,0.128605,0.170088,0.261234,-0.061648,1.258289,0.065305,-0.162691,-0.125048,0.013986,-0.196754,-0.010563,1.236838,0.199863,-0.076505,0.029425
4.458286,4.102461,0.804310,-0.014698,-0.020769,-0.922919,0.384151,-0.005473,-0.024242,0.179855,-0.070646,-0.010908,-0.003832,0.141443,0.025086,0.085797,0.750007,-0.062701,0.261800,-0.029767,-0.019912,0.114521,0.210099,0.264532,-0.051546,1.263821,0.069537,-0.165953,-0.036035,0.007615,-0.197550,-0.007467,1.230902,0.212855,-0.081979,0.029631
4.471561,4.122484,0.800897,-0.006431,-0.025103,-0.927911,0.371900,-0.054840,-0.024879,0.206912,-0.063754,0.016566,-0.010300,0.186803,-0.003447,0.113049,0.646449,-0.044171,0.261800,0.002258,-0.030778,0.103239,0.238436,0.269280,-0.041476,1.264380,0.063455,-0.168093,0.047046,-0.008383,-0.194827,0.010336,1.213701,0.241399,-0.088647,0.026856
4.484511,4.144534,0.796768,0.001894,-0.026023,-0.930964,0.364177,-0.117243,-0.014177,0.226342,-0.040750,0.032319,-0.022255,0.222118,-0.008031,0.141070,0.524102,-0.046649,0.261800,0.022292,-0.033764,0.084574,0.251117,0.267877,0.011586,1.282656,0.041231,-0.155598,-0.116233,-0.015519,-0.195490,0.018756,1.186824,0.250108,-0.092743,0.046506
4.500036,4.166881,0.791848,0.006325,-0.028759,-0.932202,0.360738,-0.170235,-0.007585,0.241232,-0.025135,0.039476,-0.039783,0.245946,-0.011517,0.170075,0.417160,-0.107969,0.261800,0.034688,-0.034280,0.088449,0.251179,0.265762,0.028071,1.284614,0.037735,-0.151764,-0.114741,-0.028486,-0.196283,0.033613,1.149579,0.220092,-0.097574,0.027989
4.518587,4.188316,0.787511,0.005922,-0.031751,-0.932619,0.359414,-0.217705,0.000829,0.262125,0.000159,0.024221,-0.069719,0.253559,-0.032860,0.161474,0.344139,-0.174823,0.251259,0.038604,-0.027702,0.104929,0.245548,0.257624,0.040722,1.279671,0.032562,-0.153304,-0.104596,-0.034251,-0.197767,0.040277,1.099624,0.244249,-0.114811,0.018454
4.535431,4.212272,0.785079,-0.003235,-0.026236,-0.931486,0.362815,-0.254195,0.036793,0.269727,0.031541,-0.015097,-0.118518,0.264027,-0.015013,0.126579,0.275055,-0.214130,0.214998,0.035357,0.002286,0.135882,0.222411,0.246984,0.054540,1.273794,0.040724,-0.156921,-0.119753,-0.039164,-0.204656,0.037905,1.049940,0.244852,-0.129270,0.025241
4.550744,4.235877,0.783992,-0.011105,-0.020612,-0.928903,0.369581,-0.285369,0.065457,0.262132,0.059076,-0.068962,-0.137352,0.267326,0.008994,0.084536,0.215617,-0.233319,0.175180,0.022924,0.032971,0.158556,0.195936,0.233380,0.053439,1.267182,0.052668,-0.162702,-0.120736,-0.040108,-0.217367,0.042461,1.013065,0.238208,-0.146938,0.047099
4.565239,4.257663,0.783916,-0.015540,-0.018457,-0.924830,0.379614,-0.311453,0.075048,0.248336,0.095872,-0.095778,-0.131182,0.265279,0.023649,0.044934,0.164326,-0.236645,0.145649,0.004993,0.048503,0.179979,0.165234,0.220687,0.043766,1.246212,0.051783,-0.167881,-0.124552,-0.047310,-0.230169,0.044684,0.991125,0.235796,-0.168089,0.081869
4.579372,4.277582,0.785935,-0.022331,-0.021490,-0.920396,0.389756,-0.325196,0.071104,0.222122,0.182121,-0.115988,-0.108570,0.272248,0.028619,0.015577,0.116404,-0.217113,0.130705,-0.013079,0.049747,0.213825,0.128485,0.211999,0.030930,1.217357,0.039122,-0.176449,-0.150121,-0.051591,-0.239572,0.052538,0.975512,0.239987,-0.150648,0.082932
4.592616,4.295049,0.789788,-0.030195,-0.026684,-0.917224,0.396328,-0.323229,0.058006,0.180913,0.304661,-0.151823,-0.092693,0.280517,0.028723,0.006680,0.074989,-0.176472,0.140146,-0.025512,0.048498,0.242138,0.094359,0.203130,0.008427,1.192381,0.022612,-0.186629,-0.149665,-0.047283,-0.246302,0.054597,0.991176,0.256156,-0.141009,0.042707
4.605346,4.311742,0.794640,-0.030192,-0.029743,-0.916234,0.398395,-0.323058,0.044043,0.143172,0.444608,-0.188514,-0.087591,0.256901,0.024820,0.007605,0.061845,-0.139835,0.150400,-0.027362,0.044685,0.242824,0.064282,0.192559,-0.012696,1.173575,0.013912,-0.197983,-0.149212,-0.042873,-0.250437,0.048999,1.007208,0.237978,-0.140582,0.020141
4.617805,4.328017,0.799250,-0.024435,-0.030352,-0.916088,0.399079,-0.316681,0.044003,0.146029,0.585700,-0.229255,-0.083609,0.210795,0.020893,0.003957,0.067827,-0.113999,0.152087,-0.025474,0.040325,0.228316,0.035911,0.182312,-0.032131,1.150838,0.001239,-0.202371,-0.138603,-0.034349,-0.254031,0.047493,1.040168,0.232197,-0.122311,0.002134
4.630642,4.343673,0.802567,-0.017990,-0.030353,-0.914498,0.403048,-0.298405,0.047970,0.158990,0.716343,-0.267615,-0.068678,0.163905,0.015774,-0.008342,0.074861,-0.092346,0.148103,-0.029142,0.035976,0.218478,0.001139,0.170497,-0.050312,1.118893,-0.004252,-0.197010,-0.133166,-0.026618,-0.256724,0.046981,1.072080,0.257212,-0.102778,-0.004888
4.643429,4.358304,0.804471,-0.012346,-0.029236,-0.912343,0.408196,-0.268159,0.041423,0.151350,0.819952,-0.290068,-0.037815,0.120284,0.012077,-0.019015,0.078717,-0.071079,0.136707,-0.046855,0.033386,0.201327,-0.016313,0.161752,-0.067351,1.077707,-0.030872,-0.197076,-0.144815,-0.013289,-0.258232,0.065606,1.099789,0.274186,-0.072740,0.000062
4.656517,4.371202,0.804886,-0.009903,-0.027384,-0.909327,0.415061,-0.217354,0.027120,0.130725,0.879151,-0.296824,-0.026437,0.084263,0.009750,-0.031513,0.086061,-0.058346,0.136378,-0.071257,0.035288,0.188934,-0.033699,0.151244,-0.084151,1.040992,-0.030530,-0.201965,-0.144657,-0.005422,-0.262479,0.065876,1.134105,0.254985,-0.060624,0.005910
4.669000,4.383633,0.804705,-0.010818,-0.025093,-0.905370,0.423743,-0.149108,0.018796,0.110554,0.901169,-0.322484,-0.038711,0.054791,0.010653,-0.042275,0.099549,-0.047973,0.138885,-0.103418,0.039852,0.183085,-0.052089,0.141292,-0.101865,1.011323,-0.003252,-0.202579,-0.127719,-0.001332,-0.265815,0.057333,1.170086,0.235593,-0.058194,-0.002456
4.681590,4.396668,0.803701,-0.011204,-0.019524,-0.900049,0.435207,-0.081085,0.017974,0.086605,0.882936,-0.335789,-0.061613,0.021277,0.015869,-0.065709,0.109003,-0.033687,0.139226,-0.141491,0.050521,0.172220,-0.070559,0.128562,-0.116883,0.992345,-0.010757,-0.210327,-0.119130,0.014437,-0.270654,0.048077,1.186327,0.237229,-0.058070,-0.024560
4.694234,4.409418,0.802207,-0.009630,-0.014315,-0.893530,0.448671,-0.021477,0.013608,0.055954,0.831290,-0.322269,-0.067009,-0.016157,0.016353,-0.089205,0.119040,-0.018927,0.146068,-0.186225,0.055962,0.156613,-0.088135,0.120256,-0.126295,0.984417,-0.021035,-0.219499,-0.118386,0.028707,-0.273070,0.032460,1.203174,0.241599,-0.065777,-0.035097
4.707257,4.422292,0.800627,-0.008665,-0.010648,-0.886907,0.461743,0.036970,0.009342,0.030545,0.740480,-0.331814,-0.063465,-0.053329,0.012519,-0.108326,0.132517,-0.002559,0.156195,-0.229139,0.056649,0.148347,-0.110874,0.116516,-0.132000,0.981236,-0.031917,-0.225102,-0.130364,0.041016,-0.271284,0.017331,1.212023,0.263507,-0.079496,-0.030338
4.721167,4.438327,0.798289,-0.004892,-0.000604,-0.883287,0.468806,0.079750,0.030611,0.041249,0.610178,-0.272048,-0.093127,-0.117546,0.017997,-0.129617,0.167984,0.010493,0.146322,-0.255643,0.065441,0.129637,-0.132017,0.117804,-0.129748,0.982487,-0.038905,-0.233088,-0.153961,0.060155,-0.265794,0.007431,1.200825,0.283656,-0.096596,-0.035448
4.736082,4.454357,0.795935,-0.001249,0.004035,-0.880997,0.473103,0.106704,0.021954,0.018564,0.492038,-0.262008,-0.090195,-0.174860,0.013633,-0.138426,0.193207,0.030330,0.152594,-0.282219,0.060981,0.120747,-0.149054,0.130475,-0.130764,0.974796,-0.047840,-0.234230,-0.162747,0.055223,-0.255851,0.020427,1.211216,0.240634,-0.069802,-0.043042
4.752415,4.471056,0.793381,0.001838,0.002874,-0.882191,0.470880,0.118858,-0.016731,-0.042898,0.414561,-0.364702,-0.061771,-0.225894,0.002294,-0.131253,0.214015,0.047825,0.170730,-0.286771,0.044351,0.126477,-0.171019,0.144511,-0.134259,0.962887,-0.054709,-0.238469,-0.162976,0.051764,-0.247654,0.024654,1.200844,0.256416,-0.065741,-0.025886
4.768375,4.488206,0.791229,0.001202,0.000218,-0.883240,0.468920,0.131193,-0.022100,-0.010906,0.344534,-0.396366,-0.024725,-0.261212,-0.004342,-0.121620,0.221534,0.053658,0.186953,-0.287374,0.025617,0.140826,-0.193202,0.158251,-0.138348,0.956823,-0.054565,-0.236959,-0.154095,0.047628,-0.238406,0.032437,1.184592,0.266425,-0.068222,-0.025479
4.784600,4.506428,0.789487,-0.001156,-0.004969,-0.885227,0.465132,0.145399,-0.031294,0.016285,0.277868,-0.410099,0.004459,-0.285651,-0.012725,-0.114253,0.220465,0.038868,0.206737,-0.288040,-0.001572,0.161385,-0.205660,0.179253,-0.135418,0.950164,-0.054911,-0.240500,-0.147827,0.036549,-0.226801,0.044384,1.174644,0.257729,-0.071500,-0.026314
4.799814,4.526030,0.788971,-0.005318,-0.011388,-0.888370,0.458956,0.153527,-0.040462,0.040386,0.235164,-0.415743,0.016871,-0.297617,-0.020820,-0.118994,0.210735,0.000468,0.219046,-0.286260,-0.034513,0.183378,-0.203974,0.207329,-0.130281,0.945281,-0.047962,-0.243160,-0.130650,0.027479,-0.209843,0.062994,1.158221,0.233784,-0.071902,-0.032112
4.814403,4.545070,0.789803,-0.006250,-0.015976,-0.893015,0.449700,0.143206,-0.050810,0.059534,0.207691,-0.402893,0.016888,-0.309416,-0.032523,-0.143652,0.200165,-0.036124,0.223879,-0.277356,-0.065664,0.201148,-0.198977,0.236286,-0.125417,0.948577,-0.037235,-0.238330,-0.106567,0.016731,-0.190195,0.076645,1.138781,0.224320,-0.066165,-0.031928
4.828587,4.563025,0.792231,-0.004444,-0.019655,-0.898450,0.438614,0.120699,-0.058420,0.082088,0.180943,-0.363018,0.009193,-0.321084,-0.051568,-0.188122,0.215844,-0.055520,0.230472,-0.261715,-0.095246,0.213824,-0.194876,0.266869,-0.126443,0.970183,-0.041614,-0.233514,-0.090471,0.001719,-0.168507,0.084234,1.126828,0.227133,-0.064710,-0.035173
4.843028,4.578624,0.794731,-0.000990,-0.017617,-0.904717,0.425647,0.087259,-0.058066,0.100655,0.160292,-0.334102,0.015500,-0.342430,-0.052778,-0.192905,0.286935,-0.071813,0.227735,-0.241641,-0.104566,0.218062,-0.192715,0.288293,-0.129422,1.011396,-0.048703,-0.218601,-0.096784,-0.010615,-0.158401,0.100425,1.118166,0.248079,-0.063897,-0.031256
4.855785,4.592276,0.797731,0.000829,-0.014498,-0.908900,0.416761,0.057441,-0.051181,0.126827,0.156064,-0.307367,0.022419,-0.354175,-0.028475,-0.122933,0.394354,-0.097740,0.231376,-0.233243,-0.104248,0.219019,-0.179746,0.302145,-0.126683,1.056845,-0.044371,-0.200935,-0.097599,-0.017663,-0.155256,0.113286,1.104982,0.269612,-0.061588,-0.019063
4.867395,4.603625,0.799862,0.000227,-0.008588,-0.909528,0.415553,0.035514,-0.032937,0.172274,0.143617,-0.306753,0.016817,-0.343081,0.005801,-0.046714,0.516399,-0.130911,0.246648,-0.242129,-0.093747,0.220443,-0.162083,0.307317,-0.121235,1.103880,-0.035254,-0.185583,-0.102645,-0.023733,-0.162638,0.127857,1.088432,0.264210,-0.055077,-0.005469
4.878574,4.612363,0.801846,-0.002311,-0.000613,-0.906327,0.422571,0.026726,-0.000388,0.285689,0.122923,-0.344747,-0.010209,-0.300033,0.016921,-0.028972,0.627411,-0.160555,0.251086,-0.263417,-0.073390,0.220189,-0.140995,0.301602,-0.119438,1.149842,-0.016253,-0.175168,-0.097362,-0.024716,-0.179975,0.130241,1.072831,0.262779,-0.059486,0.002751
4.887882,4.624295,0.802506,-0.000593,0.003602,-0.909992,0.414610,-0.001009,0.005733,0.258860,0.119020,-0.323720,-0.012664,-0.255803,0.023199,-0.008880,0.720674,-0.172822,0.243216,-0.254051,-0.065515,0.205709,-0.098726,0.302001,-0.117243,1.173614,-0.000282,-0.159746,-0.092000,-0.021225,-0.183793,0.129393,1.064200,0.256167,-0.055778,0.023340
4.897169,4.636435,0.802594,0.002488,0.005561,-0.915518,0.402230,-0.033930,0.005627,0.214075,0.121006,-0.275602,-0.009215,-0.200063,0.022890,0.018663,0.778181,-0.171771,0.240391,-0.229437,-0.063549,0.188085,-0.051280,0.301395,-0.111881,1.184091,0.005618,-0.152579,-0.096421,-0.016068,-0.181225,0.124771,1.066268,0.242166,-0.046113,0.027923
4.905020,4.649518,0.803124,0.001208,0.003892,-0.923974,0.382435,-0.040123,0.005029,0.165613,0.093809,-0.173457,-0.005934,-0.121746,0.026123,0.063624,0.794608,-0.137295,0.243325,-0.181731,-0.069215,0.178683,-0.005822,0.301589,-0.102178,1.192860,0.008073,-0.155837,-0.101803,-0.005318,-0.173489,0.116100,1.075190,0.248162,-0.050629,0.021302
4.912579,4.661851,0.801581,0.006263,0.005377,-0.929955,0.367582,-0.045476,0.014357,0.191498,0.044960,-0.144047,-0.011441,-0.054992,0.015242,0.087155,0.787526,-0.104606,0.259514,-0.134545,-0.070376,0.161494,0.033536,0.303600,-0.094498,1.179667,0.010607,-0.150315,-0.098639,-0.006317,-0.168378,0.101827,1.094496,0.255277,-0.063144,-0.001234
4.920472,4.674987,0.799298,0.015941,0.005732,-0.934649,0.355168,-0.080075,0.023309,0.239308,0.040638,-0.135591,-0.008413,0.004537,-0.000551,0.117650,0.751426,-0.069605,0.260293,-0.086975,-0.080127,0.139736,0.084345,0.310807,-0.051189,1.113163,0.022502,-0.123515,-0.145190,-0.017168,-0.162227,0.077263,1.123162,0.235919,-0.076988,0.017787
4.931626,4.688084,0.796539,0.030961,0.003362,-0.937289,0.347159,-0.148365,0.012374,0.229532,0.069013,-0.119101,0.019509,0.044069,-0.022709,0.170559,0.703854,-0.002336,0.257354,-0.052637,-0.090349,0.109459,0.122889,0.300847,-0.019790,1.078032,0.047390,-0.125484,-0.088069,-0.027471,-0.164251,0.071738,1.148649,0.220492,-0.074047,0.020630
4.941776,4.703781,0.794464,0.039550,0.002991,-0.941500,0.334670,-0.194935,0.022479,0.246848,0.078493,-0.103174,0.018503,0.084441,-0.071136,0.146955,0.615074,0.074314,0.255916,-0.011140,-0.095936,0.086446,0.164265,0.301780,-0.041270,1.049396,0.091160,-0.162789,0.051027,-0.031894,-0.163625,0.068179,1.167260,0.215759,-0.080305,0.017642
4.953338,4.719490,0.791705,0.047589,0.001186,-0.946678,0.318644,-0.243375,0.033444,0.265823,0.104279,-0.118705,0.011321,0.098031,-0.149287,0.070040,0.529495,0.094485,0.239403,0.027502,-0.103874,0.060014,0.197423,0.291968,-0.037999,1.048177,0.082024,-0.166668,0.043902,-0.029182,-0.163137,0.071236,1.172825,0.219208,-0.081056,0.022633
4.963617,4.737307,0.788006,0.058206,0.001935,-0.951385,0.302449,-0.307114,0.061603,0.302494,0.148929,-0.136820,-0.002696,0.088157,-0.196429,0.014658,0.431102,0.115362,0.229796,0.050097,-0.113353,0.030026,0.243877,0.281420,-0.026193,1.044542,0.073267,-0.181447,0.059288,-0.031772,-0.157435,0.083799,1.168509,0.206658,-0.088571,0.026789
