0.000000,0.000000,0.788271,-0.013294,-0.029611,-0.949660,0.311597,0.096839,-0.055372,0.071834,0.016968,-0.164840,0.024000,0.075490,-0.055255,-0.049062,0.083864,-0.051766,0.140667,-0.076155,-0.007017,0.033069,0.073644,0.214920,-0.277873,1.106793,0.048101,-0.048536,-0.112796,0.053968,-0.187399,0.121313,1.118034,0.302227,-0.045843,0.018750
0.000517,0.000419,0.788565,-0.014323,-0.028457,-0.949742,0.311409,0.095319,-0.052361,0.069528,0.021287,-0.169884,0.036902,0.068933,-0.052467,-0.050173,0.098870,-0.059509,0.139676,-0.076657,-0.003970,0.050432,0.003697,0.212523,-0.262981,1.170290,0.037290,-0.047904,-0.136293,-0.016348,-0.195176,0.107783,1.185507,0.314157,-0.044218,0.043936
0.015582,-0.026544,0.786631,-0.007965,-0.016530,-0.932679,0.360239,0.059308,-0.098137,-0.035066,0.039534,-0.199909,0.125515,0.096216,-0.090614,-0.138467,0.056606,-0.041573,0.183262,-0.163854,0.057149,0.046502,-0.012351,0.143417,-0.286676,1.185067,0.004095,-0.030915,-0.134444,-0.010132,-0.257269,0.088623,1.162850,0.301967,-0.050019,0.049623
0.015861,-0.023143,0.786565,-0.002303,-0.014152,-0.927232,0.374214,0.020928,-0.100201,-0.062582,0.074987,-0.204818,0.122506,0.091865,-0.089418,-0.169007,0.043564,-0.037990,0.177973,-0.193808,0.058581,0.035386,-0.018520,0.149733,-0.296116,1.185937,0.024500,-0.042705,-0.138388,-0.013715,-0.257949,0.092160,1.162654,0.300121,-0.050891,0.052202
0.017363,-0.023019,0.786775,0.006842,-0.012710,-0.926705,0.375512,-0.006363,-0.107364,-0.062031,0.083623,-0.201083,0.125761,0.067706,-0.096261,-0.169092,0.047805,-0.036161,0.177767,-0.197188,0.058859,0.015747,-0.014872,0.142980,-0.294822,1.188805,0.008601,-0.037102,-0.140827,-0.014773,-0.258989,0.091370,1.167895,0.306777,-0.048908,0.052194
0.018101,-0.022994,0.786631,0.011236,-0.012305,-0.926718,0.375387,-0.019042,-0.111200,-0.060879,0.087972,-0.200681,0.128320,0.055303,-0.100426,-0.167903,0.051162,-0.035998,0.178801,-0.196862,0.056389,0.005081,-0.016331,0.139872,-0.289027,1.193928,0.007242,-0.035477,-0.133146,-0.014036,-0.256938,0.095284,1.168547,0.304273,-0.049066,0.052811
0.017510,-0.023104,0.786666,0.009690,-0.012080,-0.926672,0.375553,-0.014625,-0.109154,-0.063267,0.086590,-0.200764,0.126482,0.059567,-0.098034,-0.169183,0.051296,-0.038757,0.177775,-0.197550,0.057056,0.008540,-0.014943,0.140243,-0.290933,1.193586,0.004483,-0.037652,-0.132408,-0.014039,-0.256401,0.094533,1.169159,0.303760,-0.046811,0.051981
0.017479,-0.023794,0.786553,0.008262,-0.012574,-0.926911,0.374981,-0.008827,-0.109123,-0.060954,0.083833,-0.201713,0.125353,0.063676,-0.098518,-0.167992,0.050543,-0.038220,0.179241,-0.196954,0.056938,0.012074,-0.016096,0.139750,-0.289885,1.195953,0.005161,-0.041017,-0.133947,-0.013993,-0.257899,0.093160,1.169503,0.306872,-0.050190,0.052415
0.017619,-0.030885,0.785678,-0.000828,-0.016552,-0.929070,0.369534,0.035594,-0.115719,-0.050469,0.056968,-0.197093,0.117683,0.093354,-0.105857,-0.157029,0.046188,-0.042187,0.193900,-0.185373,0.056422,0.032328,-0.025233,0.136313,-0.283135,1.207841,0.020390,-0.052112,-0.130118,-0.012910,-0.265711,0.092240,1.168203,0.299931,-0.054420,0.052891
0.017906,-0.031110,0.785744,-0.002858,-0.017046,-0.929119,0.369377,0.041550,-0.115484,-0.051218,0.054620,-0.196348,0.115398,0.100857,-0.105320,-0.157309,0.040081,-0.037885,0.197501,-0.186128,0.057243,0.038093,-0.024662,0.134554,-0.288448,1.203598,0.025752,-0.057558,-0.133919,-0.013846,-0.267691,0.091938,1.168182,0.301337,-0.057081,0.053626
0.016853,-0.031710,0.786088,-0.006000,-0.019209,-0.931164,0.364045,0.056701,-0.115083,-0.042449,0.046670,-0.191367,0.107977,0.109277,-0.105801,-0.147568,0.038342,-0.036522,0.199268,-0.176502,0.053430,0.046378,-0.021646,0.131677,-0.287037,1.201908,0.003650,-0.052399,-0.130577,-0.016954,-0.266549,0.094413,1.170205,0.307594,-0.053116,0.052781
0.017144,-0.031692,0.786183,-0.005965,-0.019413,-0.930851,0.364834,0.054553,-0.116114,-0.043545,0.050367,-0.192321,0.110038,0.106234,-0.107186,-0.147975,0.045192,-0.039849,0.199583,-0.178601,0.052897,0.047794,-0.022360,0.131451,-0.288191,1.202890,0.008682,-0.050092,-0.131990,-0.017466,-0.266386,0.093213,1.169870,0.307831,-0.053974,0.053769
0.017749,-0.023040,0.786712,0.005349,-0.012196,-0.926726,0.375503,-0.004154,-0.105475,-0.061408,0.083395,-0.197645,0.116523,0.068177,-0.095128,-0.168755,0.052380,-0.038023,0.188286,-0.198763,0.058115,0.020957,-0.016641,0.141389,-0.291737,1.195575,0.010147,-0.049109,-0.134324,-0.014958,-0.257949,0.093144,1.170139,0.305914,-0.054132,0.053530
0.017609,-0.022539,0.786895,0.008726,-0.011495,-0.926186,0.376791,-0.017181,-0.106955,-0.064692,0.093799,-0.204704,0.124799,0.057205,-0.096844,-0.170805,0.059998,-0.040960,0.188728,-0.201278,0.057369,0.014726,-0.017110,0.145942,-0.291769,1.192579,0.023954,-0.049123,-0.137621,-0.014233,-0.256359,0.093877,1.168767,0.298715,-0.052247,0.054882
0.017411,-0.022489,0.786989,0.009260,-0.011296,-0.926142,0.376893,-0.018093,-0.106808,-0.065096,0.092751,-0.202111,0.124786,0.053946,-0.096665,-0.170130,0.063813,-0.041935,0.187144,-0.200894,0.057444,0.013774,-0.026672,0.139799,-0.269778,1.202644,0.009412,-0.032136,-0.129663,-0.011898,-0.255950,0.088043,1.170323,0.306162,-0.051530,0.056645
0.017200,-0.022469,0.786924,0.008960,-0.011419,-0.925757,0.377840,-0.017607,-0.107031,-0.066833,0.093486,-0.203280,0.124775,0.054621,-0.096670,-0.171573,0.065492,-0.043507,0.186359,-0.204233,0.057691,0.017153,-0.019318,0.144703,-0.289598,1.195388,0.023791,-0.047514,-0.138371,-0.014998,-0.256088,0.090686,1.171472,0.305918,-0.053967,0.055484
0.016859,-0.022557,0.786801,0.009077,-0.010932,-0.925529,0.378410,-0.017169,-0.105758,-0.066239,0.091695,-0.200490,0.118485,0.056224,-0.095535,-0.173375,0.062722,-0.043082,0.186090,-0.204793,0.058112,0.017086,-0.017808,0.145951,-0.291418,1.193462,0.022626,-0.050275,-0.135123,-0.014360,-0.254180,0.094989,1.169857,0.301572,-0.052096,0.053869
0.016739,-0.022600,0.786890,0.009820,-0.011700,-0.925327,0.378863,-0.018379,-0.108456,-0.068423,0.092506,-0.202093,0.125226,0.055328,-0.098214,-0.174517,0.063748,-0.043424,0.187155,-0.203381,0.056063,0.015870,-0.018801,0.145482,-0.289870,1.194224,0.019664,-0.046510,-0.134887,-0.011713,-0.254029,0.088480,1.173072,0.311373,-0.054317,0.055651
0.016329,-0.022341,0.786850,0.010095,-0.011426,-0.925362,0.378778,-0.019212,-0.107393,-0.068971,0.093060,-0.202232,0.123459,0.055296,-0.097093,-0.174930,0.062676,-0.044124,0.186630,-0.202857,0.057466,0.018034,-0.020298,0.144047,-0.281595,1.194614,0.015729,-0.044088,-0.131098,-0.011866,-0.254089,0.091545,1.169308,0.304609,-0.051851,0.054770
0.010957,-0.017002,0.787609,0.007803,-0.010107,-0.934019,0.356994,0.000862,-0.080869,-0.035708,0.072012,-0.203317,0.119304,0.049754,-0.072542,-0.132874,0.059474,-0.037062,0.166310,-0.156725,0.054605,0.028374,-0.027917,0.155892,-0.280709,1.191525,0.001626,-0.037080,-0.144701,-0.021456,-0.245617,0.107131,1.171217,0.317807,-0.035917,0.054102
0.010343,-0.016668,0.787639,0.008483,-0.009550,-0.934829,0.354868,0.002781,-0.078375,-0.032801,0.066062,-0.201472,0.117595,0.048313,-0.069537,-0.128049,0.056603,-0.035891,0.164653,-0.150288,0.057186,0.028563,-0.024999,0.149154,-0.277277,1.192718,-0.023654,-0.026146,-0.144716,-0.020420,-0.247895,0.104261,1.171663,0.331638,-0.037057,0.059127
0.010017,-0.016502,0.787838,0.009963,-0.008612,-0.934978,0.354461,0.000946,-0.076974,-0.032641,0.062495,-0.199555,0.119068,0.040550,-0.068166,-0.127742,0.064879,-0.041853,0.160933,-0.148803,0.058625,0.027204,-0.024623,0.150991,-0.278038,1.190869,-0.030858,-0.030583,-0.141140,-0.024446,-0.248189,0.108262,1.174508,0.325850,-0.033787,0.051459
0.009826,-0.016239,0.788154,0.013405,-0.007909,-0.934985,0.354345,-0.007661,-0.077721,-0.031869,0.063520,-0.197317,0.118703,0.028936,-0.069373,-0.127506,0.072721,-0.046848,0.160870,-0.149676,0.059750,0.020610,-0.022260,0.151461,-0.272076,1.191085,-0.030868,-0.028989,-0.140437,-0.022926,-0.247371,0.104346,1.173930,0.331545,-0.037181,0.050618
0.009650,-0.016088,0.788107,0.017277,-0.006486,-0.934923,0.354370,-0.018185,-0.077916,-0.029779,0.065879,-0.195973,0.114513,0.016973,-0.069939,-0.128061,0.079720,-0.054047,0.162383,-0.149191,0.061892,0.017398,-0.021314,0.154062,-0.274434,1.187530,-0.022061,-0.027938,-0.139694,-0.024855,-0.247781,0.102819,1.171642,0.325407,-0.032660,0.044572
0.009138,-0.015632,0.788224,0.020758,-0.007103,-0.934879,0.354288,-0.026340,-0.081773,-0.030030,0.068769,-0.197177,0.122971,0.006413,-0.073622,-0.127783,0.089495,-0.067036,0.164516,-0.150444,0.059210,0.017193,-0.028441,0.156790,-0.272424,1.195165,-0.023619,-0.034381,-0.137220,-0.026464,-0.246193,0.102292,1.169669,0.335168,-0.038344,0.053094
0.008026,-0.015045,0.788152,0.022433,-0.006478,-0.934804,0.354395,-0.029142,-0.080028,-0.029705,0.066950,-0.193038,0.114571,0.001912,-0.071566,-0.126230,0.092895,-0.077351,0.163721,-0.154527,0.061724,0.023108,-0.029877,0.157437,-0.278134,1.194805,-0.027385,-0.036734,-0.135498,-0.030302,-0.247464,0.104843,1.165778,0.338604,-0.041432,0.056164
0.006894,-0.014784,0.788337,0.023665,-0.007355,-0.934014,0.356375,-0.034272,-0.082322,-0.032596,0.074757,-0.197327,0.120094,-0.002315,-0.074988,-0.131407,0.103856,-0.090510,0.162671,-0.158371,0.060853,0.029614,-0.038537,0.161567,-0.274033,1.195342,-0.023362,-0.039741,-0.133253,-0.030801,-0.248872,0.100351,1.164389,0.347959,-0.046116,0.058834
0.006696,-0.015945,0.787995,0.027794,-0.007138,-0.931555,0.362465,-0.049712,-0.089663,-0.041881,0.086979,-0.197170,0.116700,-0.008093,-0.082882,-0.146055,0.106722,-0.096681,0.168666,-0.173330,0.064731,0.028728,-0.041764,0.158789,-0.269448,1.196590,-0.020225,-0.036635,-0.123434,-0.029999,-0.253366,0.101035,1.157414,0.333703,-0.044886,0.055235
0.007152,-0.018559,0.787445,0.031922,-0.008109,-0.926420,0.375048,-0.069542,-0.105258,-0.059864,0.109200,-0.205840,0.122813,-0.005846,-0.098190,-0.173930,0.103495,-0.102091,0.182590,-0.201557,0.068483,0.027076,-0.039999,0.153886,-0.274343,1.194849,-0.006611,-0.038601,-0.113065,-0.022293,-0.259276,0.100481,1.143953,0.317270,-0.042881,0.050410
0.004930,-0.018995,0.787457,0.034309,-0.008050,-0.925668,0.376693,-0.076014,-0.106215,-0.063732,0.117548,-0.211225,0.120634,-0.004388,-0.098020,-0.174959,0.098632,-0.100296,0.185406,-0.208393,0.072341,0.027483,-0.045431,0.149626,-0.267223,1.196496,-0.015171,-0.030183,-0.106729,-0.018671,-0.261720,0.104854,1.134779,0.314102,-0.038049,0.055282
0.000614,-0.019004,0.787518,0.034247,-0.009142,-0.926475,0.374684,-0.069621,-0.102834,-0.059921,0.117508,-0.214834,0.115707,0.002827,-0.094873,-0.172064,0.093840,-0.101249,0.184858,-0.208038,0.073716,0.032219,-0.040308,0.148415,-0.271474,1.190830,-0.032166,-0.029456,-0.107049,-0.017123,-0.263649,0.108458,1.134930,0.321098,-0.037863,0.054484
-0.002698,-0.019789,0.786990,0.034040,-0.010759,-0.926120,0.375536,-0.066493,-0.104217,-0.061992,0.124184,-0.224025,0.118924,0.006588,-0.097402,-0.175426,0.101522,-0.110314,0.186718,-0.209402,0.073230,0.037939,-0.048962,0.153075,-0.270986,1.189959,-0.017144,-0.031927,-0.103652,-0.017568,-0.265960,0.099943,1.133298,0.312123,-0.042911,0.054348
-0.007465,-0.020602,0.787125,0.032243,-0.012857,-0.926644,0.374334,-0.054009,-0.102330,-0.059706,0.123037,-0.227098,0.115830,0.020228,-0.095526,-0.171816,0.097066,-0.112977,0.188029,-0.211147,0.074495,0.046651,-0.039148,0.155915,-0.274333,1.173807,-0.025508,-0.034311,-0.106342,-0.012111,-0.269691,0.103770,1.130192,0.309720,-0.045644,0.053484
-0.025998,0.003488,0.787701,0.017222,-0.026239,-0.948345,0.315686,0.013732,-0.043393,0.059886,0.104830,-0.220542,0.041150,0.005923,-0.048438,-0.063363,0.159271,-0.140011,0.139265,-0.103978,0.016707,0.085678,-0.017177,0.217220,-0.250930,1.146754,-0.036962,-0.046514,-0.102178,-0.023595,-0.217144,0.116308,1.155600,0.336576,-0.050450,0.043119
-0.032911,0.003925,0.787013,0.013020,-0.029128,-0.950925,0.307772,0.013787,-0.034726,0.078529,0.149639,-0.246443,0.037082,0.023351,-0.043740,-0.051284,0.157492,-0.147035,0.136692,-0.085534,0.012934,0.104810,-0.008403,0.229806,-0.247186,1.127733,-0.071325,-0.065992,-0.090712,-0.017611,-0.215627,0.137888,1.141298,0.320918,-0.044564,0.025040
-0.037961,0.003741,0.785841,0.011670,-0.028536,-0.950932,0.307862,-0.027933,-0.024990,0.077864,0.251298,-0.283842,0.040671,0.032437,-0.036181,-0.046141,0.157794,-0.152834,0.133140,-0.076577,0.018610,0.118165,-0.008072,0.237275,-0.247525,1.109223,-0.085292,-0.075578,-0.090376,-0.011251,-0.219856,0.134634,1.135940,0.330070,-0.047903,0.026871
-0.043389,0.002638,0.784804,0.008385,-0.028367,-0.950718,0.308643,-0.078193,-0.013538,0.081808,0.381484,-0.314596,0.034652,0.049538,-0.030410,-0.048608,0.153263,-0.152268,0.127668,-0.064785,0.025744,0.133266,-0.005722,0.245759,-0.252397,1.087721,-0.083281,-0.076896,-0.089806,-0.005069,-0.225100,0.135538,1.137179,0.322106,-0.045338,0.017818
-0.048938,0.001391,0.783703,0.005718,-0.027150,-0.950167,0.310506,-0.143952,0.004457,0.095370,0.535790,-0.331890,0.029132,0.064852,-0.022890,-0.053413,0.150575,-0.159297,0.118175,-0.049940,0.033069,0.147840,-0.008605,0.251756,-0.258721,1.071532,-0.094298,-0.084998,-0.117651,-0.003297,-0.227590,0.130517,1.143436,0.331283,-0.036064,0.023512
-0.056151,-0.000023,0.783288,0.003298,-0.027544,-0.950486,0.309528,-0.199822,0.025789,0.117694,0.670291,-0.317380,0.013492,0.086434,-0.016051,-0.049913,0.137315,-0.157600,0.107244,-0.026201,0.037472,0.158833,-0.011192,0.256852,-0.260491,1.066173,-0.094788,-0.090798,-0.120467,0.002404,-0.231198,0.135315,1.157897,0.330214,-0.035871,0.018289
-0.063737,-0.003153,0.783828,0.001557,-0.033986,-0.951618,0.305395,-0.241729,0.032859,0.152007,0.769241,-0.332170,0.031128,0.113084,-0.024707,-0.039004,0.121687,-0.153228,0.107016,0.008966,0.028610,0.176099,-0.011035,0.261780,-0.262843,1.055348,-0.092548,-0.094881,-0.119876,0.004749,-0.233978,0.136583,1.174202,0.326766,-0.035847,0.018610
-0.068868,-0.006765,0.782269,0.008443,-0.036038,-0.952582,0.302022,-0.312433,0.021363,0.165873,0.832037,-0.346681,0.032147,0.109065,-0.033208,-0.029516,0.119582,-0.165534,0.108921,0.042546,0.022112,0.166593,0.002534,0.264888,-0.262045,1.041887,-0.087269,-0.102727,-0.121834,0.014495,-0.238752,0.139758,1.184074,0.324608,-0.045861,0.025112
-0.076563,-0.011772,0.781482,0.012611,-0.036012,-0.953650,0.298490,-0.360989,0.011707,0.179419,0.827650,-0.339633,0.010983,0.118054,-0.034134,-0.021688,0.107931,-0.166719,0.110673,0.068284,0.016840,0.160468,0.020768,0.272022,-0.264324,1.032167,-0.085833,-0.105749,-0.127534,0.014213,-0.235136,0.138748,1.205165,0.319395,-0.047808,0.028103
-0.085053,-0.016149,0.780385,0.016402,-0.034615,-0.955044,0.293979,-0.393394,0.011657,0.200743,0.764463,-0.316409,-0.003081,0.121783,-0.031094,-0.013839,0.107854,-0.178050,0.106404,0.092782,0.014526,0.155186,0.036036,0.273698,-0.261783,1.039483,-0.076498,-0.103971,-0.122120,0.009036,-0.230515,0.135159,1.224148,0.317967,-0.047608,0.022646
-0.093986,-0.022710,0.777959,0.019584,-0.032963,-0.954816,0.294715,-0.418188,0.010766,0.225455,0.673878,-0.283622,-0.018329,0.121547,-0.030845,-0.019046,0.129937,-0.206509,0.099525,0.107488,0.015036,0.158053,0.042033,0.266453,-0.243893,1.066124,-0.088663,-0.097040,-0.103548,0.003036,-0.230445,0.124457,1.226809,0.332063,-0.052564,0.020851
-0.104017,-0.029557,0.776187,0.019742,-0.031943,-0.956110,0.290592,-0.422395,0.017323,0.256094,0.556753,-0.231302,-0.018993,0.134912,-0.027417,-0.010575,0.135314,-0.218495,0.094359,0.121377,0.019223,0.160612,0.047979,0.253606,-0.230677,1.101435,-0.089212,-0.073287,-0.106698,-0.007532,-0.231895,0.139706,1.222804,0.312922,-0.041297,0.009998
-0.113312,-0.037488,0.773335,0.019892,-0.027697,-0.955135,0.294200,-0.425131,0.016850,0.271111,0.424136,-0.161754,-0.024268,0.152729,-0.020382,-0.020559,0.133758,-0.232373,0.095142,0.116822,0.029389,0.161246,0.053397,0.242238,-0.223069,1.129160,-0.087437,-0.074255,-0.103811,-0.020475,-0.236516,0.146744,1.217185,0.306920,-0.047589,0.010296
-0.124974,-0.044916,0.770263,0.020134,-0.026500,-0.956097,0.291153,-0.420738,0.014440,0.272945,0.296061,-0.111815,-0.031936,0.168525,-0.016629,-0.016210,0.141262,-0.248525,0.091191,0.124298,0.030058,0.164794,0.074757,0.240614,-0.245193,1.145183,-0.109642,-0.114102,-0.114662,-0.039423,-0.238588,0.165087,1.214868,0.324186,-0.059919,0.007301
-0.136719,-0.054248,0.767000,0.024613,-0.025304,-0.956653,0.289082,-0.419204,0.004238,0.261287,0.171544,-0.091689,-0.025769,0.168895,-0.015272,0.002815,0.161112,-0.262603,0.088415,0.125748,0.023625,0.160967,0.087006,0.233875,-0.248968,1.172123,-0.117142,-0.094031,-0.126669,-0.057606,-0.239411,0.171709,1.203808,0.328207,-0.060402,0.011202
-0.149989,-0.064322,0.764256,0.027292,-0.024748,-0.957724,0.285320,-0.418803,-0.001202,0.236688,0.087562,-0.079878,-0.031064,0.183967,-0.015306,0.020253,0.167437,-0.267862,0.099201,0.123588,0.014500,0.155136,0.109441,0.229712,-0.244382,1.191613,-0.117134,-0.082515,-0.132057,-0.071309,-0.234089,0.174152,1.192759,0.327889,-0.064445,0.010112
-0.163940,-0.076253,0.761754,0.030241,-0.023144,-0.959033,0.280724,-0.426824,0.000131,0.209262,0.058875,-0.075135,-0.028082,0.201105,-0.017206,0.034465,0.174559,-0.277881,0.118288,0.126733,0.006999,0.152298,0.127860,0.223948,-0.240001,1.206875,-0.117323,-0.081310,-0.135972,-0.082992,-0.231162,0.173105,1.175673,0.325897,-0.067805,0.009962
-0.179676,-0.090434,0.760848,0.029824,-0.027094,-0.961699,0.271130,-0.420396,0.001485,0.202467,0.078684,-0.075794,-0.034615,0.228803,-0.032479,0.057677,0.183263,-0.268168,0.138259,0.139013,-0.010619,0.158982,0.141815,0.222434,-0.236176,1.221008,-0.121402,-0.072365,-0.132597,-0.093416,-0.224741,0.172635,1.160093,0.329794,-0.067562,0.008962
-0.196048,-0.106333,0.760204,0.034532,-0.029417,-0.962343,0.268027,-0.425893,-0.004478,0.199726,0.130339,-0.082298,-0.018821,0.245633,-0.047037,0.072140,0.193991,-0.253128,0.156675,0.140031,-0.031037,0.150952,0.164329,0.225664,-0.238068,1.218835,-0.125421,-0.076566,-0.137187,-0.085897,-0.218725,0.177144,1.132372,0.333356,-0.073825,0.008775
-0.213455,-0.122434,0.760879,0.037440,-0.029061,-0.962734,0.266264,-0.424697,-0.000912,0.222324,0.181637,-0.062906,-0.008286,0.256635,-0.054091,0.083471,0.221516,-0.225154,0.172674,0.144250,-0.043772,0.142149,0.172448,0.230932,-0.233969,1.219983,-0.122229,-0.076590,-0.144249,-0.076551,-0.216769,0.183375,1.104471,0.337634,-0.075718,0.014123
-0.231261,-0.139281,0.762248,0.043830,-0.030514,-0.962549,0.265796,-0.423804,-0.007866,0.235139,0.214219,-0.058575,0.013963,0.244202,-0.064127,0.098927,0.284029,-0.193339,0.199576,0.147868,-0.068049,0.136990,0.154597,0.244651,-0.228288,1.231753,-0.119587,-0.064671,-0.146742,-0.081293,-0.212289,0.184789,1.083782,0.336129,-0.067412,0.018576
-0.249989,-0.156398,0.764924,0.047923,-0.036684,-0.960814,0.270543,-0.408206,-0.037276,0.225860,0.237359,-0.067305,0.051012,0.229434,-0.077259,0.109176,0.365374,-0.135105,0.241986,0.136760,-0.098697,0.130326,0.149399,0.260086,-0.233766,1.232179,-0.128037,-0.050152,-0.136880,-0.071208,-0.203830,0.188153,1.062438,0.341935,-0.068615,0.017956
-0.268633,-0.172297,0.768935,0.045380,-0.035120,-0.957650,0.282161,-0.371694,-0.055598,0.195200,0.235017,-0.081445,0.073133,0.204575,-0.061367,0.094142,0.474829,-0.044061,0.260544,0.107988,-0.109901,0.128159,0.135285,0.275026,-0.238940,1.231252,-0.133589,-0.055210,-0.150815,-0.069219,-0.196622,0.190740,1.051581,0.343703,-0.068126,0.019100
-0.286075,-0.189973,0.773013,0.040615,-0.032273,-0.953749,0.296093,-0.344118,-0.068400,0.168046,0.263910,-0.111668,0.076759,0.155969,-0.039161,0.092989,0.612940,0.033043,0.261800,0.070059,-0.108722,0.129905,0.109319,0.284977,-0.253505,1.229624,-0.135562,-0.065196,-0.126296,-0.071835,-0.197112,0.189065,1.041025,0.350443,-0.067239,0.017202
-0.303010,-0.206901,0.776843,0.033767,-0.031552,-0.950816,0.306289,-0.291913,-0.081003,0.146644,0.256608,-0.144558,0.087088,0.086936,-0.019365,0.109748,0.763186,-0.000760,0.259832,0.034122,-0.109161,0.135415,0.089536,0.295652,-0.268198,1.214734,-0.120142,-0.052907,-0.117434,-0.067409,-0.193574,0.186965,1.027098,0.354177,-0.065509,0.017916
-0.318777,-0.220926,0.780891,0.024959,-0.030809,-0.948906,0.313057,-0.216971,-0.089225,0.120647,0.204404,-0.151913,0.089684,0.006468,0.007019,0.117881,0.894709,-0.048975,0.261180,0.002427,-0.108586,0.154429,0.039577,0.308395,-0.275035,1.215277,-0.111381,-0.045000,-0.116440,-0.085869,-0.191859,0.182344,1.023582,0.363398,-0.059469,0.014880
-0.335185,-0.235437,0.784841,0.014831,-0.027438,-0.945785,0.323293,-0.146602,-0.089014,0.090760,0.164990,-0.164927,0.090441,-0.066158,0.038480,0.117009,0.973585,-0.075565,0.261014,-0.036629,-0.100595,0.167215,-0.007903,0.320718,-0.290604,1.220111,-0.111077,-0.040751,-0.128808,-0.094333,-0.191369,0.181867,1.022615,0.362951,-0.057500,0.018256
-0.350808,-0.250230,0.787959,0.006473,-0.024771,-0.942337,0.333685,-0.077984,-0.088223,0.066899,0.122960,-0.181121,0.080233,-0.142418,0.055662,0.109556,1.013051,-0.099889,0.255100,-0.070451,-0.093202,0.174617,-0.053294,0.337854,-0.315179,1.213960,-0.079303,-0.045340,-0.125242,-0.090187,-0.194349,0.179539,1.019494,0.361434,-0.057591,0.023020
-0.366565,-0.265283,0.789911,0.001438,-0.022968,-0.937659,0.346795,-0.021063,-0.090223,0.037894,0.089212,-0.193973,0.067932,-0.217775,0.042048,0.073785,1.009938,-0.116157,0.242915,-0.105052,-0.085109,0.172111,-0.099426,0.341875,-0.297592,1.195107,-0.131015,-0.039730,-0.123963,-0.074750,-0.201406,0.179199,1.017778,0.365904,-0.053090,0.026311
-0.383795,-0.280860,0.790514,-0.004328,-0.021666,-0.934575,0.355080,0.037407,-0.087764,0.013718,0.064084,-0.213824,0.059302,-0.277265,0.033460,0.055810,0.960489,-0.131995,0.224024,-0.128924,-0.077916,0.170305,-0.132353,0.348919,-0.311316,1.182910,-0.112614,-0.042283,-0.129878,-0.050219,-0.208389,0.179481,1.021236,0.366640,-0.055335,0.038168
-0.400761,-0.295994,0.790156,-0.010032,-0.020112,-0.931124,0.364011,0.099965,-0.081935,-0.004510,0.024993,-0.221568,0.055043,-0.322818,0.012505,0.019956,0.870035,-0.132421,0.202231,-0.151637,-0.066260,0.181308,-0.171356,0.357486,-0.331874,1.136985,-0.108128,-0.071753,-0.133940,-0.044954,-0.220079,0.185746,1.033245,0.353440,-0.051942,0.034638
-0.418770,-0.311110,0.788309,-0.014458,-0.022261,-0.929126,0.368809,0.153639,-0.081471,-0.010735,0.009534,-0.237147,0.053260,-0.353703,-0.013778,-0.014762,0.746529,-0.120909,0.186906,-0.163480,-0.063145,0.185117,-0.199625,0.364654,-0.343191,1.098746,-0.105981,-0.090687,-0.130305,-0.027583,-0.226281,0.186394,1.050678,0.346793,-0.050005,0.031584
-0.436234,-0.326192,0.785697,-0.016355,-0.026584,-0.924355,0.380256,0.186080,-0.089902,-0.033858,0.024051,-0.257034,0.060549,-0.365491,-0.052774,-0.062280,0.584653,-0.078800,0.194030,-0.185854,-0.064671,0.190463,-0.235074,0.367992,-0.340745,1.060014,-0.089221,-0.109672,-0.093047,-0.020161,-0.228956,0.173568,1.079496,0.334437,-0.047474,0.020847
-0.455188,-0.342163,0.782160,-0.017880,-0.033176,-0.922083,0.385152,0.222933,-0.101369,-0.045987,0.041573,-0.290473,0.068549,-0.363620,-0.080761,-0.092188,0.407831,0.001306,0.213460,-0.193667,-0.069337,0.191712,-0.254328,0.365666,-0.335203,1.022118,-0.094057,-0.105737,-0.104806,-0.002418,-0.231042,0.159775,1.105503,0.325828,-0.044118,0.021086
-0.474896,-0.358038,0.777456,-0.017016,-0.040434,-0.921339,0.386278,0.260969,-0.114290,-0.047615,0.050964,-0.318730,0.065726,-0.371356,-0.098060,-0.091846,0.258741,0.068470,0.235452,-0.190561,-0.078573,0.184704,-0.265291,0.360674,-0.319988,0.989702,-0.100431,-0.131015,-0.089696,0.027913,-0.227972,0.151503,1.126103,0.318202,-0.045231,0.013497
-0.495581,-0.374240,0.773585,-0.018081,-0.040270,-0.919249,0.391194,0.291239,-0.105218,-0.049610,0.074961,-0.352881,0.034799,-0.370845,-0.101693,-0.099929,0.137159,0.074748,0.244886,-0.188211,-0.067622,0.182137,-0.275938,0.359798,-0.372700,0.952216,-0.179443,-0.148300,-0.091123,0.060656,-0.227009,0.157452,1.134142,0.361012,-0.056553,-0.013590
-0.516985,-0.390593,0.770222,-0.018379,-0.038944,-0.917522,0.395347,0.317841,-0.095167,-0.059689,0.101119,-0.376677,0.014491,-0.367145,-0.108311,-0.143539,0.084778,0.025263,0.258399,-0.190864,-0.058307,0.174069,-0.276804,0.364005,-0.386571,0.926582,-0.136384,-0.209919,-0.042663,0.086364,-0.223193,0.152192,1.146279,0.356926,-0.063003,-0.018684
-0.538969,-0.407025,0.767600,-0.017326,-0.037342,-0.916685,0.397485,0.338866,-0.084716,-0.067729,0.132229,-0.384742,-0.007170,-0.373394,-0.108490,-0.146009,0.123800,0.037429,0.248937,-0.189588,-0.047634,0.163735,-0.257310,0.360458,-0.392555,0.912542,-0.133704,-0.198585,-0.074507,0.110500,-0.219675,0.151834,1.165157,0.347475,-0.054030,-0.000476
-0.563429,-0.424753,0.765791,-0.012546,-0.032541,-0.916721,0.398002,0.342324,-0.072205,-0.082128,0.182123,-0.385489,-0.029438,-0.387359,-0.106339,-0.164267,0.206047,0.082294,0.237024,-0.188828,-0.027518,0.154301,-0.248682,0.346770,-0.367344,0.909010,-0.148791,-0.204270,-0.073067,0.102676,-0.223029,0.136615,1.205428,0.354890,-0.050292,0.024742
-0.587181,-0.442925,0.767327,-0.011586,-0.028639,-0.916012,0.399959,0.345709,-0.059067,-0.093576,0.239458,-0.352935,-0.063495,-0.375086,-0.112634,-0.199136,0.245537,0.109605,0.234926,-0.190298,-0.004409,0.146772,-0.208006,0.332542,-0.360717,0.911799,-0.152802,-0.217799,-0.054272,0.114047,-0.226767,0.130747,1.228666,0.353122,-0.055058,0.022796
-0.611260,-0.461029,0.770450,-0.010777,-0.020340,-0.916064,0.400371,0.318623,-0.040812,-0.102167,0.347781,-0.299860,-0.112635,-0.356466,-0.095611,-0.207260,0.275339,0.110833,0.208544,-0.187729,0.032844,0.145682,-0.181743,0.307508,-0.336155,0.935008,-0.141448,-0.199883,-0.093711,0.100893,-0.239303,0.122641,1.260058,0.350199,-0.044008,0.042306
-0.636052,-0.479246,0.774476,-0.009996,-0.012456,-0.918620,0.394819,0.272114,-0.017520,-0.071822,0.488171,-0.222237,-0.162697,-0.331061,-0.067360,-0.205040,0.292237,0.087709,0.170898,-0.169280,0.068309,0.138559,-0.143774,0.285533,-0.348321,0.969901,-0.154350,-0.183389,-0.114749,0.090488,-0.251181,0.124978,1.283972,0.355716,-0.035018,0.028519
-0.660885,-0.495246,0.779225,-0.010627,-0.010685,-0.923451,0.383419,0.204684,-0.004217,-0.033924,0.650825,-0.110326,-0.152468,-0.297353,-0.041565,-0.191083,0.303461,0.057666,0.124521,-0.140582,0.084912,0.134123,-0.102527,0.275404,-0.356885,1.008358,-0.134397,-0.155860,-0.132655,0.082550,-0.257886,0.143519,1.287703,0.346524,-0.039898,0.021483
-0.683627,-0.509781,0.783226,-0.011395,-0.014035,-0.924426,0.380932,0.111851,0.043550,0.045896,0.831018,-0.137143,-0.098713,-0.254086,-0.037017,-0.187759,0.307889,0.017802,0.107217,-0.127915,0.087489,0.149056,-0.084142,0.267062,-0.368961,1.044673,-0.139296,-0.151476,-0.144061,0.048640,-0.266855,0.149666,1.285459,0.344746,-0.051187,0.007493
-0.705540,-0.523329,0.787357,-0.014669,-0.020155,-0.924780,0.379686,0.023970,0.077866,0.098685,0.970138,-0.183905,-0.046469,-0.197488,-0.036688,-0.184888,0.297871,-0.013883,0.098719,-0.117948,0.080713,0.167709,-0.061157,0.260640,-0.385987,1.079938,-0.152699,-0.147151,-0.144185,0.019095,-0.271954,0.157588,1.272937,0.354849,-0.063980,-0.014704
-0.727018,-0.536950,0.790973,-0.017605,-0.025136,-0.928524,0.370002,-0.056908,0.078992,0.120979,1.045653,-0.224478,-0.028503,-0.144681,-0.024069,-0.155947,0.280177,-0.037823,0.100424,-0.094325,0.072760,0.180757,-0.034630,0.259644,-0.401554,1.130778,-0.129271,-0.106644,-0.134344,-0.011206,-0.275301,0.170879,1.252361,0.366981,-0.071735,-0.024541
-0.747781,-0.550220,0.793652,-0.018954,-0.028003,-0.934195,0.355157,-0.137944,0.059376,0.125584,1.066923,-0.258698,-0.029378,-0.095485,-0.009179,-0.124485,0.256916,-0.055601,0.094255,-0.057975,0.063628,0.186263,-0.003326,0.259862,-0.405239,1.157419,-0.119151,-0.101926,-0.139826,-0.039769,-0.275220,0.187853,1.223156,0.379740,-0.088677,-0.032540
-0.768401,-0.564849,0.795933,-0.021310,-0.033129,-0.941227,0.335471,-0.199668,0.037233,0.141249,1.032976,-0.288437,-0.029057,-0.041466,-0.001729,-0.084612,0.231934,-0.075110,0.099653,-0.013389,0.051587,0.193043,0.028490,0.257964,-0.414918,1.190758,-0.106115,-0.110597,-0.139576,-0.067185,-0.274543,0.195922,1.188891,0.395188,-0.108112,-0.040099
-0.788784,-0.578614,0.796830,-0.023008,-0.034932,-0.947292,0.317630,-0.256667,0.024589,0.151543,0.955908,-0.311001,-0.040507,0.011609,0.006786,-0.057020,0.201533,-0.090428,0.099196,0.025849,0.044111,0.196133,0.059858,0.256175,-0.415377,1.217859,-0.086047,-0.123805,-0.139615,-0.092661,-0.273350,0.203056,1.147467,0.415339,-0.123569,-0.038707
-0.809297,-0.592778,0.796416,-0.025795,-0.036238,-0.951761,0.303598,-0.293791,0.036012,0.182591,0.840063,-0.296520,-0.038211,0.070126,0.013026,-0.033887,0.166337,-0.108624,0.102333,0.053562,0.038701,0.209294,0.087107,0.253436,-0.395413,1.226443,-0.086495,-0.113043,-0.159159,-0.131402,-0.274957,0.207665,1.102892,0.430609,-0.125303,-0.025751
-0.829852,-0.608332,0.794907,-0.029815,-0.038837,-0.954517,0.294109,-0.303003,0.038760,0.216993,0.674227,-0.263636,-0.049917,0.135330,0.012653,-0.012121,0.130303,-0.129116,0.114421,0.073977,0.033910,0.223494,0.109411,0.244796,-0.375408,1.233347,-0.078875,-0.120953,-0.149430,-0.162716,-0.280586,0.219328,1.056546,0.432121,-0.134495,-0.028523
-0.851362,-0.623604,0.791658,-0.031737,-0.035554,-0.956325,0.288395,-0.313820,0.044950,0.240423,0.499847,-0.213936,-0.049567,0.193270,0.022152,0.001087,0.096619,-0.147752,0.111760,0.084586,0.039461,0.221339,0.138291,0.232542,-0.359682,1.237528,-0.087030,-0.116705,-0.143389,-0.180287,-0.284268,0.229617,1.011837,0.432474,-0.146526,-0.031894
-0.872987,-0.638666,0.787401,-0.032099,-0.031786,-0.958731,0.280702,-0.314747,0.044470,0.260809,0.319283,-0.153644,-0.057033,0.229445,0.030987,0.016239,0.098576,-0.177973,0.102690,0.096951,0.042414,0.216707,0.167301,0.223955,-0.345257,1.228324,-0.102893,-0.124396,-0.132957,-0.198508,-0.283859,0.240193,0.977723,0.428926,-0.150897,-0.034209
-0.894596,-0.654159,0.783009,-0.032838,-0.028750,-0.961146,0.272570,-0.307228,0.036649,0.255803,0.155568,-0.113001,-0.061378,0.257004,0.036457,0.031347,0.121357,-0.211002,0.094368,0.108809,0.042463,0.210278,0.188856,0.209045,-0.279676,1.226195,-0.090710,-0.093509,-0.149832,-0.216538,-0.279365,0.233283,0.960203,0.361191,-0.124093,-0.011091
-0.917351,-0.670845,0.778848,-0.031781,-0.028100,-0.963969,0.262610,-0.295492,0.030960,0.258556,0.047675,-0.119767,-0.065547,0.279045,0.034577,0.054209,0.153387,-0.236986,0.101414,0.124304,0.035395,0.203091,0.206574,0.202402,-0.247451,1.218935,-0.090637,-0.087036,-0.138366,-0.225672,-0.273476,0.237351,0.943234,0.328814,-0.113053,-0.012702
-0.940018,-0.688340,0.775683,-0.029778,-0.029393,-0.965277,0.257858,-0.291642,0.024522,0.271307,0.036135,-0.122247,-0.060676,0.300329,0.027011,0.070613,0.188702,-0.251065,0.109896,0.130135,0.022441,0.191279,0.226023,0.198926,-0.244692,1.209802,-0.102014,-0.079428,-0.147904,-0.218699,-0.268442,0.247716,0.934309,0.318723,-0.109440,-0.014008
-0.963451,-0.706673,0.773854,-0.026395,-0.032086,-0.965496,0.257082,-0.304908,0.012980,0.253955,0.110722,-0.104352,-0.031335,0.312995,0.016450,0.086216,0.240478,-0.255451,0.129024,0.133026,-0.000020,0.187207,0.205436,0.207287,-0.247284,1.216741,-0.107319,-0.073543,-0.154412,-0.225219,-0.258323,0.244427,0.944252,0.315862,-0.099044,-0.012993
-0.988023,-0.725634,0.774361,-0.019599,-0.035677,-0.965080,0.258775,-0.316597,-0.000909,0.251749,0.175398,-0.054865,0.004457,0.313602,0.006306,0.107319,0.302190,-0.229431,0.154149,0.131878,-0.026356,0.171801,0.181977,0.219311,-0.262905,1.229829,-0.097317,-0.064530,-0.173718,-0.211291,-0.249705,0.236555,0.960204,0.336626,-0.102443,0.003596
-1.013483,-0.746600,0.777262,-0.014116,-0.042313,-0.963998,0.262143,-0.309551,-0.029776,0.233076,0.221559,-0.049912,0.028161,0.307094,-0.008558,0.123919,0.384916,-0.165873,0.203568,0.124971,-0.059794,0.156050,0.164538,0.236697,-0.274316,1.235621,-0.079661,-0.061880,-0.183161,-0.181192,-0.236823,0.232557,0.972933,0.329422,-0.115881,0.007960
-1.039807,-0.766576,0.781572,-0.008582,-0.044974,-0.960813,0.273391,-0.288558,-0.054000,0.214686,0.245444,-0.075442,0.063008,0.274509,-0.007549,0.114729,0.502880,-0.055908,0.255267,0.099758,-0.086970,0.141272,0.136428,0.259619,-0.279630,1.237890,-0.073930,-0.058105,-0.171029,-0.154664,-0.220484,0.226091,0.999937,0.324736,-0.114427,0.010216
-1.064516,-0.784529,0.786649,-0.007739,-0.041271,-0.957845,0.284201,-0.254138,-0.063691,0.185859,0.251782,-0.099322,0.084027,0.208168,0.003705,0.080438,0.655194,0.078295,0.261800,0.068265,-0.095955,0.127962,0.107451,0.279928,-0.283030,1.237235,-0.082951,-0.059026,-0.169065,-0.127872,-0.203147,0.217577,1.047436,0.343453,-0.079631,0.027623
-1.085023,-0.804190,0.790303,-0.007249,-0.039785,-0.954707,0.294785,-0.216045,-0.079981,0.163911,0.251214,-0.126528,0.100158,0.109314,-0.015564,0.051119,0.829317,0.075010,0.252056,0.033400,-0.101735,0.120748,0.076883,0.300979,-0.303873,1.230812,-0.082227,-0.059093,-0.163232,-0.099704,-0.195893,0.217408,1.071892,0.338105,-0.061393,0.025140
-1.107215,-0.822616,0.794103,-0.013689,-0.040300,-0.953137,0.299529,-0.146785,-0.088809,0.148056,0.228381,-0.155458,0.105666,0.020313,-0.030928,0.032646,0.968429,0.034050,0.222749,0.005761,-0.106778,0.135887,0.039921,0.323755,-0.305778,1.215980,-0.094474,-0.060091,-0.156546,-0.082513,-0.188322,0.221790,1.093684,0.328046,-0.048828,0.029590
-1.128538,-0.840774,0.798420,-0.021784,-0.038017,-0.950174,0.308626,-0.077446,-0.092296,0.123025,0.202777,-0.176914,0.107860,-0.058767,-0.026251,0.022445,1.044086,0.007036,0.210461,-0.027976,-0.099571,0.147875,-0.006849,0.338249,-0.304635,1.211925,-0.095400,-0.055795,-0.142408,-0.062020,-0.186525,0.225289,1.123358,0.318277,-0.041911,0.033890
-1.150029,-0.858786,0.801990,-0.029941,-0.033584,-0.946034,0.320930,-0.008532,-0.089225,0.088745,0.175105,-0.196568,0.101347,-0.127592,-0.008190,0.017128,1.055070,-0.021531,0.201512,-0.063752,-0.082872,0.155945,-0.058038,0.347563,-0.304170,1.210133,-0.094024,-0.054502,-0.126294,-0.039785,-0.189414,0.215171,1.150641,0.313061,-0.033948,0.031489
-1.171366,-0.876655,0.804286,-0.035637,-0.028572,-0.940928,0.335511,0.053744,-0.083417,0.057004,0.145193,-0.212162,0.090134,-0.190843,0.003993,0.006945,1.016642,-0.053443,0.195205,-0.099955,-0.062752,0.158347,-0.102575,0.349801,-0.300414,1.191823,-0.095358,-0.051046,-0.108296,-0.007643,-0.199535,0.199085,1.167710,0.315367,-0.028636,0.030874
-1.192695,-0.894174,0.805198,-0.040708,-0.025141,-0.935131,0.351057,0.110856,-0.078507,0.018151,0.124354,-0.229857,0.083642,-0.241105,-0.003213,-0.017959,0.935109,-0.071599,0.184534,-0.141395,-0.047637,0.158868,-0.133661,0.355598,-0.298881,1.157319,-0.111254,-0.075102,-0.098450,0.023631,-0.208641,0.193691,1.180730,0.318863,-0.029077,0.030442
-1.214344,-0.911950,0.804176,-0.043676,-0.024415,-0.929552,0.365281,0.165225,-0.075708,-0.008403,0.105848,-0.251331,0.080492,-0.275958,-0.025806,-0.047692,0.815855,-0.077570,0.184862,-0.181528,-0.039302,0.162090,-0.158418,0.363711,-0.290266,1.109666,-0.121560,-0.092374,-0.092196,0.048338,-0.216487,0.181613,1.188996,0.321981,-0.037442,0.036941
-1.235846,-0.929096,0.801836,-0.046424,-0.027177,-0.924251,0.377976,0.216483,-0.076535,-0.029372,0.099087,-0.280649,0.078927,-0.291056,-0.056708,-0.079385,0.658952,-0.056059,0.190500,-0.219748,-0.040376,0.169655,-0.179192,0.373805,-0.282351,1.058442,-0.136360,-0.108760,-0.084945,0.063209,-0.218744,0.171627,1.204153,0.318858,-0.027595,0.028218
-1.257753,-0.946032,0.797816,-0.046193,-0.033183,-0.920287,0.387088,0.262597,-0.084497,-0.045537,0.096785,-0.307695,0.074153,-0.297499,-0.091982,-0.110728,0.482903,-0.008073,0.208125,-0.246771,-0.049753,0.171789,-0.195229,0.383688,-0.276581,1.008921,-0.136641,-0.130161,-0.075888,0.078944,-0.218484,0.155810,1.215753,0.319893,-0.024994,0.024715
-1.280321,-0.962598,0.792960,-0.044345,-0.041099,-0.919011,0.389569,0.307881,-0.096204,-0.051173,0.095396,-0.329499,0.067555,-0.303892,-0.117122,-0.126578,0.310525,0.040329,0.227507,-0.255684,-0.064380,0.164854,-0.201667,0.391500,-0.269802,0.965503,-0.129210,-0.145583,-0.071135,0.102296,-0.213744,0.137520,1.220295,0.318428,-0.025166,0.022512
-1.302602,-0.979424,0.788186,-0.041046,-0.045981,-0.918381,0.390867,0.344252,-0.101979,-0.058427,0.101840,-0.352327,0.052349,-0.319028,-0.132145,-0.135815,0.179697,0.036384,0.246755,-0.256699,-0.071938,0.150704,-0.202145,0.390043,-0.262403,0.932124,-0.123541,-0.151622,-0.061505,0.134684,-0.207474,0.118666,1.219597,0.319789,-0.028383,0.022688
-1.325997,-0.996330,0.784196,-0.039018,-0.045622,-0.918091,0.391798,0.370046,-0.096109,-0.075530,0.124072,-0.358856,0.030361,-0.323756,-0.131056,-0.159457,0.093526,0.011950,0.258589,-0.256453,-0.066485,0.138378,-0.199759,0.383792,-0.258168,0.912936,-0.115241,-0.156089,-0.057419,0.160418,-0.203467,0.105602,1.216499,0.318968,-0.029376,0.020279
-1.350520,-1.013850,0.780823,-0.037713,-0.044337,-0.917677,0.393042,0.393488,-0.088584,-0.100876,0.155464,-0.361728,0.007104,-0.326329,-0.123530,-0.170762,0.096558,0.006831,0.260259,-0.259979,-0.059326,0.128189,-0.182369,0.376860,-0.259574,0.900299,-0.113379,-0.158326,-0.051686,0.183264,-0.199374,0.102905,1.211224,0.320828,-0.030317,0.017143
-1.375990,-1.031765,0.778214,-0.035007,-0.041413,-0.915729,0.398120,0.398992,-0.075680,-0.121300,0.212596,-0.363321,-0.029515,-0.336214,-0.112090,-0.157017,0.170068,0.043001,0.250657,-0.275810,-0.044549,0.126147,-0.182072,0.369007,-0.273598,0.913556,-0.141550,-0.173958,-0.048471,0.165028,-0.203239,0.102414,1.228671,0.342041,-0.028962,0.015246
-1.402746,-1.050846,0.777173,-0.032101,-0.035932,-0.913576,0.403803,0.394669,-0.057099,-0.136808,0.281422,-0.344534,-0.078322,-0.339380,-0.099966,-0.148601,0.220905,0.111765,0.249694,-0.290859,-0.020472,0.116349,-0.163381,0.355070,-0.301332,0.935811,-0.171513,-0.201406,-0.044638,0.156594,-0.212174,0.111170,1.243934,0.364581,-0.041981,0.014806
-1.429971,-1.070395,0.778810,-0.031408,-0.026183,-0.912710,0.406558,0.375139,-0.033937,-0.148444,0.379302,-0.286544,-0.130366,-0.331089,-0.076926,-0.147407,0.267538,0.136795,0.217272,-0.298298,0.016434,0.107801,-0.131644,0.328781,-0.310718,0.968266,-0.187265,-0.206284,-0.053372,0.153387,-0.224616,0.114572,1.249363,0.371966,-0.046859,0.010985
-1.457204,-1.088759,0.782311,-0.030706,-0.015168,-0.914595,0.402918,0.325160,-0.005807,-0.122012,0.519598,-0.187631,-0.178054,-0.318110,-0.043534,-0.152191,0.309590,0.112334,0.165215,-0.289839,0.055596,0.103745,-0.106463,0.297578,-0.315193,1.016935,-0.191231,-0.194416,-0.066598,0.135721,-0.237638,0.119689,1.257038,0.381273,-0.048782,0.006764
-1.482321,-1.105891,0.786903,-0.031870,-0.012002,-0.916401,0.398810,0.252555,0.027532,-0.059426,0.684475,-0.113343,-0.175327,-0.280305,-0.022911,-0.152474,0.321925,0.081117,0.131754,-0.276159,0.076934,0.108702,-0.079782,0.270926,-0.322853,1.059225,-0.201846,-0.170369,-0.074112,0.111484,-0.249561,0.130086,1.256896,0.386082,-0.054357,-0.007400
-1.505618,-1.121242,0.791348,-0.032025,-0.014291,-0.916384,0.398761,0.152348,0.063553,0.003032,0.862609,-0.140002,-0.126913,-0.234804,-0.017491,-0.155435,0.323489,0.032340,0.116910,-0.262373,0.080273,0.119689,-0.064781,0.253460,-0.337050,1.100880,-0.210924,-0.150751,-0.087408,0.075147,-0.257027,0.143149,1.254928,0.383823,-0.065222,-0.028474
-1.528341,-1.135834,0.796106,-0.034781,-0.020797,-0.917661,0.395292,0.065000,0.080394,0.047435,0.988415,-0.183692,-0.089554,-0.177057,-0.012709,-0.143830,0.312391,-0.005013,0.107958,-0.236814,0.070476,0.134918,-0.044605,0.246547,-0.364223,1.137704,-0.207819,-0.129368,-0.096929,0.046480,-0.259681,0.162013,1.240073,0.384855,-0.079929,-0.051929
-1.550140,-1.150200,0.800465,-0.037747,-0.026241,-0.921188,0.386393,-0.017775,0.075838,0.073392,1.058610,-0.219038,-0.068625,-0.120969,-0.002173,-0.121240,0.294870,-0.030613,0.098228,-0.197411,0.059443,0.150614,-0.019311,0.251043,-0.392786,1.152555,-0.197837,-0.117623,-0.115699,0.014831,-0.260599,0.182206,1.219609,0.387400,-0.096954,-0.067286
-1.571178,-1.164610,0.803915,-0.039319,-0.031275,-0.927008,0.371662,-0.096795,0.049638,0.085252,1.073140,-0.245929,-0.062101,-0.067415,0.008613,-0.089264,0.270738,-0.050929,0.091556,-0.146980,0.046834,0.159160,0.013141,0.257534,-0.410330,1.156748,-0.188951,-0.116591,-0.119086,-0.015100,-0.259248,0.204842,1.195948,0.395283,-0.118012,-0.083757
-1.591498,-1.178691,0.806132,-0.040194,-0.035487,-0.933423,0.354749,-0.167135,0.033206,0.106665,1.036982,-0.276031,-0.065517,-0.016176,0.017386,-0.054216,0.243979,-0.069711,0.090713,-0.094832,0.035336,0.165575,0.052653,0.268180,-0.422493,1.148117,-0.156816,-0.133264,-0.114435,-0.046462,-0.259641,0.224296,1.166837,0.394279,-0.138671,-0.094484
-1.611304,-1.192840,0.807104,-0.041159,-0.038856,-0.939205,0.338660,-0.222969,0.042634,0.149406,0.956799,-0.295812,-0.063635,0.034443,0.022569,-0.023628,0.217687,-0.088092,0.095188,-0.045932,0.025454,0.176786,0.084427,0.274621,-0.425032,1.147360,-0.133194,-0.142735,-0.108482,-0.083763,-0.265090,0.236936,1.131814,0.385531,-0.151271,-0.098069
-1.631122,-1.206921,0.806931,-0.044973,-0.040366,-0.944276,0.323559,-0.253230,0.073661,0.209806,0.834331,-0.289532,-0.064295,0.093557,0.029405,-0.000104,0.184818,-0.104774,0.096461,-0.006859,0.023662,0.196912,0.106364,0.273343,-0.411054,1.150208,-0.131102,-0.141978,-0.117070,-0.134280,-0.274711,0.242269,1.098509,0.388988,-0.152776,-0.085907
-1.651094,-1.221900,0.805493,-0.048773,-0.039663,-0.946905,0.315309,-0.269897,0.095456,0.260668,0.676444,-0.271818,-0.060075,0.153697,0.037228,0.015860,0.151104,-0.122834,0.099128,0.013412,0.026909,0.210908,0.130608,0.266181,-0.399334,1.156697,-0.119517,-0.146204,-0.108812,-0.174753,-0.285958,0.246755,1.062670,0.398167,-0.150212,-0.074389
-1.671024,-1.237625,0.802757,-0.051554,-0.037527,-0.949298,0.307842,-0.274242,0.097017,0.290222,0.484125,-0.224961,-0.067732,0.207571,0.043932,0.029336,0.127184,-0.142756,0.098230,0.028639,0.032237,0.215022,0.159185,0.253494,-0.386662,1.167334,-0.106276,-0.151131,-0.100117,-0.205473,-0.295691,0.249309,1.032278,0.395022,-0.149010,-0.067642
-1.691657,-1.253685,0.798909,-0.054178,-0.034941,-0.951525,0.300739,-0.269019,0.080656,0.283401,0.285348,-0.154667,-0.080158,0.253480,0.051621,0.045509,0.120452,-0.170447,0.092667,0.042327,0.037918,0.213143,0.186987,0.237613,-0.371947,1.185605,-0.119821,-0.140802,-0.121942,-0.223314,-0.304098,0.260431,1.000227,0.402772,-0.159299,-0.058801
-1.712214,-1.269837,0.795020,-0.054771,-0.034827,-0.954252,0.291874,-0.260003,0.052837,0.235942,0.116158,-0.101662,-0.077813,0.285438,0.051251,0.066496,0.136437,-0.203306,0.090042,0.058769,0.035456,0.208837,0.211228,0.221631,-0.345785,1.200931,-0.102345,-0.123024,-0.143450,-0.237089,-0.305445,0.260413,0.978465,0.378361,-0.151645,-0.042405
-1.733033,-1.286732,0.791117,-0.055253,-0.037528,-0.957110,0.281920,-0.246625,0.032797,0.212785,0.032194,-0.110295,-0.076409,0.310555,0.043110,0.091514,0.170124,-0.235837,0.096146,0.078183,0.022868,0.205808,0.230221,0.210426,-0.313627,1.213645,-0.083844,-0.097238,-0.158465,-0.242629,-0.300529,0.248694,0.959387,0.345587,-0.126586,-0.020125
-1.753953,-1.304328,0.788081,-0.053587,-0.040708,-0.959046,0.275139,-0.243396,0.019421,0.209166,0.050725,-0.104911,-0.065966,0.331640,0.033435,0.114119,0.207456,-0.256681,0.106320,0.091476,0.006434,0.198236,0.249387,0.202762,-0.296849,1.221023,-0.093065,-0.082676,-0.155568,-0.231236,-0.296368,0.248114,0.935251,0.337181,-0.121947,-0.021209
-1.775753,-1.322520,0.786360,-0.049540,-0.042589,-0.960121,0.271845,-0.255682,0.009315,0.200753,0.129975,-0.072863,-0.038880,0.340397,0.023206,0.123376,0.258474,-0.260332,0.120979,0.100118,-0.011772,0.189479,0.237442,0.199883,-0.281716,1.243722,-0.119286,-0.063791,-0.155087,-0.221184,-0.289511,0.240208,0.920138,0.344462,-0.114912,-0.018723
-1.798580,-1.341379,0.787158,-0.042855,-0.045423,-0.960625,0.270739,-0.260472,-0.005762,0.192181,0.169011,-0.042430,-0.021467,0.340473,0.011360,0.133426,0.316080,-0.236638,0.146662,0.101753,-0.037751,0.173928,0.225264,0.203628,-0.270146,1.255868,-0.135200,-0.051514,-0.154205,-0.199420,-0.277773,0.235691,0.914045,0.351094,-0.110292,-0.014105
-1.822065,-1.361375,0.790174,-0.034116,-0.050141,-0.960234,0.272529,-0.254862,-0.031785,0.176263,0.199536,-0.026231,0.007607,0.328630,-0.002414,0.146484,0.390637,-0.179843,0.193882,0.096896,-0.070607,0.150419,0.215108,0.214798,-0.261229,1.262108,-0.142794,-0.044418,-0.158942,-0.162464,-0.263583,0.234937,0.919109,0.344292,-0.102382,-0.004380
-1.845552,-1.380309,0.794580,-0.026798,-0.053245,-0.958682,0.278165,-0.234701,-0.054780,0.165825,0.210668,-0.021590,0.046223,0.292172,-0.007028,0.142427,0.503677,-0.085899,0.251377,0.083112,-0.100411,0.131013,0.193296,0.233044,-0.256288,1.264421,-0.146759,-0.039998,-0.163743,-0.127321,-0.246667,0.235517,0.938274,0.337765,-0.094801,0.011682
-1.868753,-1.395043,0.799680,-0.025489,-0.045207,-0.957035,0.285291,-0.205458,-0.049824,0.135583,0.214149,-0.042632,0.064386,0.230154,0.020366,0.103825,0.639328,0.052852,0.261790,0.060669,-0.106383,0.118388,0.166676,0.254657,-0.251946,1.259840,-0.152594,-0.043878,-0.169569,-0.094040,-0.228147,0.235572,0.963075,0.329916,-0.098054,0.018241
-1.888610,-1.411995,0.803474,-0.025221,-0.042951,-0.955838,0.289642,-0.161190,-0.056779,0.124444,0.199841,-0.076047,0.076822,0.142018,0.017546,0.084202,0.795775,0.072984,0.261800,0.038798,-0.115151,0.115619,0.134399,0.273226,-0.244942,1.252221,-0.183608,-0.048277,-0.162128,-0.069023,-0.213529,0.236352,1.009466,0.331744,-0.069477,0.011883
-1.907237,-1.428948,0.806604,-0.028449,-0.045208,-0.954385,0.293763,-0.104004,-0.070978,0.114204,0.178010,-0.103263,0.080830,0.052639,-0.000895,0.067154,0.931168,0.035317,0.261762,0.012339,-0.127340,0.128460,0.099933,0.294201,-0.244534,1.234164,-0.181172,-0.053131,-0.142082,-0.053796,-0.199529,0.236572,1.055377,0.323341,-0.059716,0.008313
-1.925329,-1.445335,0.810082,-0.035241,-0.044878,-0.951847,0.301215,-0.044725,-0.078385,0.092597,0.158788,-0.126024,0.084977,-0.025164,-0.004596,0.051867,1.009102,0.002216,0.261279,-0.021857,-0.126834,0.143846,0.052826,0.309988,-0.240265,1.232045,-0.181604,-0.053312,-0.122913,-0.045101,-0.190227,0.225312,1.107693,0.320752,-0.042513,0.017075
-1.943966,-1.461429,0.813128,-0.042087,-0.043326,-0.948168,0.311977,0.010437,-0.081601,0.066861,0.145182,-0.148386,0.089951,-0.090793,0.011802,0.052878,1.024382,-0.027609,0.256784,-0.059084,-0.118074,0.151598,0.005766,0.319464,-0.237709,1.235245,-0.179873,-0.052290,-0.105988,-0.021346,-0.187251,0.214365,1.153471,0.317714,-0.034610,0.016380
-1.962862,-1.477103,0.815054,-0.047326,-0.040908,-0.944430,0.322706,0.061381,-0.081549,0.038363,0.131725,-0.171401,0.089083,-0.152345,0.013527,0.037284,0.992503,-0.047804,0.240385,-0.090780,-0.104957,0.153976,-0.042858,0.328626,-0.243703,1.228398,-0.174218,-0.050685,-0.089723,0.006997,-0.187767,0.199348,1.192938,0.320922,-0.030866,0.011959
-1.981083,-1.491746,0.815684,-0.051353,-0.039584,-0.940030,0.334873,0.105432,-0.080905,0.011342,0.124796,-0.193561,0.083900,-0.204247,0.001883,0.012622,0.921612,-0.065386,0.227810,-0.124457,-0.095976,0.158656,-0.091832,0.339822,-0.248266,1.211626,-0.174001,-0.059503,-0.077254,0.032329,-0.188472,0.186887,1.222181,0.325815,-0.023074,0.011230
-1.999670,-1.506608,0.814952,-0.054824,-0.040865,-0.935931,0.345483,0.151764,-0.083719,-0.011037,0.117236,-0.220014,0.081497,-0.238274,-0.029750,-0.026422,0.812698,-0.065592,0.218777,-0.150391,-0.091770,0.164797,-0.133428,0.352980,-0.254963,1.177469,-0.176151,-0.077093,-0.072976,0.058273,-0.189096,0.174069,1.240873,0.329531,-0.018488,0.012411
-2.018323,-1.520974,0.813027,-0.056489,-0.044717,-0.933846,0.350344,0.197046,-0.090127,-0.022101,0.110547,-0.244128,0.079947,-0.259685,-0.070574,-0.072080,0.671976,-0.046243,0.215398,-0.160872,-0.091726,0.169075,-0.169095,0.366434,-0.253588,1.134713,-0.179431,-0.092169,-0.072460,0.084368,-0.189082,0.164686,1.251934,0.328546,-0.015742,0.013658
-2.037255,-1.534972,0.810008,-0.057833,-0.050604,-0.931745,0.354889,0.246943,-0.099254,-0.034314,0.094957,-0.262379,0.075215,-0.262479,-0.108587,-0.113456,0.502628,0.005136,0.223530,-0.166695,-0.096559,0.176016,-0.206674,0.379052,-0.247191,1.093392,-0.176751,-0.110715,-0.070829,0.097594,-0.185594,0.143965,1.279832,0.331805,-0.017547,0.025207
-2.057085,-1.549368,0.805769,-0.056181,-0.057929,-0.931493,0.354696,0.293025,-0.112915,-0.037572,0.082601,-0.284398,0.072002,-0.268511,-0.135821,-0.127312,0.343365,0.065808,0.237288,-0.161398,-0.101061,0.169703,-0.217225,0.387539,-0.244520,1.036417,-0.158184,-0.130158,-0.063741,0.123469,-0.183721,0.126638,1.290883,0.332683,-0.020623,0.027157
-2.076181,-1.563696,0.801908,-0.054353,-0.062464,-0.929921,0.358318,0.323812,-0.120623,-0.047164,0.092300,-0.308880,0.068269,-0.276354,-0.149287,-0.108386,0.216298,0.106864,0.244823,-0.160970,-0.100518,0.162398,-0.220856,0.392290,-0.245089,0.979104,-0.138486,-0.146284,-0.047557,0.145325,-0.182592,0.118005,1.295675,0.322587,-0.024348,0.026631
-2.095954,-1.577985,0.798506,-0.054074,-0.063356,-0.928032,0.363068,0.342694,-0.119375,-0.061962,0.127417,-0.341041,0.057761,-0.273711,-0.156766,-0.107092,0.135687,0.085379,0.245116,-0.161720,-0.091399,0.157481,-0.222249,0.390693,-0.242873,0.931670,-0.130247,-0.156991,-0.035505,0.156499,-0.184434,0.110299,1.303876,0.313862,-0.022875,0.026974
-2.116461,-1.592505,0.795722,-0.054884,-0.062656,-0.925718,0.368928,0.357939,-0.113065,-0.078979,0.173064,-0.368089,0.047430,-0.262610,-0.165649,-0.126768,0.126103,0.061090,0.241693,-0.166970,-0.078262,0.150283,-0.207285,0.383779,-0.238975,0.894455,-0.139772,-0.169011,-0.033087,0.170758,-0.186638,0.104005,1.303093,0.317303,-0.020295,0.027234
-2.137961,-1.606729,0.792901,-0.053631,-0.061294,-0.923228,0.375522,0.358493,-0.102975,-0.090265,0.237063,-0.386358,0.008475,-0.256218,-0.180382,-0.170462,0.169902,0.114820,0.253888,-0.173633,-0.060984,0.149930,-0.207479,0.382770,-0.274162,0.875683,-0.194421,-0.222204,-0.010920,0.151962,-0.192874,0.109715,1.304884,0.354840,-0.033218,0.023683
-2.160509,-1.621120,0.792768,-0.051608,-0.058687,-0.923144,0.376428,0.361404,-0.093395,-0.102137,0.290910,-0.375948,-0.024818,-0.250551,-0.183847,-0.191077,0.208184,0.154015,0.249946,-0.171866,-0.040286,0.136421,-0.174627,0.371201,-0.284209,0.864632,-0.209084,-0.240480,-0.004442,0.152121,-0.200488,0.112140,1.290981,0.371916,-0.044174,0.014874
-2.183081,-1.635236,0.795493,-0.049269,-0.050835,-0.924547,0.374434,0.345879,-0.073765,-0.105546,0.364904,-0.339472,-0.067756,-0.249683,-0.162508,-0.183010,0.256707,0.136479,0.221683,-0.170577,-0.005287,0.125750,-0.140276,0.347102,-0.281583,0.873444,-0.197383,-0.237521,-0.001329,0.130352,-0.215961,0.111461,1.277881,0.375062,-0.046805,0.005566
-2.205606,-1.648080,0.799457,-0.049279,-0.043352,-0.927224,0.368710,0.318989,-0.051891,-0.090798,0.463717,-0.268918,-0.127695,-0.230270,-0.135192,-0.181208,0.280953,0.106297,0.195921,-0.166096,0.029644,0.117456,-0.094415,0.317588,-0.274744,0.901292,-0.183184,-0.229500,-0.012529,0.111152,-0.232587,0.114839,1.253875,0.378188,-0.048938,0.003759
-2.227494,-1.659804,0.803341,-0.047971,-0.037802,-0.929927,0.362636,0.262756,-0.026693,-0.050009,0.603779,-0.166155,-0.187444,-0.203672,-0.110491,-0.180361,0.281876,0.086878,0.164778,-0.163760,0.058244,0.109230,-0.048689,0.284152,-0.262688,0.948358,-0.198686,-0.213962,-0.033648,0.086013,-0.250861,0.123943,1.224907,0.385190,-0.057474,0.002197
-2.247287,-1.670301,0.806162,-0.046124,-0.035775,-0.931109,0.360040,0.175717,0.002775,-0.004053,0.769396,-0.093861,-0.179155,-0.175453,-0.096977,-0.179053,0.277343,0.066044,0.138426,-0.167042,0.074185,0.107478,-0.008945,0.260527,-0.265475,0.997927,-0.225594,-0.188190,-0.049878,0.056137,-0.265031,0.136672,1.187124,0.400214,-0.066941,-0.013242
-2.265571,-1.680228,0.808669,-0.049981,-0.038946,-0.929846,0.362453,0.094191,0.055469,0.061657,0.919911,-0.126196,-0.127175,-0.128353,-0.095990,-0.187425,0.271414,0.033675,0.130502,-0.175261,0.076486,0.126104,0.013938,0.243018,-0.287075,1.059955,-0.243467,-0.162128,-0.062202,0.023504,-0.276432,0.142419,1.146762,0.425406,-0.080778,-0.020296
-2.283043,-1.689887,0.811344,-0.055685,-0.039880,-0.929542,0.362298,0.015775,0.101181,0.103559,1.027235,-0.180153,-0.083310,-0.074608,-0.083977,-0.189022,0.250537,0.011360,0.120488,-0.175105,0.081733,0.154627,0.019426,0.228564,-0.323911,1.133549,-0.250690,-0.124571,-0.074929,-0.020150,-0.286846,0.155270,1.114879,0.436270,-0.097348,-0.045825
-2.299845,-1.699223,0.813838,-0.061558,-0.041574,-0.932317,0.353930,-0.047485,0.119376,0.127801,1.066271,-0.243347,-0.064489,-0.019574,-0.067314,-0.175985,0.218477,-0.001308,0.119050,-0.156819,0.083055,0.180213,0.027646,0.219132,-0.358357,1.199394,-0.235359,-0.104767,-0.104824,-0.060337,-0.294451,0.164891,1.084156,0.435045,-0.117561,-0.059967
-2.316256,-1.708688,0.815831,-0.065334,-0.042515,-0.937752,0.338444,-0.100650,0.108571,0.131643,1.042052,-0.288243,-0.076961,0.031162,-0.048286,-0.148672,0.178291,-0.009100,0.120134,-0.123858,0.084675,0.197685,0.049274,0.212673,-0.372179,1.240748,-0.213201,-0.086850,-0.148831,-0.093827,-0.296841,0.168893,1.053025,0.436549,-0.130502,-0.065116
-2.332261,-1.718153,0.816727,-0.068979,-0.043314,-0.943060,0.322497,-0.142757,0.097783,0.135373,0.971782,-0.308937,-0.090269,0.083176,-0.032233,-0.118045,0.134759,-0.017608,0.123940,-0.092341,0.083911,0.210672,0.080727,0.210263,-0.366935,1.259252,-0.197115,-0.068696,-0.170489,-0.123187,-0.294896,0.167772,1.024460,0.439653,-0.134886,-0.062892
-2.347785,-1.727409,0.816562,-0.071053,-0.041925,-0.949264,0.303467,-0.176179,0.100793,0.145847,0.868294,-0.302328,-0.103761,0.122977,-0.015942,-0.082642,0.104191,-0.025540,0.125721,-0.056698,0.086167,0.220338,0.113942,0.210904,-0.356262,1.264144,-0.168730,-0.067739,-0.173593,-0.149161,-0.294638,0.169687,0.991344,0.438085,-0.143380,-0.060439
-2.363039,-1.736999,0.815854,-0.072822,-0.039493,-0.954687,0.285849,-0.199397,0.116225,0.162786,0.747695,-0.290982,-0.115766,0.156214,-0.002581,-0.053397,0.086784,-0.040699,0.129523,-0.027191,0.089886,0.230437,0.144011,0.202599,-0.331505,1.266117,-0.173771,-0.083138,-0.142246,-0.171579,-0.293169,0.175385,0.955242,0.435980,-0.153045,-0.069979
-2.377953,-1.746800,0.814784,-0.073922,-0.036480,-0.959035,0.271030,-0.220391,0.127079,0.166160,0.622450,-0.268435,-0.114876,0.181671,0.008398,-0.025589,0.082254,-0.057939,0.129771,-0.006335,0.094959,0.239742,0.172957,0.192297,-0.326199,1.258373,-0.181742,-0.095692,-0.123913,-0.190792,-0.296432,0.194694,0.921869,0.434185,-0.154688,-0.063722
-2.392720,-1.756994,0.813720,-0.075420,-0.033434,-0.962897,0.256951,-0.233751,0.114555,0.118030,0.488937,-0.232865,-0.119781,0.204773,0.017679,0.001683,0.085847,-0.076450,0.125867,0.008282,0.099379,0.247643,0.198313,0.180413,-0.323477,1.251184,-0.186218,-0.107364,-0.105892,-0.205480,-0.299372,0.212958,0.898459,0.429780,-0.159881,-0.064242
-2.408165,-1.767585,0.812478,-0.078146,-0.031524,-0.965992,0.244455,-0.234678,0.077921,-0.002192,0.362275,-0.172745,-0.138019,0.235246,0.023253,0.026788,0.084356,-0.094813,0.122920,0.019201,0.097181,0.248330,0.222211,0.168937,-0.315380,1.248289,-0.222077,-0.112091,-0.100995,-0.205173,-0.295688,0.227420,0.890458,0.422423,-0.162964,-0.061687
-2.424451,-1.778803,0.811157,-0.080422,-0.033531,-0.969028,0.231069,-0.216200,0.035279,-0.138809,0.250251,-0.114070,-0.147025,0.267253,0.017369,0.052685,0.085346,-0.114037,0.120218,0.035461,0.083725,0.235469,0.273111,0.170621,-0.325704,1.223699,-0.220971,-0.119347,-0.107930,-0.159058,-0.285630,0.244638,0.862612,0.412093,-0.174532,-0.060332
-2.441049,-1.790548,0.809725,-0.083139,-0.035041,-0.972145,0.216318,-0.188563,0.013514,-0.223001,0.175296,-0.090635,-0.145740,0.294908,0.011223,0.080404,0.097870,-0.139421,0.115991,0.056797,0.070520,0.231028,0.284719,0.177883,-0.333449,1.213571,-0.205821,-0.111801,-0.131189,-0.135881,-0.273966,0.245015,0.868181,0.397815,-0.170205,-0.058595
-2.457592,-1.802984,0.807634,-0.083098,-0.032602,-0.975096,0.203027,-0.170611,0.016109,-0.223295,0.153307,-0.090135,-0.143796,0.309835,0.011023,0.104196,0.119524,-0.163321,0.115520,0.074825,0.064083,0.225557,0.263939,0.182863,-0.329190,1.217092,-0.217810,-0.098562,-0.147600,-0.130570,-0.263705,0.238594,0.895585,0.410096,-0.158947,-0.062896
-2.473891,-1.816684,0.805660,-0.083531,-0.032768,-0.977963,0.188515,-0.145988,0.012087,-0.206041,0.154342,-0.059622,-0.114582,0.321984,0.002242,0.130331,0.152468,-0.192508,0.109105,0.089254,0.049096,0.207928,0.266672,0.186476,-0.293424,1.215288,-0.159871,-0.074563,-0.154742,-0.105402,-0.249044,0.224060,0.937373,0.356123,-0.123999,-0.026727
-2.488856,-1.830436,0.805108,-0.078949,-0.032109,-0.979995,0.179848,-0.141482,0.013228,-0.162189,0.162007,0.006561,-0.056534,0.317662,-0.007349,0.143731,0.193539,-0.211534,0.107239,0.088049,0.033843,0.190764,0.232116,0.189068,-0.271777,1.231358,-0.125931,-0.058684,-0.158322,-0.110875,-0.239852,0.211667,1.002385,0.333291,-0.091746,-0.001125
-2.502753,-1.843397,0.806753,-0.072298,-0.037143,-0.982035,0.170294,-0.135182,-0.003912,-0.134927,0.178116,0.003330,-0.023295,0.299546,-0.030264,0.153796,0.251430,-0.217949,0.128483,0.090873,0.005573,0.173641,0.198180,0.198689,-0.273978,1.241460,-0.110714,-0.058600,-0.141062,-0.105229,-0.227603,0.206415,1.071751,0.321614,-0.077753,0.002173
-2.514972,-1.855825,0.809907,-0.065782,-0.040902,-0.983665,0.162491,-0.120648,-0.019662,-0.119301,0.176691,-0.012518,-0.015463,0.263642,-0.046962,0.160709,0.335981,-0.210516,0.154634,0.093650,-0.019293,0.157250,0.159274,0.213413,-0.279382,1.244985,-0.115210,-0.057114,-0.139810,-0.089577,-0.213374,0.191789,1.145747,0.323904,-0.064642,0.008474
-2.525819,-1.867864,0.812762,-0.057359,-0.040909,-0.984754,0.159050,-0.110781,-0.031310,-0.112028,0.164862,-0.023376,-0.004072,0.207990,-0.053721,0.161954,0.444979,-0.187753,0.185533,0.090670,-0.034848,0.138211,0.114631,0.230870,-0.285096,1.238931,-0.116490,-0.058980,-0.135357,-0.066741,-0.204922,0.176446,1.202952,0.328576,-0.053353,0.007042
-2.535314,-1.879158,0.814941,-0.053244,-0.039248,-0.985076,0.158904,-0.090575,-0.039016,-0.110702,0.143049,-0.031886,0.007468,0.149037,-0.054656,0.153712,0.573280,-0.147996,0.213950,0.075935,-0.042354,0.131084,0.071089,0.248382,-0.281739,1.218005,-0.128542,-0.063457,-0.127022,-0.044730,-0.202600,0.167211,1.242435,0.340015,-0.048227,0.007083
-2.543947,-1.889616,0.816402,-0.052687,-0.037157,-0.985019,0.159940,-0.062281,-0.044549,-0.115521,0.116640,-0.040333,0.015892,0.090987,-0.053051,0.141369,0.701124,-0.090613,0.229155,0.056560,-0.046124,0.135388,0.028034,0.272613,-0.281769,1.185637,-0.136054,-0.071280,-0.129824,-0.028847,-0.205130,0.159929,1.274710,0.344996,-0.036245,0.022305
-2.551722,-1.898893,0.817244,-0.051945,-0.035331,-0.984852,0.161617,-0.039227,-0.050366,-0.122473,0.096060,-0.048351,0.024551,0.025563,-0.070786,0.099630,0.817118,-0.066148,0.216693,0.037564,-0.052032,0.141051,-0.015258,0.301448,-0.290149,1.149566,-0.140684,-0.079303,-0.120481,-0.013353,-0.206676,0.153913,1.291269,0.350450,-0.026170,0.027940
-2.558871,-1.906549,0.818376,-0.050625,-0.033563,-0.985049,0.161209,-0.019668,-0.053053,-0.123579,0.077635,-0.052577,0.030077,-0.039830,-0.084047,0.063229,0.901002,-0.079043,0.193434,0.025785,-0.057707,0.146432,-0.062599,0.332671,-0.295639,1.118843,-0.144321,-0.090137,-0.103328,0.001370,-0.204944,0.151152,1.295562,0.349419,-0.019426,0.027335
-2.566459,-1.913149,0.820029,-0.050712,-0.030964,-0.985030,0.161821,0.004152,-0.051872,-0.125952,0.056599,-0.054920,0.030481,-0.086474,-0.066719,0.053392,0.930536,-0.110672,0.179911,0.014828,-0.059509,0.150031,-0.105428,0.361462,-0.293493,1.093224,-0.144462,-0.104376,-0.081819,0.018860,-0.199795,0.149348,1.299708,0.348620,-0.022397,0.024164
-2.573508,-1.918959,0.821692,-0.050839,-0.027618,-0.984491,0.165622,0.022367,-0.049820,-0.131747,0.041138,-0.055066,0.029941,-0.118116,-0.032899,0.051175,0.906434,-0.144162,0.174999,0.000901,-0.056803,0.151498,-0.140579,0.384011,-0.286563,1.062433,-0.144646,-0.110636,-0.074710,0.035780,-0.196605,0.142187,1.294074,0.357094,-0.016379,0.031079
-2.580070,-1.924278,0.822987,-0.050205,-0.025289,-0.984307,0.167272,0.036071,-0.049006,-0.134147,0.032194,-0.058111,0.027060,-0.139699,-0.008846,0.039892,0.844722,-0.181904,0.172479,-0.006864,-0.054383,0.152048,-0.169203,0.399847,-0.276936,1.032186,-0.154924,-0.116947,-0.056986,0.048111,-0.194662,0.137819,1.286314,0.370529,-0.016006,0.034000
-2.586090,-1.928984,0.823352,-0.047962,-0.024885,-0.984088,0.169268,0.040709,-0.053944,-0.139195,0.033820,-0.065440,0.025440,-0.150945,-0.004516,0.011329,0.752274,-0.211927,0.171956,-0.014893,-0.055239,0.150944,-0.190451,0.412365,-0.265939,1.002809,-0.164202,-0.120244,-0.039550,0.055359,-0.194445,0.135439,1.272819,0.369252,-0.015217,0.034925
-2.592447,-1.933552,0.823301,-0.046378,-0.025613,-0.983702,0.171826,0.044851,-0.061135,-0.143442,0.040532,-0.076290,0.025236,-0.143819,-0.010687,-0.022420,0.638377,-0.234872,0.166076,-0.018844,-0.055852,0.153772,-0.205884,0.421260,-0.263297,0.967267,-0.172096,-0.136828,-0.019797,0.060598,-0.192800,0.133694,1.257033,0.368612,-0.018158,0.027668
-2.599112,-1.938098,0.822358,-0.044221,-0.027724,-0.984315,0.168523,0.048649,-0.068360,-0.130724,0.051432,-0.100131,0.009324,-0.125785,-0.024375,-0.056682,0.519814,-0.240314,0.164054,-0.004448,-0.055865,0.158986,-0.221882,0.431744,-0.308441,0.931873,-0.234290,-0.187484,0.035314,0.060932,-0.188869,0.143611,1.238559,0.402872,-0.048806,-0.016299
-2.606100,-1.942821,0.821161,-0.044706,-0.032281,-0.985343,0.161425,0.062761,-0.079470,-0.112696,0.059089,-0.119567,0.007662,-0.090257,-0.042864,-0.085572,0.405626,-0.204697,0.170402,0.021729,-0.057071,0.161713,-0.230264,0.431286,-0.333342,0.912887,-0.250019,-0.211120,0.057807,0.063311,-0.186679,0.148293,1.223292,0.413290,-0.065738,-0.038545
-2.613278,-1.947332,0.820531,-0.044835,-0.036286,-0.986557,0.152897,0.078260,-0.089031,-0.093940,0.062091,-0.130110,0.017335,-0.052368,-0.053810,-0.087533,0.318095,-0.110712,0.147878,0.050893,-0.056020,0.151236,-0.222036,0.436282,-0.369700,0.898325,-0.268299,-0.234989,0.065301,0.066161,-0.189348,0.175246,1.212300,0.430882,-0.067350,-0.043000
-2.620383,-1.951504,0.820535,-0.045799,-0.038009,-0.987724,0.144424,0.096529,-0.093080,-0.077645,0.059516,-0.140513,0.025634,-0.024204,-0.053117,-0.072699,0.277843,-0.082410,0.134050,0.073863,-0.049904,0.138087,-0.196215,0.428851,-0.379492,0.892872,-0.268637,-0.249440,0.060093,0.068414,-0.192039,0.192651,1.198899,0.420027,-0.070726,-0.047565
-2.626682,-1.955736,0.821313,-0.048057,-0.036798,-0.988557,0.138170,0.116638,-0.091014,-0.062649,0.053097,-0.147820,0.026836,0.004110,-0.047825,-0.057181,0.246299,-0.076059,0.135108,0.081540,-0.033791,0.133679,-0.167753,0.404349,-0.364331,0.901928,-0.256414,-0.249697,0.049830,0.046845,-0.200319,0.190935,1.188984,0.404555,-0.066502,-0.043528
-2.632288,-1.959448,0.821862,-0.048941,-0.035030,-0.988866,0.136094,0.129516,-0.088969,-0.056080,0.050845,-0.153939,0.026618,0.029934,-0.044806,-0.052175,0.215437,-0.071049,0.136519,0.075196,-0.017733,0.126198,-0.125937,0.372861,-0.348300,0.913740,-0.253096,-0.246273,0.053313,0.026991,-0.208175,0.185482,1.173404,0.405886,-0.073653,-0.055217
-2.636976,-1.962221,0.821777,-0.047622,-0.033591,-0.989040,0.135659,0.133797,-0.088098,-0.053107,0.052176,-0.160585,0.025838,0.043837,-0.043350,-0.053371,0.195454,-0.069914,0.134777,0.064214,-0.006059,0.116082,-0.081037,0.344473,-0.337027,0.932070,-0.255485,-0.242402,0.036835,0.011367,-0.215515,0.182433,1.146312,0.417506,-0.092494,-0.060042
-2.641839,-1.964903,0.821502,-0.047095,-0.032578,-0.989073,0.135851,0.142786,-0.087497,-0.053764,0.047615,-0.165793,0.024189,0.058525,-0.042786,-0.054483,0.179795,-0.072427,0.135604,0.054218,0.003054,0.108688,-0.042125,0.317650,-0.335269,0.970356,-0.261454,-0.235350,0.018335,0.001779,-0.219980,0.174207,1.106609,0.433298,-0.117137,-0.067111
-2.646504,-1.967489,0.821151,-0.046468,-0.032159,-0.989177,0.135409,0.155286,-0.088195,-0.053985,0.035112,-0.167129,0.025301,0.070480,-0.043495,-0.053283,0.167943,-0.076030,0.135745,0.050964,0.010825,0.103078,-0.015289,0.288919,-0.340124,1.030666,-0.257478,-0.206038,0.001758,-0.007585,-0.229977,0.161658,1.073176,0.386001,-0.089756,-0.029583
-2.650509,-1.969653,0.821042,-0.044524,-0.030556,-0.988928,0.138219,0.162249,-0.086442,-0.057859,0.023679,-0.166649,0.023633,0.079361,-0.042456,-0.058567,0.155653,-0.077518,0.133527,0.044903,0.020016,0.091170,0.010174,0.267107,-0.377634,1.096253,-0.286234,-0.177261,-0.000715,-0.005429,-0.224707,0.170457,1.030781,0.471154,-0.135350,-0.090324
-2.653819,-1.971288,0.821100,-0.042253,-0.029386,-0.989034,0.138432,0.165583,-0.084893,-0.056983,0.017555,-0.167755,0.025042,0.084227,-0.041311,-0.059660,0.146232,-0.079282,0.131613,0.044616,0.026004,0.078496,0.033086,0.246496,-0.402483,1.166129,-0.312075,-0.138903,-0.036728,-0.010279,-0.226200,0.177714,1.009535,0.476383,-0.138499,-0.085217
-2.656625,-1.972356,0.820926,-0.038846,-0.028407,-0.989269,0.137955,0.162386,-0.083983,-0.055607,0.017542,-0.171279,0.025947,0.083113,-0.040189,-0.058524,0.140885,-0.080664,0.129448,0.048569,0.029825,0.065572,0.054017,0.228626,-0.422700,1.226999,-0.309710,-0.097501,-0.058692,-0.018315,-0.228693,0.183259,1.002364,0.467660,-0.133632,-0.069345
-2.659150,-1.972996,0.820856,-0.036144,-0.027790,-0.989369,0.138098,0.159824,-0.082942,-0.055550,0.017425,-0.173701,0.025706,0.082662,-0.039245,-0.058655,0.136684,-0.082295,0.127689,0.053606,0.031254,0.056436,0.079246,0.223332,-0.437430,1.265325,-0.301437,-0.071942,-0.092666,-0.024269,-0.228101,0.184137,1.000577,0.475896,-0.130708,-0.056175
-2.661415,-1.973271,0.820623,-0.034531,-0.027477,-0.989522,0.137474,0.159709,-0.082030,-0.055295,0.017341,-0.176791,0.024709,0.083982,-0.038424,-0.058870,0.133258,-0.084577,0.127481,0.061184,0.031159,0.052997,0.110164,0.225523,-0.440237,1.273967,-0.281882,-0.063696,-0.113771,-0.029455,-0.224480,0.188533,1.004117,0.476836,-0.132652,-0.055657
-2.663507,-1.973380,0.820494,-0.033109,-0.026657,-0.989584,0.137538,0.159810,-0.079511,-0.053927,0.016819,-0.179553,0.022799,0.084941,-0.036060,-0.058900,0.130811,-0.085868,0.126280,0.069041,0.030881,0.050979,0.141268,0.228847,-0.428634,1.269046,-0.274209,-0.062107,-0.124359,-0.032004,-0.220217,0.190435,1.012477,0.471595,-0.133349,-0.058893
-2.665198,-1.973205,0.820445,-0.030596,-0.026191,-0.989668,0.137607,0.158374,-0.077748,-0.052737,0.013234,-0.180713,0.021146,0.081302,-0.034658,-0.058336,0.131123,-0.087295,0.124908,0.075784,0.028280,0.048685,0.172429,0.233995,-0.406607,1.251963,-0.274587,-0.073428,-0.125153,-0.033054,-0.214885,0.191116,1.024114,0.467995,-0.134565,-0.059804
-2.666710,-1.972611,0.820331,-0.028041,-0.025759,-0.989594,0.138759,0.156671,-0.075247,-0.051248,0.008737,-0.181123,0.018832,0.075702,-0.033420,-0.059866,0.134897,-0.088813,0.124661,0.080120,0.025763,0.046578,0.196020,0.237642,-0.380198,1.239940,-0.300876,-0.094378,-0.115179,-0.033438,-0.210296,0.191524,1.041411,0.463171,-0.135876,-0.062699
-2.667865,-1.971454,0.820314,-0.026830,-0.025668,-0.989389,0.140465,0.156731,-0.072878,-0.052247,0.005069,-0.180498,0.016336,0.072122,-0.031801,-0.061390,0.140009,-0.091831,0.123624,0.079169,0.022280,0.046588,0.211031,0.240332,-0.355714,1.231646,-0.331626,-0.109758,-0.096928,-0.035396,-0.204863,0.194924,1.064609,0.460724,-0.135445,-0.066514
-2.668757,-1.970201,0.820245,-0.025294,-0.025852,-0.989191,0.142101,0.153747,-0.071578,-0.054276,0.005094,-0.180807,0.015644,0.066394,-0.030760,-0.061972,0.146839,-0.094312,0.124105,0.076605,0.018242,0.047207,0.218239,0.243621,-0.342464,1.224168,-0.338512,-0.119267,-0.076969,-0.034282,-0.200650,0.194915,1.084194,0.455746,-0.130859,-0.058220
-2.669149,-1.969014,0.820280,-0.024202,-0.026549,-0.988918,0.144048,0.149211,-0.072239,-0.057428,0.009394,-0.181653,0.017969,0.061432,-0.031009,-0.061983,0.152721,-0.095559,0.125068,0.069344,0.012709,0.050347,0.215439,0.246926,-0.335174,1.220863,-0.337548,-0.125701,-0.065050,-0.034948,-0.197595,0.193308,1.104009,0.434366,-0.122580,-0.048284
-2.669671,-1.967380,0.820275,-0.023795,-0.027093,-0.988796,0.144854,0.146198,-0.071063,-0.057592,0.014776,-0.184897,0.016803,0.057602,-0.029485,-0.059845,0.158675,-0.097999,0.124089,0.059507,0.008863,0.056539,0.202983,0.250006,-0.336668,1.222663,-0.327977,-0.124479,-0.057259,-0.034146,-0.195070,0.193112,1.120727,0.430465,-0.115466,-0.050143
-2.669953,-1.965710,0.820096,-0.024356,-0.027934,-0.988830,0.144368,0.142306,-0.070677,-0.055618,0.026267,-0.190881,0.017194,0.054702,-0.027702,-0.053436,0.167449,-0.103084,0.123109,0.041410,0.002798,0.066755,0.188370,0.255105,-0.338667,1.222187,-0.314274,-0.120186,-0.054714,-0.035675,-0.193341,0.204517,1.132758,0.433782,-0.124484,-0.062694
-2.669996,-1.964094,0.820141,-0.025654,-0.029433,-0.989287,0.140666,0.139875,-0.071332,-0.048245,0.039330,-0.196760,0.019298,0.053010,-0.026313,-0.041004,0.173421,-0.104433,0.123665,0.013372,-0.005878,0.074656,0.176619,0.254134,-0.323608,1.225030,-0.304070,-0.114181,-0.062548,-0.043040,-0.191365,0.227534,1.146846,0.424655,-0.113731,-0.064287
-2.669622,-1.962221,0.820109,-0.026699,-0.030331,-0.990109,0.134354,0.133041,-0.069636,-0.035278,0.059817,-0.206893,0.017698,0.048963,-0.022818,-0.026748,0.179714,-0.105472,0.122844,-0.009483,-0.009438,0.079376,0.162650,0.252791,-0.320203,1.226377,-0.315365,-0.112452,-0.071907,-0.050106,-0.191636,0.242710,1.165069,0.425679,-0.111476,-0.062439
-2.669926,-1.960455,0.819944,-0.027076,-0.030698,-0.991376,0.124495,0.122284,-0.066271,-0.016737,0.089368,-0.221854,0.017513,0.043065,-0.016801,-0.006919,0.186508,-0.105668,0.120956,-0.029853,-0.009877,0.081248,0.152292,0.252214,-0.317519,1.219601,-0.308825,-0.103401,-0.077736,-0.056458,-0.194996,0.252041,1.178629,0.418258,-0.106093,-0.049789
-2.669948,-1.958573,0.819781,-0.027911,-0.030645,-0.993005,0.110556,0.109170,-0.059777,0.010800,0.128061,-0.240859,0.018107,0.037077,-0.008170,0.019685,0.193759,-0.106049,0.120437,-0.045685,-0.007186,0.084855,0.144201,0.251210,-0.316387,1.204307,-0.300931,-0.108913,-0.075190,-0.059537,-0.201597,0.257722,1.180459,0.409199,-0.098978,-0.039830
-2.669811,-1.956929,0.819402,-0.029209,-0.029966,-0.994627,0.094693,0.089665,-0.050250,0.044397,0.181484,-0.262198,0.016403,0.032809,0.002218,0.048010,0.197570,-0.104408,0.120859,-0.062912,-0.002712,0.092140,0.130765,0.247446,-0.310576,1.191055,-0.285236,-0.111560,-0.062519,-0.065391,-0.210370,0.256725,1.174632,0.405447,-0.093971,-0.032528
-2.669803,-1.955596,0.818926,-0.031603,-0.028981,-0.996022,0.078112,0.065519,-0.038962,0.073501,0.250431,-0.287690,0.017956,0.032155,0.012956,0.075853,0.199101,-0.102408,0.120727,-0.079943,0.002970,0.104155,0.116319,0.248563,-0.305143,1.173027,-0.287621,-0.119381,-0.063012,-0.073256,-0.220095,0.255191,1.167530,0.407416,-0.091378,-0.028937
-2.669541,-1.954121,0.818406,-0.033541,-0.027355,-0.997168,0.061499,0.033095,-0.022394,0.105675,0.333428,-0.308755,0.008339,0.031984,0.024141,0.100407,0.199197,-0.100311,0.124235,-0.097553,0.009725,0.117830,0.098633,0.252755,-0.307882,1.156952,-0.283929,-0.128906,-0.062726,-0.080623,-0.231265,0.253159,1.155206,0.416009,-0.094615,-0.030185
-2.669259,-1.952662,0.818044,-0.036980,-0.024662,-0.997993,0.045092,-0.004858,0.001440,0.137746,0.435757,-0.325481,-0.013136,0.038647,0.038879,0.129345,0.192142,-0.087825,0.125684,-0.110219,0.017699,0.139475,0.065519,0.247021,-0.282328,1.155540,-0.250962,-0.130473,-0.070865,-0.086256,-0.238314,0.222297,1.143405,0.382786,-0.100806,-0.036016
-2.668725,-1.951292,0.817930,-0.039821,-0.022079,-0.998606,0.026715,-0.050701,0.027236,0.161246,0.548321,-0.316106,-0.044407,0.042288,0.054056,0.161663,0.188197,-0.079755,0.124976,-0.117394,0.024808,0.157696,0.036863,0.249058,-0.276433,1.150294,-0.235031,-0.134725,-0.073461,-0.088272,-0.245549,0.205949,1.133117,0.369506,-0.099518,-0.039605
-2.667886,-1.950076,0.817808,-0.041299,-0.019856,-0.998908,0.009141,-0.105680,0.049309,0.164700,0.662940,-0.286114,-0.075873,0.041204,0.068270,0.193777,0.187098,-0.077022,0.122247,-0.124046,0.031033,0.169874,0.014299,0.259668,-0.288637,1.138858,-0.227362,-0.134586,-0.074763,-0.087185,-0.253181,0.200423,1.126115,0.395844,-0.097583,-0.035116
-2.667003,-1.949883,0.817750,-0.041438,-0.018484,-0.998937,-0.008071,-0.163168,0.060731,0.145986,0.763239,-0.255572,-0.093819,0.034741,0.078934,0.224151,0.192445,-0.080268,0.123011,-0.128180,0.034802,0.176829,-0.004793,0.270503,-0.300839,1.122361,-0.223887,-0.133540,-0.066408,-0.085320,-0.262181,0.204165,1.126059,0.404833,-0.096584,-0.039077
-2.667273,-1.950409,0.817871,0.043598,0.017333,0.998542,0.026681,-0.202505,0.051792,0.097671,0.824640,-0.255365,-0.111092,0.040261,0.086437,0.255563,0.186245,-0.079468,0.131076,-0.130880,0.037100,0.186883,-0.017060,0.277483,-0.298716,1.103793,-0.231729,-0.139546,-0.058229,-0.080789,-0.270954,0.203939,1.128834,0.394044,-0.099687,-0.037109
-2.668380,-1.951507,0.818048,0.045739,0.016986,0.997772,0.045506,-0.226190,0.035340,0.041926,0.843135,-0.278059,-0.115145,0.049279,0.090905,0.290647,0.176505,-0.077023,0.143478,-0.132174,0.037156,0.196615,-0.028495,0.283733,-0.298314,1.088738,-0.234786,-0.150273,-0.045061,-0.077033,-0.278346,0.200887,1.136380,0.386876,-0.099903,-0.037529
-2.670337,-1.953232,0.818385,0.047622,0.016683,0.996749,0.062814,-0.238561,0.018820,-0.016405,0.830598,-0.298494,-0.106974,0.060373,0.091735,0.321090,0.164165,-0.072887,0.152688,-0.135533,0.037164,0.203983,-0.036763,0.287469,-0.301283,1.077464,-0.239670,-0.166503,-0.029677,-0.072332,-0.284120,0.196147,1.146725,0.392480,-0.109969,-0.044993
-2.672821,-1.955291,0.818500,0.048259,0.016391,0.995413,0.080967,-0.240584,0.000483,-0.084880,0.786438,-0.314742,-0.096604,0.067578,0.092845,0.354184,0.156231,-0.073491,0.163035,-0.135646,0.037474,0.208085,-0.043938,0.291057,-0.307498,1.068095,-0.230652,-0.176723,-0.027605,-0.065979,-0.290718,0.190444,1.155566,0.389328,-0.109918,-0.046498
-2.675969,-1.957363,0.818389,0.047526,0.015661,0.993529,0.101959,-0.231163,-0.018637,-0.163775,0.715991,-0.333255,-0.081350,0.068745,0.096926,0.391216,0.154189,-0.076371,0.173147,-0.128998,0.038962,0.208093,-0.048177,0.290276,-0.303019,1.055320,-0.228251,-0.177429,-0.022171,-0.056220,-0.295978,0.179891,1.161259,0.393009,-0.110401,-0.047887
-2.679288,-1.959358,0.818151,0.046177,0.013618,0.991029,0.124671,-0.209628,-0.046904,-0.276124,0.626303,-0.347905,-0.075659,0.069723,0.105121,0.435039,0.150825,-0.079828,0.181977,-0.120531,0.042195,0.206272,-0.045241,0.287792,-0.297662,1.046311,-0.241040,-0.174014,-0.027310,-0.045694,-0.300686,0.169137,1.166291,0.399410,-0.107202,-0.045928
-2.682593,-1.961652,0.817692,0.042703,0.009973,0.987726,0.149915,-0.174793,-0.084548,-0.428829,0.522794,-0.337278,-0.091941,0.065601,0.118174,0.482385,0.148050,-0.081849,0.191380,-0.110362,0.048355,0.202576,-0.038511,0.281972,-0.293304,1.042367,-0.243203,-0.178661,-0.020312,-0.038051,-0.304556,0.161774,1.172068,0.403120,-0.107580,-0.047382
-2.686609,-1.963963,0.817612,0.038767,0.007102,0.984315,0.171963,-0.136139,-0.107841,-0.545614,0.429912,-0.310803,-0.095001,0.062539,0.126669,0.522296,0.143506,-0.083535,0.196030,-0.106120,0.051192,0.200035,-0.035971,0.272559,-0.294124,1.048932,-0.261609,-0.176629,-0.021656,-0.034748,-0.307465,0.160521,1.180453,0.401172,-0.109446,-0.048348
-2.690840,-1.967169,0.818092,0.036712,0.005819,0.981834,0.186068,-0.119506,-0.099267,-0.535033,0.396866,-0.287861,-0.072986,0.064159,0.125061,0.546445,0.137650,-0.088424,0.200984,-0.117900,0.046488,0.204704,-0.038748,0.268611,-0.301004,1.058567,-0.259259,-0.178168,-0.014640,-0.038722,-0.305817,0.154597,1.188477,0.410866,-0.119521,-0.054401
-2.694771,-1.972197,0.819226,0.034402,0.006184,0.979976,0.196025,-0.111574,-0.092758,-0.505822,0.370423,-0.257640,-0.060978,0.063388,0.115606,0.562725,0.130781,-0.088908,0.207101,-0.135275,0.037988,0.206771,-0.045731,0.265279,-0.311252,1.077678,-0.251453,-0.167918,-0.026721,-0.040867,-0.302572,0.149521,1.190716,0.420782,-0.121887,-0.057022
-2.698070,-1.978346,0.820234,0.030326,0.006755,0.979165,0.200677,-0.116601,-0.096950,-0.491475,0.356767,-0.237474,-0.052203,0.055762,0.104300,0.566753,0.127154,-0.095214,0.214731,-0.156181,0.028937,0.205380,-0.059777,0.262504,-0.317814,1.102045,-0.257027,-0.151304,-0.047618,-0.040008,-0.296881,0.136151,1.189795,0.420984,-0.114846,-0.057249
-2.701943,-1.984748,0.820583,0.024669,0.006742,0.978201,0.206077,-0.126653,-0.100733,-0.475384,0.354027,-0.235179,-0.039567,0.042174,0.097061,0.572539,0.131374,-0.102583,0.220992,-0.172932,0.022325,0.201591,-0.069215,0.262332,-0.326073,1.117436,-0.252628,-0.141630,-0.059532,-0.037908,-0.289730,0.129564,1.186280,0.431288,-0.113327,-0.052648
-2.705585,-1.990627,0.820951,0.020387,0.006760,0.976109,0.216215,-0.127995,-0.098009,-0.451583,0.342946,-0.236533,-0.029156,0.028320,0.094371,0.588359,0.141403,-0.107482,0.226666,-0.178897,0.015141,0.203155,-0.074606,0.263218,-0.333182,1.122490,-0.230183,-0.136430,-0.057478,-0.031036,-0.282137,0.127682,1.166799,0.438636,-0.109072,-0.047649
-2.709066,-1.996353,0.821692,0.018537,0.007918,0.973289,0.228695,-0.119448,-0.096235,-0.427424,0.322200,-0.232094,-0.022845,0.018358,0.089719,0.611775,0.152597,-0.109455,0.233237,-0.178662,0.003500,0.210162,-0.076466,0.264510,-0.341055,1.120456,-0.226683,-0.138262,-0.050278,-0.028699,-0.274296,0.128233,1.149108,0.443620,-0.104532,-0.048948
-2.711968,-2.002735,0.822230,0.014931,0.009990,0.970125,0.241940,-0.115389,-0.096232,-0.405020,0.298279,-0.222944,-0.017489,-0.001061,0.086681,0.633645,0.170877,-0.110314,0.239708,-0.182864,-0.008807,0.211813,-0.075403,0.268418,-0.343567,1.117757,-0.233931,-0.138441,-0.049058,-0.042244,-0.266435,0.137956,1.149072,0.433480,-0.099953,-0.053592
-2.714508,-2.009104,0.822822,0.010439,0.012070,0.966868,0.254779,-0.109393,-0.093232,-0.381178,0.264287,-0.211524,-0.012634,-0.025365,0.086319,0.652717,0.193601,-0.111769,0.245719,-0.180446,-0.022305,0.211978,-0.073011,0.272987,-0.340679,1.110177,-0.225432,-0.141832,-0.039459,-0.046454,-0.255302,0.140364,1.140106,0.426593,-0.098624,-0.063148
-2.716894,-2.015373,0.823198,0.005740,0.013999,0.963378,0.267721,-0.101730,-0.088557,-0.355969,0.224393,-0.194679,-0.010382,-0.051942,0.087023,0.666494,0.219247,-0.116380,0.253994,-0.181060,-0.035674,0.210978,-0.067038,0.280012,-0.333905,1.100668,-0.221625,-0.148402,-0.034209,-0.058028,-0.242253,0.139025,1.139512,0.428294,-0.103928,-0.061073
-2.718785,-2.020382,0.823307,0.002316,0.014306,0.959631,0.280889,-0.090820,-0.080782,-0.333919,0.187977,-0.183574,-0.010087,-0.076440,0.095104,0.670668,0.251478,-0.129912,0.260273,-0.183098,-0.047327,0.212493,-0.061477,0.289170,-0.325559,1.092216,-0.220102,-0.141458,-0.032437,-0.073864,-0.227346,0.138980,1.137443,0.430691,-0.095975,-0.055785
-2.720628,-2.024325,0.823358,0.001500,0.012436,0.954547,0.297796,-0.071256,-0.067527,-0.305481,0.153031,-0.177624,-0.010931,-0.100238,0.099805,0.636069,0.289237,-0.151206,0.261800,-0.177463,-0.056740,0.215961,-0.051732,0.299606,-0.321981,1.088328,-0.221505,-0.139666,-0.037723,-0.079962,-0.213278,0.144938,1.125974,0.446968,-0.091406,-0.047419
-2.722377,-2.029066,0.823139,0.002363,0.012294,0.946075,0.323705,-0.046681,-0.055427,-0.254790,0.114940,-0.169940,-0.009615,-0.145162,0.072294,0.509676,0.345770,-0.173000,0.261800,-0.152758,-0.068661,0.215332,-0.033531,0.310738,-0.323455,1.086465,-0.226605,-0.139583,-0.042600,-0.074477,-0.200376,0.164552,1.111108,0.443878,-0.091479,-0.044724
-2.724391,-2.033922,0.822836,0.001105,0.015890,0.936178,0.351164,-0.027509,-0.051373,-0.199823,0.075017,-0.158918,-0.004094,-0.195408,0.018293,0.341713,0.403160,-0.188416,0.261800,-0.120350,-0.081216,0.206441,-0.020463,0.319163,-0.322951,1.092335,-0.224888,-0.142482,-0.053512,-0.067123,-0.191582,0.183709,1.092325,0.431063,-0.091271,-0.040941
-2.726340,-2.037913,0.822619,-0.002792,0.019163,0.926354,0.376156,-0.016247,-0.047700,-0.152017,0.041150,-0.148045,0.003137,-0.231633,-0.043802,0.158904,0.450312,-0.196007,0.239687,-0.089238,-0.087525,0.195103,-0.016246,0.325160,-0.316026,1.105044,-0.224206,-0.138796,-0.061094,-0.066326,-0.186823,0.195619,1.081390,0.403477,-0.091356,-0.034120
-2.728184,-2.040945,0.822450,-0.007185,0.021701,0.916707,0.398907,-0.010430,-0.043441,-0.106535,0.018430,-0.140691,0.008143,-0.245655,-0.097221,-0.011741,0.483274,-0.176779,0.213174,-0.058562,-0.089823,0.186334,-0.015346,0.329520,-0.304703,1.112492,-0.219716,-0.130892,-0.054612,-0.067797,-0.183456,0.200159,1.069304,0.386453,-0.088238,-0.034077
-2.730187,-2.042991,0.822103,-0.010026,0.025130,0.908126,0.417823,-0.009086,-0.043057,-0.062679,0.009622,-0.145610,0.010409,-0.232238,-0.139265,-0.155326,0.488016,-0.134903,0.202636,-0.031725,-0.093265,0.178947,-0.014880,0.333116,-0.298008,1.117440,-0.225469,-0.121827,-0.060967,-0.069293,-0.182710,0.197194,1.061349,0.386393,-0.087970,-0.027578
-2.732938,-2.043471,0.821794,-0.011388,0.027709,0.900410,0.434010,-0.006128,-0.043895,-0.027141,0.008189,-0.151389,0.012462,-0.199013,-0.160389,-0.261884,0.459089,-0.119366,0.195910,-0.008893,-0.096106,0.171343,-0.010623,0.335764,-0.292372,1.120487,-0.230805,-0.118033,-0.068525,-0.067586,-0.183428,0.194836,1.057885,0.384140,-0.091230,-0.019497
-2.735083,-2.043427,0.821483,-0.011922,0.029389,0.891891,0.451137,0.001235,-0.042514,0.010533,0.004296,-0.156371,0.013356,-0.163659,-0.160864,-0.323413,0.401580,-0.123003,0.182859,0.017175,-0.098585,0.163016,-0.004357,0.339621,-0.285184,1.119605,-0.230252,-0.121670,-0.062553,-0.065170,-0.182544,0.195908,1.057732,0.379375,-0.091334,-0.021906
-2.735966,-2.042855,0.820897,-0.012227,0.031106,0.881707,0.470612,0.008549,-0.039114,0.050471,0.001365,-0.162491,0.009875,-0.137871,-0.146373,-0.331154,0.328762,-0.120971,0.154276,0.046332,-0.102457,0.152748,0.006307,0.344028,-0.273750,1.116629,-0.221846,-0.130102,-0.049424,-0.064021,-0.179455,0.203308,1.061872,0.380988,-0.095643,-0.029411
-2.737539,-2.041454,0.820849,-0.009704,0.030670,0.872600,0.487375,0.024253,-0.036194,0.085334,-0.000575,-0.165375,0.007756,-0.113656,-0.126571,-0.297092,0.271946,-0.116085,0.130878,0.063887,-0.104393,0.148519,0.025398,0.357402,-0.281626,1.102125,-0.256162,-0.135148,-0.045305,-0.069406,-0.179122,0.220968,1.069455,0.402950,-0.094290,-0.022642
-2.738623,-2.040494,0.821577,-0.006243,0.027620,0.864625,0.501619,0.042148,-0.029840,0.118744,-0.000123,-0.169318,0.006850,-0.094423,-0.109013,-0.258021,0.237931,-0.103202,0.128074,0.069569,-0.101045,0.149743,0.040092,0.361236,-0.283816,1.102086,-0.279868,-0.139176,-0.038107,-0.080194,-0.177801,0.235415,1.081041,0.401479,-0.094419,-0.030599
-2.739181,-2.040313,0.822118,-0.003534,0.024590,0.858111,0.512863,0.055387,-0.023861,0.146680,0.001506,-0.173584,0.003548,-0.080417,-0.096780,-0.229277,0.214195,-0.087617,0.136067,0.063378,-0.094104,0.151773,0.048384,0.354433,-0.289581,1.116770,-0.291402,-0.148713,-0.025062,-0.090095,-0.179108,0.238532,1.083871,0.409921,-0.094296,-0.033473
-2.739601,-2.040426,0.822162,-0.002093,0.023536,0.853235,0.520991,0.059943,-0.021323,0.166105,0.007765,-0.180249,0.003575,-0.072467,-0.090509,-0.212026,0.196830,-0.077612,0.143781,0.046586,-0.088943,0.150902,0.053360,0.347177,-0.304993,1.134497,-0.299193,-0.154280,-0.027801,-0.096098,-0.184113,0.236320,1.076641,0.422050,-0.099689,-0.020539
-2.739461,-2.040630,0.821762,-0.002331,0.023887,0.848015,0.529428,0.059735,-0.018620,0.186562,0.013137,-0.185677,0.002931,-0.076697,-0.086082,-0.197194,0.193904,-0.073478,0.147458,0.026148,-0.084738,0.146268,0.054843,0.340770,-0.323670,1.148987,-0.293477,-0.142524,-0.034353,-0.101790,-0.188311,0.235378,1.060504,0.421255,-0.098758,-0.023831
-2.739155,-2.040369,0.821432,-0.002545,0.024042,0.841527,0.539674,0.064976,-0.015108,0.210801,0.010770,-0.189615,0.000785,-0.089062,-0.081307,-0.176876,0.207491,-0.075036,0.148982,0.008264,-0.081292,0.143792,0.049649,0.334929,-0.342611,1.166670,-0.296652,-0.132552,-0.043864,-0.104382,-0.191354,0.234539,1.037420,0.427453,-0.103739,-0.041986
-2.738833,-2.040048,0.821218,-0.001827,0.023626,0.835455,0.549048,0.072638,-0.012227,0.231663,0.008445,-0.193851,-0.000917,-0.106359,-0.077194,-0.153978,0.235509,-0.078846,0.152781,-0.011639,-0.078675,0.144386,0.038238,0.330966,-0.365639,1.186238,-0.300736,-0.124602,-0.063290,-0.107285,-0.194575,0.235510,1.021666,0.434921,-0.111215,-0.047433
-2.738260,-2.040028,0.820954,-0.001456,0.023162,0.829300,0.558322,0.079368,-0.009073,0.252221,0.005607,-0.195117,-0.004043,-0.130409,-0.072204,-0.131570,0.274614,-0.081596,0.160866,-0.031934,-0.076554,0.147835,0.023446,0.329109,-0.391547,1.199103,-0.299404,-0.115947,-0.076981,-0.112926,-0.194264,0.236688,1.010702,0.446279,-0.119285,-0.060102
-2.737579,-2.039928,0.820924,-0.001269,0.022111,0.823800,0.566447,0.086488,-0.004172,0.270571,0.002131,-0.197561,-0.006304,-0.154778,-0.066558,-0.117329,0.316683,-0.084616,0.168058,-0.054250,-0.075374,0.153237,0.006500,0.328643,-0.404056,1.201964,-0.297835,-0.103186,-0.068196,-0.118663,-0.192420,0.236047,1.005070,0.455123,-0.121880,-0.071112
-2.737037,-2.039880,0.821065,-0.002460,0.020456,0.820012,0.571975,0.088350,0.002970,0.281419,0.002946,-0.199693,-0.009678,-0.179730,-0.062767,-0.116560,0.358955,-0.082545,0.177882,-0.081150,-0.069742,0.157696,-0.012627,0.328504,-0.415353,1.204113,-0.295946,-0.105850,-0.065616,-0.122180,-0.194539,0.234984,1.004368,0.451338,-0.117638,-0.069114
-2.736457,-2.039475,0.821426,-0.004433,0.019643,0.814792,0.579403,0.090464,0.009417,0.297257,0.001263,-0.199956,-0.012535,-0.206605,-0.060566,-0.119191,0.401074,-0.083316,0.189108,-0.097408,-0.062986,0.161619,-0.038409,0.329380,-0.430183,1.202123,-0.285799,-0.115523,-0.057415,-0.124455,-0.198038,0.231264,1.011180,0.451567,-0.113643,-0.067635
-2.736339,-2.038896,0.821269,-0.006958,0.021081,0.810728,0.585002,0.090839,0.010377,0.311587,-0.005227,-0.204350,-0.009802,-0.237866,-0.062302,-0.121664,0.447786,-0.091954,0.207248,-0.110118,-0.056457,0.164220,-0.072633,0.318284,-0.408894,1.208596,-0.232358,-0.120164,-0.052979,-0.120945,-0.200627,0.206149,1.022703,0.418402,-0.110835,-0.062577
-2.735989,-2.037454,0.820772,-0.011047,0.024202,0.806413,0.590754,0.086740,0.011388,0.324106,-0.011897,-0.206034,-0.010981,-0.266081,-0.062234,-0.121537,0.473772,-0.110751,0.214467,-0.117917,-0.052091,0.160918,-0.104703,0.319110,-0.399141,1.202348,-0.201937,-0.121896,-0.063429,-0.115252,-0.202017,0.189908,1.040686,0.395171,-0.105164,-0.055625
-2.735156,-2.034938,0.820286,-0.015285,0.025739,0.803023,0.595195,0.084457,0.017365,0.336630,-0.015729,-0.204436,-0.027750,-0.277137,-0.062239,-0.133196,0.466310,-0.135678,0.199761,-0.125630,-0.050851,0.155408,-0.129856,0.333397,-0.403408,1.183073,-0.200856,-0.127469,-0.064149,-0.106556,-0.200372,0.183784,1.066197,0.403766,-0.099994,-0.052045
-2.735473,-2.031275,0.819759,-0.018744,0.029278,0.802025,0.596277,0.080176,0.016828,0.341647,-0.017015,-0.208168,-0.030850,-0.275138,-0.076445,-0.164756,0.434903,-0.157888,0.185581,-0.136130,-0.042717,0.146860,-0.152569,0.336966,-0.401159,1.161535,-0.199106,-0.132701,-0.061733,-0.090222,-0.205060,0.175368,1.094524,0.398418,-0.095580,-0.052480
-2.736031,-2.026404,0.819141,-0.021443,0.033460,0.799998,0.598686,0.080553,0.013969,0.346975,-0.022293,-0.212703,-0.026247,-0.263367,-0.089865,-0.197382,0.386657,-0.156138,0.176882,-0.143085,-0.031475,0.134407,-0.169742,0.334061,-0.393661,1.142168,-0.196075,-0.134743,-0.058485,-0.072910,-0.215310,0.175464,1.127556,0.390667,-0.084693,-0.048332
-2.735865,-2.019525,0.818652,-0.021143,0.036795,0.798551,0.600430,0.088375,0.011210,0.351799,-0.023337,-0.221631,-0.017830,-0.240879,-0.095039,-0.211472,0.341873,-0.126239,0.161258,-0.155180,-0.032603,0.115597,-0.177749,0.328838,-0.371295,1.135584,-0.164637,-0.147918,-0.055515,-0.054543,-0.216643,0.171702,1.174904,0.380973,-0.090657,-0.027728
-2.735480,-2.011128,0.818290,-0.021286,0.039020,0.797942,0.601094,0.097013,0.012049,0.353707,-0.021640,-0.227295,-0.016228,-0.218391,-0.091458,-0.210389,0.311573,-0.113386,0.145600,-0.169031,-0.021237,0.098869,-0.183783,0.307804,-0.329132,1.135289,-0.096273,-0.166820,-0.057511,-0.033968,-0.224647,0.153425,1.221199,0.347493,-0.113810,0.005185
-2.735155,-2.002018,0.818339,-0.021918,0.038357,0.796914,0.602476,0.108448,0.019491,0.357899,-0.016465,-0.234647,-0.020611,-0.194844,-0.079818,-0.202293,0.286413,-0.111893,0.135900,-0.178976,-0.001219,0.094131,-0.184910,0.293071,-0.301417,1.122187,-0.063632,-0.181260,-0.062034,-0.018783,-0.236241,0.134151,1.254928,0.333412,-0.124012,0.024550
-2.734978,-1.992076,0.818274,-0.022251,0.036549,0.794534,0.605710,0.121856,0.029660,0.367778,-0.006226,-0.245293,-0.025966,-0.167700,-0.065902,-0.193384,0.259028,-0.107619,0.130668,-0.185879,0.018547,0.092235,-0.177032,0.283987,-0.287822,1.102387,-0.062192,-0.192923,-0.060410,-0.007608,-0.248269,0.123133,1.278546,0.328505,-0.121274,0.028217
-2.735072,-1.981092,0.817588,-0.021103,0.035312,0.791749,0.609460,0.134006,0.038792,0.382140,0.015734,-0.262633,-0.028186,-0.135380,-0.056332,-0.188798,0.230434,-0.108616,0.127579,-0.190895,0.034847,0.088546,-0.159802,0.275976,-0.276348,1.076993,-0.064926,-0.199237,-0.058612,0.007550,-0.259033,0.112077,1.285102,0.324110,-0.113956,0.033882
-2.735191,-1.969291,0.816442,-0.018170,0.033650,0.789859,0.612095,0.141296,0.050163,0.391566,0.058231,-0.290138,-0.027791,-0.099011,-0.050061,-0.187656,0.206028,-0.116638,0.126240,-0.196945,0.047613,0.087023,-0.138090,0.271380,-0.269345,1.050341,-0.063954,-0.205457,-0.062436,0.023767,-0.269024,0.097011,1.286425,0.328251,-0.117563,0.040065
-2.734892,-1.957372,0.815157,-0.013455,0.031102,0.788199,0.614487,0.136574,0.067883,0.397359,0.135547,-0.326363,-0.026462,-0.062153,-0.044582,-0.184126,0.189639,-0.128930,0.123036,-0.200696,0.056010,0.091128,-0.120354,0.268533,-0.265031,1.032052,-0.062701,-0.207130,-0.069122,0.036101,-0.276397,0.081896,1.282525,0.329190,-0.123215,0.045215
-2.734762,-1.946037,0.813951,-0.008917,0.027939,0.787355,0.615802,0.104442,0.096784,0.395377,0.269689,-0.369136,-0.023507,-0.025149,-0.038080,-0.179319,0.173287,-0.139567,0.120529,-0.199621,0.064304,0.101008,-0.113387,0.264830,-0.261119,1.025713,-0.061822,-0.206713,-0.076992,0.042686,-0.282488,0.067641,1.273022,0.324621,-0.126825,0.040163
-2.734594,-1.935239,0.813074,-0.004368,0.024762,0.786960,0.616491,0.049262,0.131346,0.384330,0.447222,-0.399921,-0.017648,0.012111,-0.032302,-0.175223,0.155455,-0.149063,0.114804,-0.193215,0.069899,0.115501,-0.109694,0.258582,-0.256732,1.027391,-0.065965,-0.205968,-0.079548,0.044003,-0.285322,0.057449,1.264756,0.331660,-0.130785,0.033147
-2.734273,-1.924207,0.812471,0.000824,0.021383,0.784186,0.620157,-0.014054,0.160246,0.365659,0.634336,-0.417050,0.001252,0.050482,-0.026173,-0.166859,0.136632,-0.156316,0.104127,-0.171909,0.072847,0.131817,-0.102758,0.251949,-0.252778,1.031056,-0.077442,-0.206251,-0.086178,0.045416,-0.285718,0.055755,1.259937,0.333970,-0.136200,0.027057
-2.734385,-1.913030,0.812124,0.006317,0.020130,0.778334,0.627496,-0.076544,0.166401,0.345038,0.782896,-0.433850,0.007721,0.085200,-0.024182,-0.147882,0.116776,-0.159373,0.094344,-0.136244,0.069342,0.143522,-0.088924,0.247038,-0.248508,1.035376,-0.084650,-0.212572,-0.094826,0.048576,-0.283243,0.063174,1.255943,0.333912,-0.144040,0.021645
-2.735213,-1.901711,0.811751,0.010527,0.020150,0.769999,0.637640,-0.142802,0.154789,0.326118,0.882793,-0.449288,0.004551,0.112897,-0.024862,-0.123424,0.101314,-0.162258,0.088831,-0.091193,0.064131,0.151905,-0.067622,0.243457,-0.247330,1.037678,-0.086830,-0.214978,-0.095770,0.049834,-0.279884,0.079906,1.252197,0.330225,-0.150265,0.013941
-2.736329,-1.890541,0.811259,0.011223,0.021837,0.763354,0.645514,-0.213821,0.148093,0.326560,0.933022,-0.449887,-0.000162,0.129575,-0.025442,-0.103535,0.092030,-0.166319,0.086042,-0.052161,0.060020,0.154807,-0.045620,0.238233,-0.243320,1.045631,-0.090299,-0.216034,-0.096503,0.036501,-0.277095,0.097107,1.261131,0.313865,-0.150542,0.012185
-2.737810,-1.879017,0.810723,0.010993,0.024703,0.757362,0.652436,-0.273788,0.151100,0.354042,0.924562,-0.435491,-0.004833,0.139221,-0.029120,-0.089031,0.092459,-0.173818,0.089391,-0.017822,0.054810,0.158373,-0.025216,0.234745,-0.245376,1.060799,-0.087580,-0.215410,-0.097641,0.013299,-0.273804,0.107650,1.269784,0.313118,-0.150015,0.009121
-2.739905,-1.866951,0.809835,0.010631,0.027370,0.752423,0.658026,-0.322393,0.152195,0.386656,0.864844,-0.415950,-0.011329,0.147984,-0.033796,-0.078636,0.097876,-0.183568,0.097571,0.011528,0.049788,0.165630,-0.007870,0.228101,-0.248137,1.082940,-0.094494,-0.203147,-0.090094,-0.011584,-0.270215,0.115834,1.266652,0.330500,-0.153332,0.001580
-2.742309,-1.854024,0.808384,0.009318,0.030150,0.747143,0.663914,-0.362065,0.145784,0.412598,0.760076,-0.382552,-0.021894,0.155332,-0.037586,-0.065528,0.105343,-0.196305,0.103485,0.040725,0.044429,0.176441,0.000919,0.221130,-0.251856,1.117649,-0.109487,-0.191391,-0.089915,-0.043942,-0.266167,0.128064,1.261831,0.341057,-0.153881,-0.006422
-2.745141,-1.840259,0.806321,0.009545,0.031312,0.743778,0.667625,-0.390056,0.126384,0.420601,0.622802,-0.313503,-0.031116,0.172355,-0.041959,-0.058563,0.108546,-0.208931,0.107847,0.059700,0.038516,0.190887,0.011171,0.215443,-0.263542,1.157370,-0.116298,-0.187098,-0.114302,-0.075622,-0.263621,0.147757,1.249461,0.349768,-0.160004,-0.003562
-2.748378,-1.825481,0.803499,0.009286,0.031476,0.740958,0.670749,-0.411301,0.097660,0.394233,0.462949,-0.214553,-0.040401,0.194447,-0.045048,-0.055851,0.106860,-0.221770,0.111970,0.070230,0.035169,0.200000,0.030830,0.207214,-0.276405,1.194566,-0.121417,-0.178231,-0.130805,-0.100882,-0.261106,0.170706,1.226453,0.357357,-0.169138,-0.004254
-2.751873,-1.809616,0.800182,0.008222,0.032199,0.736982,0.675095,-0.424679,0.070944,0.341916,0.304259,-0.127809,-0.049118,0.214652,-0.048237,-0.048897,0.107521,-0.235220,0.118498,0.081594,0.028454,0.204557,0.055269,0.199364,-0.289640,1.228843,-0.126948,-0.168051,-0.127854,-0.123148,-0.256953,0.191819,1.196675,0.359330,-0.173456,-0.010219
-2.755834,-1.792683,0.796580,0.005236,0.033850,0.732004,0.680439,-0.441196,0.064303,0.297941,0.199008,-0.085095,-0.049318,0.226834,-0.051041,-0.037573,0.116624,-0.248891,0.125669,0.090772,0.018162,0.202795,0.085209,0.193403,-0.299810,1.255815,-0.130898,-0.156247,-0.128655,-0.142461,-0.251836,0.213432,1.160806,0.350918,-0.173459,-0.013278
-2.760291,-1.774071,0.793386,0.001691,0.036644,0.726113,0.686596,-0.458957,0.072588,0.275992,0.161306,-0.074872,-0.041841,0.233683,-0.056944,-0.022804,0.135052,-0.260984,0.135916,0.095894,0.003095,0.199486,0.112748,0.190160,-0.307246,1.279068,-0.138222,-0.143636,-0.140071,-0.162588,-0.244621,0.231396,1.123276,0.349757,-0.181418,-0.013267
-2.765765,-1.753324,0.790991,-0.000145,0.040115,0.720316,0.692485,-0.473013,0.079202,0.252512,0.183039,-0.081810,-0.032221,0.240756,-0.068104,-0.002340,0.162017,-0.266173,0.149514,0.096587,-0.018145,0.196987,0.134591,0.188814,-0.307606,1.301447,-0.153012,-0.133430,-0.153703,-0.179095,-0.234294,0.243089,1.082987,0.353020,-0.188356,-0.009475
-2.772553,-1.730151,0.789337,-0.002360,0.043477,0.716434,0.696295,-0.480076,0.085079,0.244045,0.241682,-0.089580,-0.028375,0.246865,-0.078375,0.021156,0.196454,-0.258452,0.165726,0.092735,-0.042255,0.189122,0.150730,0.192581,-0.306132,1.321087,-0.156391,-0.124590,-0.173141,-0.183516,-0.222631,0.249801,1.037443,0.342464,-0.187846,-0.002488
-2.780731,-1.705021,0.789329,-0.005574,0.048798,0.718096,0.694209,-0.477698,0.089976,0.284825,0.285457,-0.082414,-0.005499,0.249285,-0.088432,0.036894,0.236526,-0.230967,0.187328,0.076445,-0.067037,0.170716,0.164546,0.199041,-0.304787,1.332341,-0.150724,-0.118189,-0.192266,-0.172710,-0.213689,0.257158,0.991393,0.329786,-0.191791,0.003151
-2.790205,-1.678525,0.790974,-0.008023,0.055879,0.724354,0.687113,-0.468496,0.068530,0.294956,0.301859,-0.075199,0.024699,0.237795,-0.100165,0.047439,0.305759,-0.187201,0.213513,0.050373,-0.095742,0.149184,0.163331,0.211597,-0.302105,1.343602,-0.134328,-0.109940,-0.209269,-0.151045,-0.204856,0.262740,0.946017,0.316459,-0.192472,0.014337
-2.800612,-1.651387,0.794184,-0.009221,0.060922,0.734499,0.675807,-0.450397,0.030434,0.270627,0.309856,-0.082904,0.048488,0.213151,-0.108778,0.044698,0.408035,-0.116169,0.244308,0.019407,-0.119424,0.127599,0.148005,0.224812,-0.301740,1.357368,-0.121964,-0.106022,-0.211511,-0.120904,-0.197728,0.268128,0.914828,0.304347,-0.194113,0.018995
-2.810283,-1.624619,0.799126,-0.011968,0.059517,0.746967,0.662084,-0.416275,0.002397,0.238374,0.302519,-0.095241,0.063796,0.172682,-0.100334,0.025485,0.534570,0.007591,0.259907,-0.013578,-0.127690,0.112931,0.116350,0.237541,-0.298332,1.367973,-0.115383,-0.106982,-0.203946,-0.098986,-0.192938,0.271705,0.911622,0.288415,-0.188377,0.019968
-2.820214,-1.599177,0.804524,-0.014196,0.057108,0.757596,0.650066,-0.368584,-0.021238,0.210082,0.276099,-0.113136,0.076426,0.103921,-0.103460,-0.005425,0.686312,0.150692,0.261800,-0.030732,-0.131816,0.108889,0.070529,0.257815,-0.358140,1.352352,-0.180871,-0.111416,-0.150590,-0.072899,-0.192062,0.261780,0.896145,0.313805,-0.153969,-0.002004
-2.831128,-1.574747,0.809545,-0.012005,0.051378,0.766397,0.640197,-0.302198,-0.041895,0.184601,0.239202,-0.135091,0.081021,0.028018,-0.112049,-0.021871,0.844302,0.184372,0.254797,-0.046995,-0.132159,0.115219,0.024795,0.276433,-0.385403,1.322490,-0.226457,-0.121985,-0.118991,-0.054985,-0.195897,0.261042,0.900758,0.323172,-0.131356,-0.017753
-2.841435,-1.550943,0.814049,-0.007676,0.040705,0.775164,0.630401,-0.221796,-0.054259,0.153411,0.194593,-0.153905,0.077235,-0.044981,-0.107905,-0.030137,0.977953,0.133161,0.227602,-0.068947,-0.125151,0.129394,-0.021961,0.294940,-0.371160,1.285149,-0.216509,-0.139450,-0.104246,-0.046180,-0.198270,0.257397,0.931391,0.317423,-0.128486,-0.011282
-2.850965,-1.527414,0.817507,-0.003652,0.030552,0.785740,0.617791,-0.142719,-0.063108,0.119203,0.148387,-0.169512,0.072231,-0.116359,-0.089233,-0.034125,1.065003,0.103621,0.207406,-0.095681,-0.116940,0.141912,-0.070678,0.313092,-0.361349,1.240596,-0.206062,-0.161273,-0.064461,-0.034154,-0.197393,0.242873,0.963649,0.333774,-0.123694,-0.013346
-2.859778,-1.504026,0.819972,-0.001025,0.022483,0.797353,0.603093,-0.071242,-0.068610,0.082535,0.104519,-0.181117,0.064045,-0.187752,-0.049609,-0.023261,1.104036,0.087510,0.203818,-0.126743,-0.107506,0.148725,-0.113129,0.329046,-0.352740,1.185958,-0.201058,-0.172668,-0.022933,-0.016822,-0.198160,0.232554,0.993888,0.347028,-0.118488,-0.036265
-2.868095,-1.480246,0.821238,0.000701,0.015127,0.809011,0.587599,-0.003806,-0.068364,0.045097,0.063660,-0.190860,0.053530,-0.254356,-0.003704,-0.007186,1.095127,0.048528,0.202074,-0.158996,-0.096359,0.152035,-0.154541,0.340453,-0.336065,1.131884,-0.188907,-0.185495,-0.005508,0.005218,-0.200989,0.223018,1.024398,0.348532,-0.116648,-0.050107
-2.876932,-1.456121,0.821451,0.002685,0.008111,0.819771,0.572628,0.063454,-0.064865,0.006529,0.024774,-0.199595,0.047469,-0.309500,0.028137,0.002630,1.039431,0.004792,0.196206,-0.189148,-0.083851,0.155754,-0.193332,0.349154,-0.322732,1.079418,-0.174412,-0.199985,0.004304,0.029657,-0.206840,0.214521,1.053361,0.350631,-0.115931,-0.054280
-2.885619,-1.432063,0.820389,0.005329,0.001700,0.828325,0.560220,0.125805,-0.059329,-0.024512,-0.004069,-0.207215,0.043104,-0.349777,0.039949,0.000871,0.941477,-0.031977,0.188517,-0.214645,-0.071803,0.160774,-0.229817,0.352248,-0.309015,1.035955,-0.168574,-0.219322,0.015534,0.051238,-0.213515,0.208358,1.085009,0.349223,-0.115766,-0.055328
-2.894354,-1.408229,0.817820,0.010506,-0.001159,0.834869,0.550347,0.179005,-0.061295,-0.046976,-0.011442,-0.229247,0.046295,-0.373556,0.023855,-0.014512,0.805558,-0.045536,0.182620,-0.233959,-0.067031,0.166685,-0.265063,0.355493,-0.306972,0.999646,-0.162884,-0.235305,0.023863,0.067300,-0.220969,0.202590,1.117574,0.354659,-0.111061,-0.048389
-2.903332,-1.383999,0.814095,0.018180,-0.000296,0.840268,0.541866,0.223178,-0.072669,-0.065022,0.002487,-0.259200,0.052143,-0.380186,-0.010276,-0.039109,0.638430,-0.038960,0.183133,-0.250923,-0.072775,0.164201,-0.280304,0.355782,-0.290077,0.965334,-0.119895,-0.237189,0.016719,0.085326,-0.225409,0.192562,1.162846,0.334386,-0.119473,0.011123
-2.912205,-1.359176,0.809306,0.025365,0.003744,0.844148,0.535497,0.263144,-0.086892,-0.076083,0.016976,-0.282730,0.046529,-0.379987,-0.044185,-0.062425,0.458124,-0.013083,0.190635,-0.259370,-0.081920,0.158509,-0.291927,0.354914,-0.281259,0.938362,-0.079274,-0.244036,0.020620,0.103065,-0.227092,0.178162,1.206162,0.311924,-0.128655,0.052817
-2.921201,-1.333757,0.804101,0.030220,0.009229,0.846525,0.531410,0.300315,-0.098771,-0.078888,0.028960,-0.306022,0.036491,-0.383709,-0.067431,-0.068782,0.298678,0.012740,0.196185,-0.260462,-0.088496,0.149553,-0.300473,0.353349,-0.289785,0.922036,-0.058250,-0.257523,0.031493,0.123693,-0.227221,0.167195,1.233541,0.297566,-0.129836,0.054152
-2.929915,-1.307898,0.799388,0.031869,0.012074,0.847939,0.528998,0.328960,-0.101312,-0.086455,0.053312,-0.330705,0.029073,-0.384051,-0.078091,-0.077518,0.175891,0.010616,0.194350,-0.256329,-0.084446,0.140031,-0.302199,0.347295,-0.299471,0.915496,-0.046949,-0.263037,0.034021,0.144982,-0.227199,0.156790,1.250186,0.286108,-0.129937,0.052569
-2.938680,-1.280993,0.795088,0.031156,0.012839,0.849134,0.527101,0.351594,-0.096478,-0.097659,0.087809,-0.348048,0.014518,-0.379993,-0.083658,-0.108872,0.119779,-0.005020,0.194021,-0.252873,-0.073076,0.129176,-0.289579,0.342014,-0.314303,0.913655,-0.037878,-0.263166,0.031348,0.166814,-0.227825,0.152520,1.256920,0.283160,-0.129965,0.055076
-2.947354,-1.252606,0.791521,0.029270,0.013483,0.850876,0.524377,0.364443,-0.089515,-0.115002,0.138063,-0.353965,-0.008916,-0.382266,-0.084843,-0.129724,0.150701,0.018938,0.190186,-0.255882,-0.058540,0.121199,-0.275428,0.331832,-0.327653,0.928292,-0.029322,-0.258434,0.030926,0.166287,-0.232704,0.152683,1.270402,0.287214,-0.122435,0.062113
-2.956656,-1.222610,0.789664,0.024957,0.013231,0.852179,0.522487,0.368910,-0.079474,-0.135573,0.197549,-0.339726,-0.037624,-0.389404,-0.082652,-0.142166,0.218192,0.091652,0.176623,-0.262021,-0.036044,0.111927,-0.248989,0.313814,-0.334954,0.954378,-0.024549,-0.253147,0.028921,0.153173,-0.240254,0.152327,1.287715,0.285479,-0.114871,0.065197
-2.965962,-1.190930,0.790633,0.016919,0.009278,0.852642,0.522140,0.360846,-0.057997,-0.146812,0.273808,-0.298954,-0.080688,-0.387714,-0.061229,-0.140493,0.273407,0.122525,0.157192,-0.268953,0.000230,0.101137,-0.203501,0.289767,-0.330204,0.991221,-0.028122,-0.242603,0.002830,0.139037,-0.249176,0.151017,1.300254,0.278953,-0.109991,0.071228
-2.974914,-1.159292,0.793663,0.008072,0.003913,0.849961,0.526769,0.329326,-0.035016,-0.135102,0.387632,-0.223409,-0.142087,-0.375111,-0.028833,-0.133240,0.314324,0.104914,0.127226,-0.263680,0.040950,0.092904,-0.157846,0.260538,-0.325921,1.047568,-0.033425,-0.228866,-0.031674,0.117521,-0.258700,0.150326,1.309278,0.271397,-0.108304,0.072475
-2.983151,-1.128830,0.797351,0.003081,0.002364,0.843737,0.536742,0.269431,-0.027675,-0.109462,0.538429,-0.119957,-0.181261,-0.350287,-0.001280,-0.121970,0.335196,0.079407,0.095220,-0.239426,0.066167,0.082680,-0.116733,0.233867,-0.331497,1.118942,-0.039028,-0.214967,-0.059000,0.095792,-0.262353,0.154000,1.311263,0.266495,-0.116259,0.060381
-2.990879,-1.099763,0.801236,0.004169,0.003780,0.838654,0.544635,0.185438,-0.021524,-0.070860,0.710001,-0.080720,-0.165499,-0.307895,0.012386,-0.108336,0.338611,0.040859,0.076370,-0.214929,0.073647,0.079520,-0.080746,0.214240,-0.344372,1.188904,-0.046150,-0.191679,-0.092734,0.071243,-0.262843,0.160784,1.301524,0.270846,-0.122580,0.061132
-2.998468,-1.072197,0.804999,0.008325,0.004873,0.835807,0.548939,0.090226,0.012496,-0.001899,0.872519,-0.122667,-0.124779,-0.253916,0.016778,-0.099296,0.331302,-0.002161,0.064866,-0.196228,0.074097,0.091013,-0.057366,0.199717,-0.363381,1.250143,-0.043467,-0.162674,-0.130374,0.035467,-0.264718,0.176971,1.278509,0.272686,-0.125520,0.059747
-3.004743,-1.045155,0.808645,0.013962,0.006588,0.832430,0.553914,-0.002379,0.056538,0.071858,0.992352,-0.179631,-0.081387,-0.196631,0.020289,-0.085268,0.315602,-0.034891,0.057617,-0.174165,0.065568,0.105700,-0.034835,0.194340,-0.385883,1.297668,-0.027842,-0.138161,-0.159589,-0.003394,-0.262827,0.196198,1.249078,0.273107,-0.135578,0.040690
-3.010821,-1.019077,0.812067,0.020931,0.009731,0.826885,0.561898,-0.087702,0.082124,0.129134,1.055733,-0.232570,-0.042397,-0.138447,0.020411,-0.062928,0.294280,-0.060171,0.055971,-0.141288,0.049955,0.118764,-0.004897,0.195316,-0.401876,1.321555,-0.001208,-0.127649,-0.177014,-0.044282,-0.259210,0.215205,1.223171,0.264794,-0.147917,0.022715
-3.017731,-0.993590,0.814503,0.026159,0.013072,0.819193,0.572771,-0.164677,0.093752,0.175212,1.060832,-0.284804,-0.020193,-0.082474,0.020197,-0.037801,0.267706,-0.080505,0.057781,-0.102814,0.036858,0.127982,0.031872,0.198597,-0.403898,1.324675,0.013628,-0.127639,-0.185024,-0.086488,-0.256571,0.228266,1.194128,0.265943,-0.160805,0.008902
-3.025388,-0.968579,0.815660,0.030893,0.014491,0.808371,0.587684,-0.229120,0.084054,0.199763,1.009104,-0.310922,-0.019797,-0.025927,0.022376,-0.003471,0.239349,-0.097070,0.065069,-0.056239,0.027116,0.137235,0.074703,0.204638,-0.400759,1.314762,0.006067,-0.135275,-0.181894,-0.126786,-0.253316,0.229922,1.159261,0.283841,-0.172683,-0.000410
-3.033000,-0.943529,0.815495,0.036383,0.013061,0.797984,0.601437,-0.273191,0.073072,0.216712,0.905987,-0.310954,-0.029397,0.036072,0.024995,0.029042,0.211765,-0.113289,0.069769,-0.013708,0.020414,0.152044,0.117961,0.212233,-0.399982,1.293458,0.001939,-0.144284,-0.170882,-0.165646,-0.251604,0.233022,1.122350,0.300578,-0.177201,-0.006247
-3.040503,-0.918410,0.813915,0.040143,0.010161,0.790481,0.611085,-0.301388,0.069735,0.230147,0.761103,-0.292193,-0.045057,0.098471,0.027248,0.049072,0.182806,-0.130482,0.077863,0.015735,0.018523,0.167472,0.156718,0.216597,-0.390027,1.269801,-0.013840,-0.150639,-0.159677,-0.201987,-0.251815,0.239912,1.084529,0.316724,-0.181796,-0.010881
-3.048499,-0.893210,0.811210,0.041730,0.007085,0.784862,0.618223,-0.317770,0.064847,0.236622,0.586847,-0.250236,-0.055168,0.156268,0.029158,0.064098,0.158709,-0.148482,0.085522,0.036582,0.020886,0.178563,0.188101,0.215150,-0.371988,1.251542,-0.043530,-0.158500,-0.154953,-0.232812,-0.251784,0.248798,1.047301,0.329693,-0.191717,-0.013697
-3.056708,-0.867572,0.807428,0.041758,0.003210,0.779760,0.624676,-0.319380,0.063157,0.246490,0.401630,-0.189780,-0.059384,0.209871,0.033369,0.076790,0.142027,-0.165296,0.095510,0.056621,0.027555,0.185317,0.213182,0.210871,-0.352924,1.234145,-0.062639,-0.159311,-0.155166,-0.258215,-0.257758,0.259630,1.012785,0.329677,-0.194437,-0.009401
-3.064670,-0.841843,0.803125,0.040309,0.000101,0.774098,0.631781,-0.312062,0.060544,0.253896,0.230799,-0.140903,-0.063361,0.251702,0.038100,0.094788,0.141416,-0.183122,0.107336,0.077173,0.035286,0.187144,0.231208,0.203733,-0.331749,1.220050,-0.073669,-0.151721,-0.162893,-0.276883,-0.265293,0.271068,0.980434,0.329968,-0.189219,0.009850
-3.073485,-0.815637,0.799003,0.038567,-0.000283,0.767933,0.639368,-0.302587,0.051948,0.252903,0.105501,-0.125312,-0.068527,0.281019,0.037142,0.121948,0.158185,-0.199162,0.122232,0.097096,0.036427,0.182843,0.243225,0.196723,-0.311309,1.212733,-0.081459,-0.149651,-0.168705,-0.285426,-0.267686,0.274883,0.955410,0.326385,-0.194909,0.004371
-3.082958,-0.788737,0.795439,0.037678,0.001461,0.762251,0.646182,-0.296461,0.041352,0.250369,0.058935,-0.121788,-0.070837,0.302445,0.030826,0.149638,0.189072,-0.209619,0.140424,0.113925,0.028458,0.176543,0.245187,0.193418,-0.292279,1.213287,-0.087500,-0.148291,-0.168997,-0.287431,-0.262982,0.271255,0.944328,0.312066,-0.198964,-0.022676
-3.092882,-0.760751,0.792967,0.036368,0.005563,0.759247,0.649761,-0.302031,0.027082,0.243636,0.091963,-0.107807,-0.056059,0.316733,0.021585,0.168161,0.229908,-0.209042,0.157146,0.122838,0.013863,0.164987,0.239018,0.192149,-0.276115,1.220628,-0.095944,-0.146594,-0.170085,-0.276991,-0.252853,0.263519,0.939770,0.307938,-0.201032,-0.029417
-3.103259,-0.731301,0.791627,0.034277,0.013328,0.757905,0.651328,-0.315902,0.003723,0.217108,0.147268,-0.068629,-0.032306,0.320506,0.008985,0.183809,0.280870,-0.189981,0.180279,0.125835,-0.009561,0.144311,0.231537,0.195532,-0.265697,1.229594,-0.098173,-0.148711,-0.174130,-0.251754,-0.240650,0.258574,0.944030,0.301748,-0.205471,-0.023666
-3.114177,-0.700761,0.792338,0.033793,0.023035,0.757806,0.651196,-0.321501,-0.024502,0.194466,0.199377,-0.046903,0.001274,0.312504,-0.006705,0.193333,0.353390,-0.145548,0.217933,0.122825,-0.039753,0.124606,0.215963,0.204778,-0.270187,1.242052,-0.085801,-0.146312,-0.177990,-0.217798,-0.226397,0.252550,0.956583,0.296324,-0.201110,-0.019452
-3.122522,-0.670341,0.794996,0.031300,0.027803,0.761307,0.647039,-0.315953,-0.039830,0.173996,0.246933,-0.058460,0.034463,0.286120,-0.000127,0.178415,0.456920,-0.062940,0.251145,0.109979,-0.062999,0.112824,0.180037,0.219881,-0.274033,1.262688,-0.073898,-0.144360,-0.187864,-0.187509,-0.211657,0.247204,0.981181,0.284774,-0.194223,-0.015937
-3.129816,-0.641670,0.798150,0.026537,0.028305,0.767051,0.640412,-0.298758,-0.047682,0.149901,0.274072,-0.077580,0.056482,0.227640,0.025437,0.157092,0.597776,0.048983,0.261800,0.088829,-0.074857,0.103477,0.132125,0.234883,-0.276062,1.284399,-0.078545,-0.153088,-0.186474,-0.162491,-0.197009,0.245770,1.022472,0.295166,-0.188160,-0.011406
-3.139875,-0.615207,0.801259,0.025208,0.027043,0.771665,0.634954,-0.261603,-0.060446,0.133536,0.280212,-0.111778,0.073177,0.145206,0.035741,0.142458,0.760694,0.081707,0.261800,0.063029,-0.080260,0.101773,0.082655,0.244536,-0.282650,1.299943,-0.082866,-0.141724,-0.181237,-0.138455,-0.187494,0.247908,1.064328,0.316647,-0.173225,-0.001804
-3.152173,-0.589944,0.804647,0.028643,0.024656,0.775187,0.630601,-0.199506,-0.080459,0.119276,0.256306,-0.147388,0.083135,0.056529,0.024018,0.128951,0.910176,0.040893,0.261421,0.034272,-0.083924,0.108886,0.037325,0.255366,-0.304151,1.302293,-0.055213,-0.127571,-0.170521,-0.115853,-0.184576,0.254104,1.106230,0.321811,-0.159639,0.009110
-3.163864,-0.564650,0.808546,0.031794,0.019923,0.780888,0.623544,-0.135096,-0.095594,0.098000,0.230845,-0.171618,0.088739,-0.024753,0.017763,0.112680,1.008811,0.007065,0.258842,-0.002623,-0.080388,0.115701,-0.008489,0.264944,-0.317364,1.300529,-0.035954,-0.127059,-0.151618,-0.096411,-0.186130,0.253477,1.152974,0.312548,-0.146505,0.025607
-3.174352,-0.538189,0.812166,0.032973,0.011627,0.787697,0.615070,-0.070856,-0.098137,0.070139,0.211520,-0.192646,0.089208,-0.092208,0.026464,0.092064,1.046312,-0.016918,0.242651,-0.039717,-0.066751,0.121320,-0.055549,0.272065,-0.311004,1.291616,-0.037178,-0.125328,-0.139089,-0.071806,-0.191101,0.241297,1.194778,0.302460,-0.138219,0.041064
-3.183514,-0.512626,0.814457,0.032624,0.003496,0.796030,0.604367,-0.012975,-0.094328,0.040424,0.194466,-0.213916,0.083554,-0.156384,0.036352,0.066366,1.036988,-0.036778,0.223401,-0.076598,-0.048797,0.126222,-0.095325,0.281671,-0.307980,1.260991,-0.039074,-0.135270,-0.114520,-0.038161,-0.201379,0.226493,1.221185,0.296316,-0.135379,0.054068
-3.192048,-0.487851,0.815464,0.031494,-0.002756,0.805166,0.592206,0.034775,-0.089645,0.011333,0.185968,-0.237983,0.078522,-0.217773,0.029747,0.028689,0.989586,-0.060581,0.200047,-0.114284,-0.031012,0.127803,-0.125245,0.296163,-0.327645,1.207000,-0.043739,-0.146372,-0.060712,0.002011,-0.214656,0.206808,1.232460,0.314890,-0.131183,0.059166
-3.200682,-0.462458,0.814903,0.033012,-0.007412,0.812242,0.582338,0.086788,-0.088009,-0.013653,0.176461,-0.262500,0.074100,-0.262208,0.008085,-0.012233,0.902426,-0.081476,0.182828,-0.143048,-0.019102,0.132199,-0.149701,0.309517,-0.328273,1.149881,-0.066545,-0.134297,-0.072512,0.044974,-0.227578,0.192303,1.234877,0.328250,-0.122327,0.069475
-3.209019,-0.436895,0.812864,0.036100,-0.009265,0.816778,0.575748,0.144806,-0.090076,-0.031475,0.156526,-0.284262,0.068480,-0.290935,-0.017236,-0.045854,0.774923,-0.078975,0.179501,-0.158943,-0.014722,0.138317,-0.172123,0.322754,-0.306837,1.086783,-0.084278,-0.163333,-0.061699,0.082451,-0.235728,0.179201,1.240710,0.320334,-0.121839,0.067494
-3.216378,-0.411533,0.809543,0.039035,-0.007541,0.820202,0.570692,0.200439,-0.095385,-0.046198,0.130021,-0.299677,0.062643,-0.311548,-0.040920,-0.067014,0.615989,-0.054814,0.182624,-0.167058,-0.017467,0.140014,-0.197213,0.338404,-0.287940,1.029458,-0.071260,-0.217302,-0.026604,0.113473,-0.237995,0.159159,1.254140,0.312941,-0.127495,0.061933
-3.224200,-0.386387,0.804874,0.041540,-0.002380,0.823172,0.566265,0.250453,-0.105626,-0.058717,0.103058,-0.311266,0.056607,-0.328459,-0.062363,-0.068189,0.441316,-0.009510,0.191772,-0.171146,-0.023971,0.133764,-0.220402,0.345810,-0.272879,0.989425,-0.056375,-0.242776,-0.022768,0.141768,-0.237981,0.139376,1.270563,0.307997,-0.128741,0.067141
-3.232300,-0.360046,0.799782,0.043674,0.003629,0.827093,0.560354,0.298274,-0.115454,-0.075480,0.082306,-0.320253,0.046195,-0.342638,-0.082639,-0.055584,0.282158,0.035070,0.196839,-0.175881,-0.032252,0.123495,-0.236060,0.349954,-0.264798,0.955283,-0.042081,-0.262769,0.000440,0.167313,-0.233198,0.112706,1.289219,0.309786,-0.128041,0.071418
-3.240055,-0.333107,0.794830,0.042890,0.007106,0.831790,0.553385,0.334712,-0.114902,-0.096439,0.080216,-0.332617,0.033062,-0.354877,-0.095490,-0.051406,0.163984,0.037960,0.203440,-0.183723,-0.033047,0.110923,-0.240908,0.352019,-0.258996,0.929541,-0.025320,-0.280841,0.023953,0.190946,-0.226755,0.094253,1.306132,0.297125,-0.128848,0.068992
-3.247721,-0.305910,0.790362,0.040577,0.007755,0.836190,0.546882,0.361079,-0.106214,-0.117572,0.099223,-0.349542,0.020670,-0.358043,-0.101294,-0.061627,0.110271,0.008536,0.214958,-0.191856,-0.024665,0.098324,-0.231153,0.349896,-0.259721,0.912699,-0.019574,-0.288807,0.035900,0.214640,-0.222506,0.087457,1.313659,0.285561,-0.128634,0.065418
-3.254816,-0.277771,0.786242,0.038280,0.007598,0.840994,0.539636,0.376067,-0.095599,-0.141567,0.144411,-0.365545,0.004116,-0.362905,-0.101736,-0.069955,0.145308,0.035007,0.222012,-0.206723,-0.011857,0.093247,-0.227495,0.339416,-0.261057,0.919485,-0.023475,-0.287466,0.040320,0.212670,-0.225277,0.083457,1.324401,0.288915,-0.123116,0.065285
-3.263647,-0.247728,0.784206,0.035055,0.005840,0.845091,0.533440,0.386652,-0.082873,-0.162646,0.200015,-0.358736,-0.016530,-0.367883,-0.097694,-0.076391,0.218118,0.105534,0.213143,-0.225021,0.006052,0.092052,-0.220407,0.319738,-0.259006,0.947173,-0.027996,-0.281591,0.039649,0.192567,-0.232317,0.083164,1.338101,0.286298,-0.117640,0.068704
-3.271711,-0.216339,0.785118,0.027551,0.001126,0.846298,0.531996,0.383943,-0.060277,-0.170816,0.270176,-0.324669,-0.052681,-0.370261,-0.074296,-0.074537,0.285083,0.127814,0.186494,-0.235332,0.034804,0.084592,-0.194404,0.300580,-0.266704,0.984018,-0.033901,-0.267865,0.030235,0.176028,-0.239342,0.083179,1.337448,0.281262,-0.115649,0.065820
-3.278594,-0.185765,0.787942,0.018970,-0.006079,0.843210,0.537215,0.360993,-0.034463,-0.154506,0.373604,-0.260573,-0.104013,-0.358445,-0.036107,-0.070228,0.330611,0.109364,0.155331,-0.231885,0.069926,0.078514,-0.157432,0.278085,-0.277263,1.033188,-0.055075,-0.250959,0.002149,0.156660,-0.247636,0.085489,1.325443,0.285217,-0.115238,0.061390
-3.285620,-0.156201,0.792308,0.014211,-0.008684,0.840511,0.541538,0.309040,-0.019622,-0.122371,0.514326,-0.159952,-0.143548,-0.326228,-0.014837,-0.076410,0.343811,0.083078,0.124134,-0.224673,0.090514,0.072415,-0.124121,0.255103,-0.291694,1.094278,-0.066392,-0.230091,-0.031583,0.135935,-0.252274,0.086437,1.302149,0.292367,-0.117968,0.056427
-3.292289,-0.128036,0.796699,0.012737,-0.005790,0.841402,0.540228,0.223415,-0.001094,-0.071298,0.681262,-0.101711,-0.145092,-0.285412,-0.012797,-0.084593,0.341044,0.040934,0.101205,-0.222640,0.094643,0.065186,-0.097604,0.234703,-0.311680,1.154437,-0.066188,-0.203322,-0.058467,0.114821,-0.252615,0.085827,1.267128,0.308510,-0.128894,0.041272
-3.299410,-0.102169,0.800329,0.015224,-0.003798,0.843131,0.537478,0.125424,0.045860,0.013880,0.850124,-0.137084,-0.101931,-0.235691,-0.014823,-0.088115,0.332504,-0.001818,0.090226,-0.214711,0.095460,0.072086,-0.080251,0.217102,-0.333293,1.202714,-0.065352,-0.171310,-0.111257,0.086233,-0.258531,0.093422,1.226500,0.321301,-0.134507,0.037031
-3.305352,-0.077629,0.803985,0.020411,-0.002016,0.842566,0.538203,0.033953,0.096644,0.099243,0.978443,-0.192383,-0.054554,-0.183322,-0.014646,-0.082797,0.319509,-0.031394,0.080833,-0.193076,0.086354,0.089720,-0.064409,0.206253,-0.347112,1.235505,-0.067584,-0.145880,-0.153690,0.050514,-0.262390,0.109130,1.186002,0.331008,-0.141427,0.036421
-3.312302,-0.052619,0.807370,0.025718,-0.000749,0.840206,0.541657,-0.043169,0.122897,0.158189,1.042153,-0.235286,-0.028214,-0.125181,-0.013286,-0.073628,0.296869,-0.057159,0.076422,-0.163606,0.073688,0.107582,-0.037670,0.200933,-0.353507,1.249686,-0.043429,-0.124491,-0.160066,0.013921,-0.264968,0.129328,1.149845,0.333131,-0.154332,0.027674
-3.320630,-0.028881,0.809446,0.029923,0.001150,0.833865,0.551155,-0.114182,0.121804,0.199710,1.048684,-0.275813,-0.022587,-0.073060,-0.011634,-0.054728,0.273992,-0.079740,0.079786,-0.122285,0.062562,0.118729,-0.005050,0.197176,-0.348927,1.258447,-0.045156,-0.125290,-0.165206,-0.028345,-0.270572,0.151112,1.127549,0.328508,-0.162479,0.015181
-3.328154,-0.006581,0.810487,0.033139,0.002554,0.824719,0.564565,-0.178959,0.106839,0.226580,1.001303,-0.304387,-0.032073,-0.027318,-0.007295,-0.026229,0.252944,-0.097376,0.083161,-0.073384,0.051379,0.131674,0.032449,0.197073,-0.348021,1.253225,-0.058051,-0.144318,-0.149247,-0.080903,-0.274953,0.167132,1.116008,0.332249,-0.165188,0.002940
-3.336043,0.015828,0.810560,0.037461,0.001417,0.817064,0.575328,-0.225114,0.090640,0.242546,0.899711,-0.315195,-0.032157,0.028414,-0.003538,0.000916,0.225235,-0.113282,0.087815,-0.031719,0.044724,0.147096,0.076449,0.199062,-0.354937,1.234572,-0.044290,-0.152306,-0.123015,-0.129517,-0.283759,0.184481,1.105153,0.338155,-0.166325,-0.003291
-3.344767,0.038358,0.809416,0.041502,-0.000628,0.810849,0.583782,-0.258873,0.084515,0.263429,0.768740,-0.298643,-0.037564,0.088647,-0.002260,0.020623,0.192698,-0.129122,0.095057,0.001166,0.041771,0.161126,0.115777,0.197336,-0.347638,1.223598,-0.047588,-0.159003,-0.113585,-0.172108,-0.296548,0.200545,1.094307,0.331926,-0.167059,-0.001811
-3.353448,0.061030,0.806949,0.042411,-0.004533,0.807320,0.588570,-0.282272,0.091150,0.289790,0.615293,-0.261686,-0.050737,0.146805,0.002400,0.027786,0.161800,-0.146351,0.099397,0.023121,0.044808,0.174686,0.146680,0.193590,-0.343446,1.217462,-0.058692,-0.161759,-0.109269,-0.216106,-0.307953,0.213872,1.088994,0.325372,-0.174030,-0.006570
-3.362995,0.084178,0.803144,0.041654,-0.007850,0.805441,0.591158,-0.290582,0.094902,0.318620,0.437166,-0.206041,-0.052054,0.198460,0.005653,0.027304,0.140401,-0.167513,0.105428,0.037966,0.048858,0.181347,0.169933,0.186696,-0.339931,1.221425,-0.064498,-0.153775,-0.110447,-0.253200,-0.316862,0.226214,1.084784,0.322339,-0.180483,-0.022661
-3.372820,0.108110,0.798752,0.039360,-0.008121,0.802847,0.594829,-0.292221,0.088744,0.332849,0.256896,-0.136069,-0.050279,0.237153,0.005015,0.027199,0.133019,-0.192575,0.111846,0.051257,0.044323,0.180971,0.187456,0.178786,-0.320739,1.234624,-0.070937,-0.151958,-0.124034,-0.281735,-0.318738,0.228651,1.077410,0.318439,-0.183067,-0.029984
-3.382533,0.132286,0.794297,0.036978,-0.005518,0.798810,0.600420,-0.292124,0.076757,0.320302,0.110127,-0.104939,-0.037487,0.260296,-0.000089,0.037937,0.147866,-0.220702,0.119900,0.064098,0.031583,0.173499,0.203892,0.172594,-0.300495,1.251189,-0.080269,-0.153178,-0.144663,-0.301641,-0.314838,0.229288,1.074638,0.316659,-0.186202,-0.025967
-3.392908,0.156256,0.789951,0.037871,-0.003973,0.793635,0.607202,-0.284885,0.072384,0.310408,0.040745,-0.116952,-0.027818,0.279796,-0.009539,0.055017,0.184490,-0.248108,0.131393,0.079350,0.016743,0.173750,0.211706,0.169645,-0.294178,1.266677,-0.087494,-0.145903,-0.143483,-0.315868,-0.309234,0.228142,1.075381,0.322287,-0.187187,-0.025793
-3.404188,0.181300,0.786633,0.039626,-0.001815,0.789316,0.612705,-0.278550,0.072698,0.312692,0.054872,-0.113265,-0.022388,0.298490,-0.021279,0.075186,0.227591,-0.261745,0.142531,0.089590,-0.002411,0.171092,0.220917,0.168225,-0.289546,1.277874,-0.093843,-0.140271,-0.136758,-0.311960,-0.300297,0.227812,1.071860,0.322998,-0.189883,-0.031738
-3.417020,0.207767,0.785035,0.039712,0.003862,0.788564,0.613657,-0.281509,0.070978,0.335570,0.111179,-0.071964,-0.000631,0.308729,-0.035448,0.094300,0.276767,-0.254452,0.158347,0.088145,-0.027703,0.157768,0.223140,0.172241,-0.280660,1.287792,-0.095117,-0.136788,-0.151737,-0.287990,-0.287907,0.234624,1.059687,0.321523,-0.192566,-0.032943
-3.431141,0.234845,0.785475,0.039069,0.011198,0.790426,0.611208,-0.289988,0.055573,0.333112,0.172152,-0.039888,0.009179,0.302239,-0.048796,0.112002,0.353832,-0.227431,0.182087,0.082316,-0.056557,0.143836,0.204464,0.187297,-0.281835,1.300527,-0.075969,-0.133366,-0.159870,-0.255934,-0.270307,0.231895,1.047348,0.322541,-0.192074,-0.032046
-3.446007,0.261672,0.787749,0.037319,0.018119,0.794288,0.606123,-0.290688,0.030816,0.307161,0.216035,-0.040101,0.020420,0.271330,-0.058658,0.116940,0.467045,-0.163590,0.215232,0.070863,-0.084924,0.127749,0.179492,0.204748,-0.277923,1.312787,-0.051780,-0.134394,-0.160206,-0.217437,-0.246824,0.219457,1.048658,0.304903,-0.189541,-0.028175
-3.460581,0.287800,0.791358,0.033323,0.020734,0.800623,0.597881,-0.273416,0.012036,0.287375,0.232278,-0.048455,0.037479,0.219791,-0.054774,0.102882,0.603150,-0.052497,0.248187,0.052556,-0.099916,0.114255,0.150020,0.219838,-0.270056,1.316357,-0.050744,-0.141927,-0.155048,-0.174367,-0.225264,0.212212,1.055202,0.302930,-0.185879,-0.019232
-3.474548,0.312479,0.794987,0.031022,0.020269,0.807745,0.588366,-0.237474,-0.009121,0.259953,0.224632,-0.062201,0.043296,0.149734,-0.053967,0.079547,0.754868,0.030526,0.261390,0.030084,-0.105775,0.109098,0.117036,0.235518,-0.271069,1.307085,-0.052171,-0.149104,-0.145399,-0.132808,-0.209572,0.210497,1.065227,0.316342,-0.178545,-0.004285
-3.487746,0.334957,0.798167,0.033106,0.019578,0.814401,0.579027,-0.185884,-0.034503,0.234352,0.198862,-0.085977,0.055139,0.064807,-0.053947,0.073585,0.904674,0.027499,0.259095,0.003450,-0.112964,0.116449,0.077332,0.252511,-0.269980,1.288773,-0.049813,-0.155724,-0.127891,-0.105021,-0.196874,0.213036,1.089110,0.317621,-0.169127,0.015389
-3.499120,0.356232,0.801878,0.034066,0.015620,0.821715,0.568664,-0.134831,-0.048574,0.205360,0.176292,-0.113748,0.068825,-0.021552,-0.041208,0.070420,1.012709,0.005230,0.247550,-0.026200,-0.111759,0.127358,0.024945,0.271415,-0.275684,1.276246,-0.043247,-0.154822,-0.119246,-0.087236,-0.181765,0.210593,1.127086,0.319992,-0.158946,0.037219
-3.510393,0.377862,0.805918,0.034658,0.008722,0.830402,0.556017,-0.082668,-0.054273,0.169319,0.157110,-0.134346,0.076084,-0.094069,-0.018093,0.063863,1.060505,0.004656,0.241587,-0.058931,-0.109270,0.129897,-0.027582,0.291828,-0.301440,1.278599,-0.008542,-0.149676,-0.076901,-0.066222,-0.160877,0.202590,1.177971,0.321588,-0.151937,0.036197
-3.522486,0.400843,0.808948,0.038516,0.002922,0.839387,0.542160,-0.023769,-0.064103,0.130125,0.139203,-0.153999,0.075173,-0.145315,0.029471,0.091879,1.056673,-0.007817,0.252287,-0.090067,-0.107090,0.134146,-0.071152,0.304470,-0.315093,1.266220,0.016419,-0.147043,-0.033919,-0.035793,-0.148178,0.192597,1.216176,0.322475,-0.142053,0.029951
-3.533587,0.424287,0.810781,0.044712,-0.005727,0.842660,0.536555,0.050072,-0.063206,0.108098,0.114315,-0.176288,0.067185,-0.186903,0.078051,0.129649,1.015709,-0.036678,0.240866,-0.104487,-0.093486,0.156136,-0.120340,0.317897,-0.341122,1.240819,0.019068,-0.150541,-0.039031,-0.016033,-0.147929,0.191262,1.247616,0.334962,-0.138330,0.036209
-3.545264,0.444742,0.811137,0.048065,-0.012278,0.851327,0.522285,0.100569,-0.063175,0.075549,0.104973,-0.198657,0.062641,-0.234681,0.078665,0.122733,0.951088,-0.064766,0.216886,-0.140419,-0.080621,0.170637,-0.169992,0.330336,-0.377062,1.216350,0.031280,-0.155909,-0.031759,0.002529,-0.150604,0.189670,1.276359,0.333954,-0.139114,0.045039
-3.556868,0.464132,0.809988,0.049588,-0.012060,0.863239,0.502210,0.127363,-0.073282,0.035527,0.114598,-0.225992,0.060530,-0.279609,0.045837,0.094902,0.861153,-0.070010,0.203609,-0.185450,-0.078935,0.168801,-0.201917,0.337963,-0.384395,1.178210,0.043113,-0.165597,-0.014586,0.036646,-0.151579,0.186636,1.285675,0.320483,-0.136560,0.055522
-3.566367,0.485239,0.807920,0.051012,-0.010742,0.868483,0.492970,0.164780,-0.077604,0.009654,0.108052,-0.244758,0.056798,-0.308864,0.019264,0.077686,0.729920,-0.043308,0.191376,-0.206698,-0.081214,0.170032,-0.231091,0.350743,-0.376823,1.135942,0.051894,-0.181761,-0.009999,0.062924,-0.148208,0.184973,1.290041,0.313942,-0.138660,0.065407
-3.576725,0.507958,0.804610,0.052207,-0.007129,0.872009,0.486646,0.208139,-0.083300,-0.008608,0.090044,-0.263620,0.055663,-0.323092,-0.006879,0.060875,0.577109,-0.006540,0.190776,-0.215598,-0.083193,0.169348,-0.259728,0.356354,-0.354751,1.097213,0.074213,-0.191962,-0.014233,0.086330,-0.138840,0.143286,1.295481,0.287155,-0.140165,0.060709
-3.588258,0.532451,0.799935,0.056086,-0.003542,0.871300,0.487522,0.264329,-0.089581,-0.006341,0.070369,-0.296850,0.052911,-0.323838,-0.024296,0.058184,0.434831,0.025056,0.190894,-0.207358,-0.084682,0.170323,-0.277808,0.355378,-0.328009,1.060666,0.086999,-0.209825,-0.008281,0.103338,-0.133217,0.106548,1.304873,0.264388,-0.138390,0.047949
